ISO-10303-21;
HEADER;
FILE_DESCRIPTION(('FreeCAD Model'),'2;1');
FILE_NAME('Open CASCADE Shape Model','2025-05-01T02:55:32',(
    'kicad StepUp'),('ksu MCAD'),'Open CASCADE STEP processor 7.7',
  'FreeCAD','Unknown');
FILE_SCHEMA(('AUTOMOTIVE_DESIGN { 1 0 10303 214 1 1 1 1 }'));
ENDSEC;
DATA;
#1 = APPLICATION_PROTOCOL_DEFINITION('international standard',
  'automotive_design',2000,#2);
#2 = APPLICATION_CONTEXT(
  'core data for automotive mechanical design processes');
#3 = SHAPE_DEFINITION_REPRESENTATION(#4,#10);
#4 = PRODUCT_DEFINITION_SHAPE('','',#5);
#5 = PRODUCT_DEFINITION('design','',#6,#9);
#6 = PRODUCT_DEFINITION_FORMATION('','',#7);
#7 = PRODUCT('Compound','Compound','',(#8));
#8 = PRODUCT_CONTEXT('',#2,'mechanical');
#9 = PRODUCT_DEFINITION_CONTEXT('part definition',#2,'design');
#10 = SHAPE_REPRESENTATION('',(#11,#15,#142,#269,#493,#787,#1081,#1208,
    #1335,#1559,#1853,#2147,#2441,#2735,#2827,#2919,#3011,#3206,#3214,
    #3222,#3230,#3238,#3253,#3275,#3306,#3337,#3368,#3399,#3430,#3461,
    #3492,#3523,#3554,#3583,#3614,#3645,#3676,#3707,#3736,#3745,#3776,
    #3807,#3838,#3869,#3878),#3887);
#11 = AXIS2_PLACEMENT_3D('',#12,#13,#14);
#12 = CARTESIAN_POINT('',(0.,0.,0.));
#13 = DIRECTION('',(0.,0.,1.));
#14 = DIRECTION('',(1.,0.,-0.));
#15 = MANIFOLD_SOLID_BREP('',#16);
#16 = CLOSED_SHELL('',(#17,#50,#92,#116,#129));
#17 = ADVANCED_FACE('',(#18),#45,.T.);
#18 = FACE_BOUND('',#19,.F.);
#19 = EDGE_LOOP('',(#20,#30,#37,#38));
#20 = ORIENTED_EDGE('',*,*,#21,.T.);
#21 = EDGE_CURVE('',#22,#24,#26,.T.);
#22 = VERTEX_POINT('',#23);
#23 = CARTESIAN_POINT('',(9.992007221626E-17,-4.1,-1.E-02));
#24 = VERTEX_POINT('',#25);
#25 = CARTESIAN_POINT('',(9.992007221626E-17,-4.1,0.));
#26 = LINE('',#27,#28);
#27 = CARTESIAN_POINT('',(9.992007221626E-17,-4.1,-1.E-02));
#28 = VECTOR('',#29,1.);
#29 = DIRECTION('',(0.,0.,1.));
#30 = ORIENTED_EDGE('',*,*,#31,.T.);
#31 = EDGE_CURVE('',#24,#24,#32,.T.);
#32 = CIRCLE('',#33,0.9);
#33 = AXIS2_PLACEMENT_3D('',#34,#35,#36);
#34 = CARTESIAN_POINT('',(0.,-5.,0.));
#35 = DIRECTION('',(0.,-0.,1.));
#36 = DIRECTION('',(1.110223024625E-16,1.,0.));
#37 = ORIENTED_EDGE('',*,*,#21,.F.);
#38 = ORIENTED_EDGE('',*,*,#39,.F.);
#39 = EDGE_CURVE('',#22,#22,#40,.T.);
#40 = CIRCLE('',#41,0.9);
#41 = AXIS2_PLACEMENT_3D('',#42,#43,#44);
#42 = CARTESIAN_POINT('',(0.,-5.,-1.E-02));
#43 = DIRECTION('',(0.,-0.,1.));
#44 = DIRECTION('',(1.110223024625E-16,1.,0.));
#45 = CYLINDRICAL_SURFACE('',#46,0.9);
#46 = AXIS2_PLACEMENT_3D('',#47,#48,#49);
#47 = CARTESIAN_POINT('',(0.,-5.,-1.E-02));
#48 = DIRECTION('',(0.,0.,-1.));
#49 = DIRECTION('',(1.110223024625E-16,1.,0.));
#50 = ADVANCED_FACE('',(#51),#87,.F.);
#51 = FACE_BOUND('',#52,.F.);
#52 = EDGE_LOOP('',(#53,#63,#72,#80));
#53 = ORIENTED_EDGE('',*,*,#54,.T.);
#54 = EDGE_CURVE('',#55,#57,#59,.T.);
#55 = VERTEX_POINT('',#56);
#56 = CARTESIAN_POINT('',(-6.409875621279E-17,-4.50005,-1.E-02));
#57 = VERTEX_POINT('',#58);
#58 = CARTESIAN_POINT('',(-6.409875621279E-17,-4.50005,0.));
#59 = LINE('',#60,#61);
#60 = CARTESIAN_POINT('',(-6.409875621279E-17,-4.50005,-1.E-02));
#61 = VECTOR('',#62,1.);
#62 = DIRECTION('',(0.,0.,1.));
#63 = ORIENTED_EDGE('',*,*,#64,.T.);
#64 = EDGE_CURVE('',#57,#65,#67,.T.);
#65 = VERTEX_POINT('',#66);
#66 = CARTESIAN_POINT('',(-6.409875621279E-17,-5.49995,0.));
#67 = CIRCLE('',#68,0.49995);
#68 = AXIS2_PLACEMENT_3D('',#69,#70,#71);
#69 = CARTESIAN_POINT('',(-6.409875621279E-17,-5.,0.));
#70 = DIRECTION('',(0.,0.,-1.));
#71 = DIRECTION('',(-1.,0.,0.));
#72 = ORIENTED_EDGE('',*,*,#73,.F.);
#73 = EDGE_CURVE('',#74,#65,#76,.T.);
#74 = VERTEX_POINT('',#75);
#75 = CARTESIAN_POINT('',(-6.409875621279E-17,-5.49995,-1.E-02));
#76 = LINE('',#77,#78);
#77 = CARTESIAN_POINT('',(-6.409875621279E-17,-5.49995,-1.E-02));
#78 = VECTOR('',#79,1.);
#79 = DIRECTION('',(0.,0.,1.));
#80 = ORIENTED_EDGE('',*,*,#81,.F.);
#81 = EDGE_CURVE('',#55,#74,#82,.T.);
#82 = CIRCLE('',#83,0.49995);
#83 = AXIS2_PLACEMENT_3D('',#84,#85,#86);
#84 = CARTESIAN_POINT('',(-6.409875621279E-17,-5.,-1.E-02));
#85 = DIRECTION('',(0.,0.,-1.));
#86 = DIRECTION('',(-1.,0.,0.));
#87 = CYLINDRICAL_SURFACE('',#88,0.49995);
#88 = AXIS2_PLACEMENT_3D('',#89,#90,#91);
#89 = CARTESIAN_POINT('',(-6.409875621279E-17,-5.,-1.E-02));
#90 = DIRECTION('',(0.,0.,-1.));
#91 = DIRECTION('',(-1.,0.,0.));
#92 = ADVANCED_FACE('',(#93),#111,.F.);
#93 = FACE_BOUND('',#94,.F.);
#94 = EDGE_LOOP('',(#95,#96,#103,#104));
#95 = ORIENTED_EDGE('',*,*,#73,.T.);
#96 = ORIENTED_EDGE('',*,*,#97,.T.);
#97 = EDGE_CURVE('',#65,#57,#98,.T.);
#98 = CIRCLE('',#99,0.49995);
#99 = AXIS2_PLACEMENT_3D('',#100,#101,#102);
#100 = CARTESIAN_POINT('',(-8.947659576542E-15,-5.,0.));
#101 = DIRECTION('',(0.,0.,-1.));
#102 = DIRECTION('',(-1.,0.,0.));
#103 = ORIENTED_EDGE('',*,*,#54,.F.);
#104 = ORIENTED_EDGE('',*,*,#105,.F.);
#105 = EDGE_CURVE('',#74,#55,#106,.T.);
#106 = CIRCLE('',#107,0.49995);
#107 = AXIS2_PLACEMENT_3D('',#108,#109,#110);
#108 = CARTESIAN_POINT('',(-8.947659576542E-15,-5.,-1.E-02));
#109 = DIRECTION('',(0.,0.,-1.));
#110 = DIRECTION('',(-1.,0.,0.));
#111 = CYLINDRICAL_SURFACE('',#112,0.49995);
#112 = AXIS2_PLACEMENT_3D('',#113,#114,#115);
#113 = CARTESIAN_POINT('',(-8.947659576542E-15,-5.,-1.E-02));
#114 = DIRECTION('',(0.,0.,-1.));
#115 = DIRECTION('',(-1.,0.,0.));
#116 = ADVANCED_FACE('',(#117,#120),#124,.F.);
#117 = FACE_BOUND('',#118,.F.);
#118 = EDGE_LOOP('',(#119));
#119 = ORIENTED_EDGE('',*,*,#39,.T.);
#120 = FACE_BOUND('',#121,.F.);
#121 = EDGE_LOOP('',(#122,#123));
#122 = ORIENTED_EDGE('',*,*,#81,.T.);
#123 = ORIENTED_EDGE('',*,*,#105,.T.);
#124 = PLANE('',#125);
#125 = AXIS2_PLACEMENT_3D('',#126,#127,#128);
#126 = CARTESIAN_POINT('',(-4.156837097144E-17,-5.,-1.E-02));
#127 = DIRECTION('',(0.,0.,1.));
#128 = DIRECTION('',(1.,0.,0.));
#129 = ADVANCED_FACE('',(#130,#133),#137,.T.);
#130 = FACE_BOUND('',#131,.T.);
#131 = EDGE_LOOP('',(#132));
#132 = ORIENTED_EDGE('',*,*,#31,.T.);
#133 = FACE_BOUND('',#134,.T.);
#134 = EDGE_LOOP('',(#135,#136));
#135 = ORIENTED_EDGE('',*,*,#64,.T.);
#136 = ORIENTED_EDGE('',*,*,#97,.T.);
#137 = PLANE('',#138);
#138 = AXIS2_PLACEMENT_3D('',#139,#140,#141);
#139 = CARTESIAN_POINT('',(-4.156837097144E-17,-5.,0.));
#140 = DIRECTION('',(0.,0.,1.));
#141 = DIRECTION('',(1.,0.,0.));
#142 = MANIFOLD_SOLID_BREP('',#143);
#143 = CLOSED_SHELL('',(#144,#177,#219,#243,#256));
#144 = ADVANCED_FACE('',(#145),#172,.T.);
#145 = FACE_BOUND('',#146,.F.);
#146 = EDGE_LOOP('',(#147,#157,#164,#165));
#147 = ORIENTED_EDGE('',*,*,#148,.T.);
#148 = EDGE_CURVE('',#149,#151,#153,.T.);
#149 = VERTEX_POINT('',#150);
#150 = CARTESIAN_POINT('',(9.992007221626E-17,-1.6,-1.E-02));
#151 = VERTEX_POINT('',#152);
#152 = CARTESIAN_POINT('',(9.992007221626E-17,-1.6,0.));
#153 = LINE('',#154,#155);
#154 = CARTESIAN_POINT('',(9.992007221626E-17,-1.6,-1.E-02));
#155 = VECTOR('',#156,1.);
#156 = DIRECTION('',(0.,0.,1.));
#157 = ORIENTED_EDGE('',*,*,#158,.T.);
#158 = EDGE_CURVE('',#151,#151,#159,.T.);
#159 = CIRCLE('',#160,0.9);
#160 = AXIS2_PLACEMENT_3D('',#161,#162,#163);
#161 = CARTESIAN_POINT('',(0.,-2.5,0.));
#162 = DIRECTION('',(0.,-0.,1.));
#163 = DIRECTION('',(1.110223024625E-16,1.,0.));
#164 = ORIENTED_EDGE('',*,*,#148,.F.);
#165 = ORIENTED_EDGE('',*,*,#166,.F.);
#166 = EDGE_CURVE('',#149,#149,#167,.T.);
#167 = CIRCLE('',#168,0.9);
#168 = AXIS2_PLACEMENT_3D('',#169,#170,#171);
#169 = CARTESIAN_POINT('',(0.,-2.5,-1.E-02));
#170 = DIRECTION('',(0.,-0.,1.));
#171 = DIRECTION('',(1.110223024625E-16,1.,0.));
#172 = CYLINDRICAL_SURFACE('',#173,0.9);
#173 = AXIS2_PLACEMENT_3D('',#174,#175,#176);
#174 = CARTESIAN_POINT('',(0.,-2.5,-1.E-02));
#175 = DIRECTION('',(0.,0.,-1.));
#176 = DIRECTION('',(1.110223024625E-16,1.,0.));
#177 = ADVANCED_FACE('',(#178),#214,.F.);
#178 = FACE_BOUND('',#179,.F.);
#179 = EDGE_LOOP('',(#180,#190,#199,#207));
#180 = ORIENTED_EDGE('',*,*,#181,.T.);
#181 = EDGE_CURVE('',#182,#184,#186,.T.);
#182 = VERTEX_POINT('',#183);
#183 = CARTESIAN_POINT('',(-6.409875621279E-17,-2.00005,-1.E-02));
#184 = VERTEX_POINT('',#185);
#185 = CARTESIAN_POINT('',(-6.409875621279E-17,-2.00005,0.));
#186 = LINE('',#187,#188);
#187 = CARTESIAN_POINT('',(-6.409875621279E-17,-2.00005,-1.E-02));
#188 = VECTOR('',#189,1.);
#189 = DIRECTION('',(0.,0.,1.));
#190 = ORIENTED_EDGE('',*,*,#191,.T.);
#191 = EDGE_CURVE('',#184,#192,#194,.T.);
#192 = VERTEX_POINT('',#193);
#193 = CARTESIAN_POINT('',(-6.409875621279E-17,-2.99995,0.));
#194 = CIRCLE('',#195,0.49995);
#195 = AXIS2_PLACEMENT_3D('',#196,#197,#198);
#196 = CARTESIAN_POINT('',(-6.409875621279E-17,-2.5,0.));
#197 = DIRECTION('',(0.,0.,-1.));
#198 = DIRECTION('',(-1.,0.,0.));
#199 = ORIENTED_EDGE('',*,*,#200,.F.);
#200 = EDGE_CURVE('',#201,#192,#203,.T.);
#201 = VERTEX_POINT('',#202);
#202 = CARTESIAN_POINT('',(-6.409875621279E-17,-2.99995,-1.E-02));
#203 = LINE('',#204,#205);
#204 = CARTESIAN_POINT('',(-6.409875621279E-17,-2.99995,-1.E-02));
#205 = VECTOR('',#206,1.);
#206 = DIRECTION('',(0.,0.,1.));
#207 = ORIENTED_EDGE('',*,*,#208,.F.);
#208 = EDGE_CURVE('',#182,#201,#209,.T.);
#209 = CIRCLE('',#210,0.49995);
#210 = AXIS2_PLACEMENT_3D('',#211,#212,#213);
#211 = CARTESIAN_POINT('',(-6.409875621279E-17,-2.5,-1.E-02));
#212 = DIRECTION('',(0.,0.,-1.));
#213 = DIRECTION('',(-1.,0.,0.));
#214 = CYLINDRICAL_SURFACE('',#215,0.49995);
#215 = AXIS2_PLACEMENT_3D('',#216,#217,#218);
#216 = CARTESIAN_POINT('',(-6.409875621279E-17,-2.5,-1.E-02));
#217 = DIRECTION('',(0.,0.,-1.));
#218 = DIRECTION('',(-1.,0.,0.));
#219 = ADVANCED_FACE('',(#220),#238,.F.);
#220 = FACE_BOUND('',#221,.F.);
#221 = EDGE_LOOP('',(#222,#223,#230,#231));
#222 = ORIENTED_EDGE('',*,*,#200,.T.);
#223 = ORIENTED_EDGE('',*,*,#224,.T.);
#224 = EDGE_CURVE('',#192,#184,#225,.T.);
#225 = CIRCLE('',#226,0.49995);
#226 = AXIS2_PLACEMENT_3D('',#227,#228,#229);
#227 = CARTESIAN_POINT('',(-1.028019369959E-14,-2.5,0.));
#228 = DIRECTION('',(0.,0.,-1.));
#229 = DIRECTION('',(-1.,0.,0.));
#230 = ORIENTED_EDGE('',*,*,#181,.F.);
#231 = ORIENTED_EDGE('',*,*,#232,.F.);
#232 = EDGE_CURVE('',#201,#182,#233,.T.);
#233 = CIRCLE('',#234,0.49995);
#234 = AXIS2_PLACEMENT_3D('',#235,#236,#237);
#235 = CARTESIAN_POINT('',(-1.028019369959E-14,-2.5,-1.E-02));
#236 = DIRECTION('',(0.,0.,-1.));
#237 = DIRECTION('',(-1.,0.,0.));
#238 = CYLINDRICAL_SURFACE('',#239,0.49995);
#239 = AXIS2_PLACEMENT_3D('',#240,#241,#242);
#240 = CARTESIAN_POINT('',(-1.028019369959E-14,-2.5,-1.E-02));
#241 = DIRECTION('',(0.,0.,-1.));
#242 = DIRECTION('',(-1.,0.,0.));
#243 = ADVANCED_FACE('',(#244,#247),#251,.F.);
#244 = FACE_BOUND('',#245,.F.);
#245 = EDGE_LOOP('',(#246));
#246 = ORIENTED_EDGE('',*,*,#166,.T.);
#247 = FACE_BOUND('',#248,.F.);
#248 = EDGE_LOOP('',(#249,#250));
#249 = ORIENTED_EDGE('',*,*,#208,.T.);
#250 = ORIENTED_EDGE('',*,*,#232,.T.);
#251 = PLANE('',#252);
#252 = AXIS2_PLACEMENT_3D('',#253,#254,#255);
#253 = CARTESIAN_POINT('',(-4.156837097144E-17,-2.5,-1.E-02));
#254 = DIRECTION('',(0.,0.,1.));
#255 = DIRECTION('',(1.,0.,0.));
#256 = ADVANCED_FACE('',(#257,#260),#264,.T.);
#257 = FACE_BOUND('',#258,.T.);
#258 = EDGE_LOOP('',(#259));
#259 = ORIENTED_EDGE('',*,*,#158,.T.);
#260 = FACE_BOUND('',#261,.T.);
#261 = EDGE_LOOP('',(#262,#263));
#262 = ORIENTED_EDGE('',*,*,#191,.T.);
#263 = ORIENTED_EDGE('',*,*,#224,.T.);
#264 = PLANE('',#265);
#265 = AXIS2_PLACEMENT_3D('',#266,#267,#268);
#266 = CARTESIAN_POINT('',(-4.156837097144E-17,-2.5,0.));
#267 = DIRECTION('',(0.,0.,1.));
#268 = DIRECTION('',(1.,0.,0.));
#269 = MANIFOLD_SOLID_BREP('',#270);
#270 = CLOSED_SHELL('',(#271,#311,#342,#373,#395,#437,#461,#477));
#271 = ADVANCED_FACE('',(#272),#306,.F.);
#272 = FACE_BOUND('',#273,.F.);
#273 = EDGE_LOOP('',(#274,#284,#292,#300));
#274 = ORIENTED_EDGE('',*,*,#275,.T.);
#275 = EDGE_CURVE('',#276,#278,#280,.T.);
#276 = VERTEX_POINT('',#277);
#277 = CARTESIAN_POINT('',(0.9,-0.9,-1.E-02));
#278 = VERTEX_POINT('',#279);
#279 = CARTESIAN_POINT('',(0.9,-0.9,0.));
#280 = LINE('',#281,#282);
#281 = CARTESIAN_POINT('',(0.9,-0.9,-1.E-02));
#282 = VECTOR('',#283,1.);
#283 = DIRECTION('',(0.,0.,1.));
#284 = ORIENTED_EDGE('',*,*,#285,.T.);
#285 = EDGE_CURVE('',#278,#286,#288,.T.);
#286 = VERTEX_POINT('',#287);
#287 = CARTESIAN_POINT('',(0.9,0.9,0.));
#288 = LINE('',#289,#290);
#289 = CARTESIAN_POINT('',(0.9,-0.9,0.));
#290 = VECTOR('',#291,1.);
#291 = DIRECTION('',(1.110223024625E-16,1.,0.));
#292 = ORIENTED_EDGE('',*,*,#293,.F.);
#293 = EDGE_CURVE('',#294,#286,#296,.T.);
#294 = VERTEX_POINT('',#295);
#295 = CARTESIAN_POINT('',(0.9,0.9,-1.E-02));
#296 = LINE('',#297,#298);
#297 = CARTESIAN_POINT('',(0.9,0.9,-1.E-02));
#298 = VECTOR('',#299,1.);
#299 = DIRECTION('',(0.,0.,1.));
#300 = ORIENTED_EDGE('',*,*,#301,.F.);
#301 = EDGE_CURVE('',#276,#294,#302,.T.);
#302 = LINE('',#303,#304);
#303 = CARTESIAN_POINT('',(0.9,-0.9,-1.E-02));
#304 = VECTOR('',#305,1.);
#305 = DIRECTION('',(1.110223024625E-16,1.,0.));
#306 = PLANE('',#307);
#307 = AXIS2_PLACEMENT_3D('',#308,#309,#310);
#308 = CARTESIAN_POINT('',(0.9,-0.9,-1.E-02));
#309 = DIRECTION('',(-1.,1.110223024625E-16,0.));
#310 = DIRECTION('',(1.110223024625E-16,1.,0.));
#311 = ADVANCED_FACE('',(#312),#337,.F.);
#312 = FACE_BOUND('',#313,.F.);
#313 = EDGE_LOOP('',(#314,#324,#330,#331));
#314 = ORIENTED_EDGE('',*,*,#315,.T.);
#315 = EDGE_CURVE('',#316,#318,#320,.T.);
#316 = VERTEX_POINT('',#317);
#317 = CARTESIAN_POINT('',(-0.9,-0.9,-1.E-02));
#318 = VERTEX_POINT('',#319);
#319 = CARTESIAN_POINT('',(-0.9,-0.9,0.));
#320 = LINE('',#321,#322);
#321 = CARTESIAN_POINT('',(-0.9,-0.9,-1.E-02));
#322 = VECTOR('',#323,1.);
#323 = DIRECTION('',(0.,0.,1.));
#324 = ORIENTED_EDGE('',*,*,#325,.T.);
#325 = EDGE_CURVE('',#318,#278,#326,.T.);
#326 = LINE('',#327,#328);
#327 = CARTESIAN_POINT('',(-0.9,-0.9,0.));
#328 = VECTOR('',#329,1.);
#329 = DIRECTION('',(1.,-1.110223024625E-16,0.));
#330 = ORIENTED_EDGE('',*,*,#275,.F.);
#331 = ORIENTED_EDGE('',*,*,#332,.F.);
#332 = EDGE_CURVE('',#316,#276,#333,.T.);
#333 = LINE('',#334,#335);
#334 = CARTESIAN_POINT('',(-0.9,-0.9,-1.E-02));
#335 = VECTOR('',#336,1.);
#336 = DIRECTION('',(1.,-1.110223024625E-16,0.));
#337 = PLANE('',#338);
#338 = AXIS2_PLACEMENT_3D('',#339,#340,#341);
#339 = CARTESIAN_POINT('',(-0.9,-0.9,-1.E-02));
#340 = DIRECTION('',(1.110223024625E-16,1.,0.));
#341 = DIRECTION('',(1.,-1.110223024625E-16,0.));
#342 = ADVANCED_FACE('',(#343),#368,.F.);
#343 = FACE_BOUND('',#344,.F.);
#344 = EDGE_LOOP('',(#345,#346,#354,#362));
#345 = ORIENTED_EDGE('',*,*,#293,.T.);
#346 = ORIENTED_EDGE('',*,*,#347,.T.);
#347 = EDGE_CURVE('',#286,#348,#350,.T.);
#348 = VERTEX_POINT('',#349);
#349 = CARTESIAN_POINT('',(-0.9,0.9,0.));
#350 = LINE('',#351,#352);
#351 = CARTESIAN_POINT('',(0.9,0.9,0.));
#352 = VECTOR('',#353,1.);
#353 = DIRECTION('',(-1.,1.110223024625E-16,0.));
#354 = ORIENTED_EDGE('',*,*,#355,.F.);
#355 = EDGE_CURVE('',#356,#348,#358,.T.);
#356 = VERTEX_POINT('',#357);
#357 = CARTESIAN_POINT('',(-0.9,0.9,-1.E-02));
#358 = LINE('',#359,#360);
#359 = CARTESIAN_POINT('',(-0.9,0.9,-1.E-02));
#360 = VECTOR('',#361,1.);
#361 = DIRECTION('',(0.,0.,1.));
#362 = ORIENTED_EDGE('',*,*,#363,.F.);
#363 = EDGE_CURVE('',#294,#356,#364,.T.);
#364 = LINE('',#365,#366);
#365 = CARTESIAN_POINT('',(0.9,0.9,-1.E-02));
#366 = VECTOR('',#367,1.);
#367 = DIRECTION('',(-1.,1.110223024625E-16,0.));
#368 = PLANE('',#369);
#369 = AXIS2_PLACEMENT_3D('',#370,#371,#372);
#370 = CARTESIAN_POINT('',(0.9,0.9,-1.E-02));
#371 = DIRECTION('',(-1.110223024625E-16,-1.,0.));
#372 = DIRECTION('',(-1.,1.110223024625E-16,0.));
#373 = ADVANCED_FACE('',(#374),#390,.F.);
#374 = FACE_BOUND('',#375,.F.);
#375 = EDGE_LOOP('',(#376,#377,#383,#384));
#376 = ORIENTED_EDGE('',*,*,#355,.T.);
#377 = ORIENTED_EDGE('',*,*,#378,.T.);
#378 = EDGE_CURVE('',#348,#318,#379,.T.);
#379 = LINE('',#380,#381);
#380 = CARTESIAN_POINT('',(-0.9,0.9,0.));
#381 = VECTOR('',#382,1.);
#382 = DIRECTION('',(-1.110223024625E-16,-1.,0.));
#383 = ORIENTED_EDGE('',*,*,#315,.F.);
#384 = ORIENTED_EDGE('',*,*,#385,.F.);
#385 = EDGE_CURVE('',#356,#316,#386,.T.);
#386 = LINE('',#387,#388);
#387 = CARTESIAN_POINT('',(-0.9,0.9,-1.E-02));
#388 = VECTOR('',#389,1.);
#389 = DIRECTION('',(-1.110223024625E-16,-1.,0.));
#390 = PLANE('',#391);
#391 = AXIS2_PLACEMENT_3D('',#392,#393,#394);
#392 = CARTESIAN_POINT('',(-0.9,0.9,-1.E-02));
#393 = DIRECTION('',(1.,-1.110223024625E-16,0.));
#394 = DIRECTION('',(-1.110223024625E-16,-1.,0.));
#395 = ADVANCED_FACE('',(#396),#432,.F.);
#396 = FACE_BOUND('',#397,.F.);
#397 = EDGE_LOOP('',(#398,#408,#417,#425));
#398 = ORIENTED_EDGE('',*,*,#399,.T.);
#399 = EDGE_CURVE('',#400,#402,#404,.T.);
#400 = VERTEX_POINT('',#401);
#401 = CARTESIAN_POINT('',(-6.409875621279E-17,0.4999499,-1.E-02));
#402 = VERTEX_POINT('',#403);
#403 = CARTESIAN_POINT('',(-6.409875621279E-17,0.4999499,0.));
#404 = LINE('',#405,#406);
#405 = CARTESIAN_POINT('',(-6.409875621279E-17,0.4999499,-1.E-02));
#406 = VECTOR('',#407,1.);
#407 = DIRECTION('',(0.,0.,1.));
#408 = ORIENTED_EDGE('',*,*,#409,.T.);
#409 = EDGE_CURVE('',#402,#410,#412,.T.);
#410 = VERTEX_POINT('',#411);
#411 = CARTESIAN_POINT('',(-6.409875621279E-17,-0.49995,0.));
#412 = CIRCLE('',#413,0.49994995);
#413 = AXIS2_PLACEMENT_3D('',#414,#415,#416);
#414 = CARTESIAN_POINT('',(4.999999994092E-08,-4.999999991765E-08,0.));
#415 = DIRECTION('',(0.,0.,-1.));
#416 = DIRECTION('',(-1.,0.,0.));
#417 = ORIENTED_EDGE('',*,*,#418,.F.);
#418 = EDGE_CURVE('',#419,#410,#421,.T.);
#419 = VERTEX_POINT('',#420);
#420 = CARTESIAN_POINT('',(-6.409875621279E-17,-0.49995,-1.E-02));
#421 = LINE('',#422,#423);
#422 = CARTESIAN_POINT('',(-6.409875621279E-17,-0.49995,-1.E-02));
#423 = VECTOR('',#424,1.);
#424 = DIRECTION('',(0.,0.,1.));
#425 = ORIENTED_EDGE('',*,*,#426,.F.);
#426 = EDGE_CURVE('',#400,#419,#427,.T.);
#427 = CIRCLE('',#428,0.49994995);
#428 = AXIS2_PLACEMENT_3D('',#429,#430,#431);
#429 = CARTESIAN_POINT('',(4.999999994092E-08,-4.999999991765E-08,
    -1.E-02));
#430 = DIRECTION('',(0.,0.,-1.));
#431 = DIRECTION('',(-1.,0.,0.));
#432 = CYLINDRICAL_SURFACE('',#433,0.49994995);
#433 = AXIS2_PLACEMENT_3D('',#434,#435,#436);
#434 = CARTESIAN_POINT('',(4.999999994092E-08,-4.999999991765E-08,
    -1.E-02));
#435 = DIRECTION('',(0.,0.,-1.));
#436 = DIRECTION('',(-1.,0.,0.));
#437 = ADVANCED_FACE('',(#438),#456,.F.);
#438 = FACE_BOUND('',#439,.F.);
#439 = EDGE_LOOP('',(#440,#441,#448,#449));
#440 = ORIENTED_EDGE('',*,*,#418,.T.);
#441 = ORIENTED_EDGE('',*,*,#442,.T.);
#442 = EDGE_CURVE('',#410,#402,#443,.T.);
#443 = CIRCLE('',#444,0.49994995);
#444 = AXIS2_PLACEMENT_3D('',#445,#446,#447);
#445 = CARTESIAN_POINT('',(4.999999994092E-08,-4.999999991765E-08,0.));
#446 = DIRECTION('',(0.,0.,-1.));
#447 = DIRECTION('',(-1.,0.,0.));
#448 = ORIENTED_EDGE('',*,*,#399,.F.);
#449 = ORIENTED_EDGE('',*,*,#450,.F.);
#450 = EDGE_CURVE('',#419,#400,#451,.T.);
#451 = CIRCLE('',#452,0.49994995);
#452 = AXIS2_PLACEMENT_3D('',#453,#454,#455);
#453 = CARTESIAN_POINT('',(4.999999994092E-08,-4.999999991765E-08,
    -1.E-02));
#454 = DIRECTION('',(0.,0.,-1.));
#455 = DIRECTION('',(-1.,0.,0.));
#456 = CYLINDRICAL_SURFACE('',#457,0.49994995);
#457 = AXIS2_PLACEMENT_3D('',#458,#459,#460);
#458 = CARTESIAN_POINT('',(4.999999994092E-08,-4.999999991765E-08,
    -1.E-02));
#459 = DIRECTION('',(0.,0.,-1.));
#460 = DIRECTION('',(-1.,0.,0.));
#461 = ADVANCED_FACE('',(#462,#468),#472,.F.);
#462 = FACE_BOUND('',#463,.F.);
#463 = EDGE_LOOP('',(#464,#465,#466,#467));
#464 = ORIENTED_EDGE('',*,*,#301,.T.);
#465 = ORIENTED_EDGE('',*,*,#363,.T.);
#466 = ORIENTED_EDGE('',*,*,#385,.T.);
#467 = ORIENTED_EDGE('',*,*,#332,.T.);
#468 = FACE_BOUND('',#469,.F.);
#469 = EDGE_LOOP('',(#470,#471));
#470 = ORIENTED_EDGE('',*,*,#426,.T.);
#471 = ORIENTED_EDGE('',*,*,#450,.T.);
#472 = PLANE('',#473);
#473 = AXIS2_PLACEMENT_3D('',#474,#475,#476);
#474 = CARTESIAN_POINT('',(-3.083952846181E-17,0.,-1.E-02));
#475 = DIRECTION('',(0.,0.,1.));
#476 = DIRECTION('',(1.,0.,0.));
#477 = ADVANCED_FACE('',(#478,#484),#488,.T.);
#478 = FACE_BOUND('',#479,.T.);
#479 = EDGE_LOOP('',(#480,#481,#482,#483));
#480 = ORIENTED_EDGE('',*,*,#285,.T.);
#481 = ORIENTED_EDGE('',*,*,#347,.T.);
#482 = ORIENTED_EDGE('',*,*,#378,.T.);
#483 = ORIENTED_EDGE('',*,*,#325,.T.);
#484 = FACE_BOUND('',#485,.T.);
#485 = EDGE_LOOP('',(#486,#487));
#486 = ORIENTED_EDGE('',*,*,#409,.T.);
#487 = ORIENTED_EDGE('',*,*,#442,.T.);
#488 = PLANE('',#489);
#489 = AXIS2_PLACEMENT_3D('',#490,#491,#492);
#490 = CARTESIAN_POINT('',(-3.083952846181E-17,0.,0.));
#491 = DIRECTION('',(0.,0.,1.));
#492 = DIRECTION('',(1.,0.,0.));
#493 = MANIFOLD_SOLID_BREP('',#494);
#494 = CLOSED_SHELL('',(#495,#537,#568,#599,#623,#665,#696,#729,#751,
    #769));
#495 = ADVANCED_FACE('',(#496),#532,.T.);
#496 = FACE_BOUND('',#497,.F.);
#497 = EDGE_LOOP('',(#498,#508,#517,#525));
#498 = ORIENTED_EDGE('',*,*,#499,.T.);
#499 = EDGE_CURVE('',#500,#502,#504,.T.);
#500 = VERTEX_POINT('',#501);
#501 = CARTESIAN_POINT('',(7.24,-5.94,-1.E-02));
#502 = VERTEX_POINT('',#503);
#503 = CARTESIAN_POINT('',(7.24,-5.94,0.));
#504 = LINE('',#505,#506);
#505 = CARTESIAN_POINT('',(7.24,-5.94,-1.E-02));
#506 = VECTOR('',#507,1.);
#507 = DIRECTION('',(0.,0.,1.));
#508 = ORIENTED_EDGE('',*,*,#509,.T.);
#509 = EDGE_CURVE('',#502,#510,#512,.T.);
#510 = VERTEX_POINT('',#511);
#511 = CARTESIAN_POINT('',(7.24,-8.66,0.));
#512 = CIRCLE('',#513,1.36);
#513 = AXIS2_PLACEMENT_3D('',#514,#515,#516);
#514 = CARTESIAN_POINT('',(7.24,-7.3,0.));
#515 = DIRECTION('',(0.,-0.,1.));
#516 = DIRECTION('',(1.110223024625E-16,1.,0.));
#517 = ORIENTED_EDGE('',*,*,#518,.F.);
#518 = EDGE_CURVE('',#519,#510,#521,.T.);
#519 = VERTEX_POINT('',#520);
#520 = CARTESIAN_POINT('',(7.24,-8.66,-1.E-02));
#521 = LINE('',#522,#523);
#522 = CARTESIAN_POINT('',(7.24,-8.66,-1.E-02));
#523 = VECTOR('',#524,1.);
#524 = DIRECTION('',(0.,0.,1.));
#525 = ORIENTED_EDGE('',*,*,#526,.F.);
#526 = EDGE_CURVE('',#500,#519,#527,.T.);
#527 = CIRCLE('',#528,1.36);
#528 = AXIS2_PLACEMENT_3D('',#529,#530,#531);
#529 = CARTESIAN_POINT('',(7.24,-7.3,-1.E-02));
#530 = DIRECTION('',(0.,-0.,1.));
#531 = DIRECTION('',(1.110223024625E-16,1.,0.));
#532 = CYLINDRICAL_SURFACE('',#533,1.36);
#533 = AXIS2_PLACEMENT_3D('',#534,#535,#536);
#534 = CARTESIAN_POINT('',(7.24,-7.3,-1.E-02));
#535 = DIRECTION('',(0.,0.,-1.));
#536 = DIRECTION('',(1.110223024625E-16,1.,0.));
#537 = ADVANCED_FACE('',(#538),#563,.F.);
#538 = FACE_BOUND('',#539,.F.);
#539 = EDGE_LOOP('',(#540,#550,#556,#557));
#540 = ORIENTED_EDGE('',*,*,#541,.T.);
#541 = EDGE_CURVE('',#542,#544,#546,.T.);
#542 = VERTEX_POINT('',#543);
#543 = CARTESIAN_POINT('',(7.76,-5.94,-1.E-02));
#544 = VERTEX_POINT('',#545);
#545 = CARTESIAN_POINT('',(7.76,-5.94,0.));
#546 = LINE('',#547,#548);
#547 = CARTESIAN_POINT('',(7.76,-5.94,-1.E-02));
#548 = VECTOR('',#549,1.);
#549 = DIRECTION('',(0.,0.,1.));
#550 = ORIENTED_EDGE('',*,*,#551,.T.);
#551 = EDGE_CURVE('',#544,#502,#552,.T.);
#552 = LINE('',#553,#554);
#553 = CARTESIAN_POINT('',(7.76,-5.94,0.));
#554 = VECTOR('',#555,1.);
#555 = DIRECTION('',(-1.,1.110223024625E-16,0.));
#556 = ORIENTED_EDGE('',*,*,#499,.F.);
#557 = ORIENTED_EDGE('',*,*,#558,.F.);
#558 = EDGE_CURVE('',#542,#500,#559,.T.);
#559 = LINE('',#560,#561);
#560 = CARTESIAN_POINT('',(7.76,-5.94,-1.E-02));
#561 = VECTOR('',#562,1.);
#562 = DIRECTION('',(-1.,1.110223024625E-16,0.));
#563 = PLANE('',#564);
#564 = AXIS2_PLACEMENT_3D('',#565,#566,#567);
#565 = CARTESIAN_POINT('',(7.76,-5.94,-1.E-02));
#566 = DIRECTION('',(-1.110223024625E-16,-1.,0.));
#567 = DIRECTION('',(-1.,1.110223024625E-16,0.));
#568 = ADVANCED_FACE('',(#569),#594,.F.);
#569 = FACE_BOUND('',#570,.F.);
#570 = EDGE_LOOP('',(#571,#572,#580,#588));
#571 = ORIENTED_EDGE('',*,*,#518,.T.);
#572 = ORIENTED_EDGE('',*,*,#573,.T.);
#573 = EDGE_CURVE('',#510,#574,#576,.T.);
#574 = VERTEX_POINT('',#575);
#575 = CARTESIAN_POINT('',(7.76,-8.66,0.));
#576 = LINE('',#577,#578);
#577 = CARTESIAN_POINT('',(7.24,-8.66,0.));
#578 = VECTOR('',#579,1.);
#579 = DIRECTION('',(1.,-1.110223024625E-16,0.));
#580 = ORIENTED_EDGE('',*,*,#581,.F.);
#581 = EDGE_CURVE('',#582,#574,#584,.T.);
#582 = VERTEX_POINT('',#583);
#583 = CARTESIAN_POINT('',(7.76,-8.66,-1.E-02));
#584 = LINE('',#585,#586);
#585 = CARTESIAN_POINT('',(7.76,-8.66,-1.E-02));
#586 = VECTOR('',#587,1.);
#587 = DIRECTION('',(0.,0.,1.));
#588 = ORIENTED_EDGE('',*,*,#589,.F.);
#589 = EDGE_CURVE('',#519,#582,#590,.T.);
#590 = LINE('',#591,#592);
#591 = CARTESIAN_POINT('',(7.24,-8.66,-1.E-02));
#592 = VECTOR('',#593,1.);
#593 = DIRECTION('',(1.,-1.110223024625E-16,0.));
#594 = PLANE('',#595);
#595 = AXIS2_PLACEMENT_3D('',#596,#597,#598);
#596 = CARTESIAN_POINT('',(7.24,-8.66,-1.E-02));
#597 = DIRECTION('',(1.110223024625E-16,1.,0.));
#598 = DIRECTION('',(1.,-1.110223024625E-16,0.));
#599 = ADVANCED_FACE('',(#600),#618,.T.);
#600 = FACE_BOUND('',#601,.F.);
#601 = EDGE_LOOP('',(#602,#603,#610,#611));
#602 = ORIENTED_EDGE('',*,*,#581,.T.);
#603 = ORIENTED_EDGE('',*,*,#604,.T.);
#604 = EDGE_CURVE('',#574,#544,#605,.T.);
#605 = CIRCLE('',#606,1.36);
#606 = AXIS2_PLACEMENT_3D('',#607,#608,#609);
#607 = CARTESIAN_POINT('',(7.76,-7.3,0.));
#608 = DIRECTION('',(0.,-0.,1.));
#609 = DIRECTION('',(1.110223024625E-16,1.,0.));
#610 = ORIENTED_EDGE('',*,*,#541,.F.);
#611 = ORIENTED_EDGE('',*,*,#612,.F.);
#612 = EDGE_CURVE('',#582,#542,#613,.T.);
#613 = CIRCLE('',#614,1.36);
#614 = AXIS2_PLACEMENT_3D('',#615,#616,#617);
#615 = CARTESIAN_POINT('',(7.76,-7.3,-1.E-02));
#616 = DIRECTION('',(0.,-0.,1.));
#617 = DIRECTION('',(1.110223024625E-16,1.,0.));
#618 = CYLINDRICAL_SURFACE('',#619,1.36);
#619 = AXIS2_PLACEMENT_3D('',#620,#621,#622);
#620 = CARTESIAN_POINT('',(7.76,-7.3,-1.E-02));
#621 = DIRECTION('',(0.,0.,-1.));
#622 = DIRECTION('',(1.110223024625E-16,1.,0.));
#623 = ADVANCED_FACE('',(#624),#660,.F.);
#624 = FACE_BOUND('',#625,.F.);
#625 = EDGE_LOOP('',(#626,#636,#645,#653));
#626 = ORIENTED_EDGE('',*,*,#627,.T.);
#627 = EDGE_CURVE('',#628,#630,#632,.T.);
#628 = VERTEX_POINT('',#629);
#629 = CARTESIAN_POINT('',(7.8499999,-6.75005,-1.E-02));
#630 = VERTEX_POINT('',#631);
#631 = CARTESIAN_POINT('',(7.8499999,-6.75005,0.));
#632 = LINE('',#633,#634);
#633 = CARTESIAN_POINT('',(7.8499999,-6.75005,-1.E-02));
#634 = VECTOR('',#635,1.);
#635 = DIRECTION('',(0.,0.,1.));
#636 = ORIENTED_EDGE('',*,*,#637,.T.);
#637 = EDGE_CURVE('',#630,#638,#640,.T.);
#638 = VERTEX_POINT('',#639);
#639 = CARTESIAN_POINT('',(7.85,-7.84995,0.));
#640 = CIRCLE('',#641,0.54995);
#641 = AXIS2_PLACEMENT_3D('',#642,#643,#644);
#642 = CARTESIAN_POINT('',(7.849999921849,-7.3,0.));
#643 = DIRECTION('',(0.,0.,-1.));
#644 = DIRECTION('',(-1.,0.,0.));
#645 = ORIENTED_EDGE('',*,*,#646,.F.);
#646 = EDGE_CURVE('',#647,#638,#649,.T.);
#647 = VERTEX_POINT('',#648);
#648 = CARTESIAN_POINT('',(7.85,-7.84995,-1.E-02));
#649 = LINE('',#650,#651);
#650 = CARTESIAN_POINT('',(7.85,-7.84995,-1.E-02));
#651 = VECTOR('',#652,1.);
#652 = DIRECTION('',(0.,0.,1.));
#653 = ORIENTED_EDGE('',*,*,#654,.F.);
#654 = EDGE_CURVE('',#628,#647,#655,.T.);
#655 = CIRCLE('',#656,0.54995);
#656 = AXIS2_PLACEMENT_3D('',#657,#658,#659);
#657 = CARTESIAN_POINT('',(7.849999921849,-7.3,-1.E-02));
#658 = DIRECTION('',(0.,0.,-1.));
#659 = DIRECTION('',(-1.,0.,0.));
#660 = CYLINDRICAL_SURFACE('',#661,0.54995);
#661 = AXIS2_PLACEMENT_3D('',#662,#663,#664);
#662 = CARTESIAN_POINT('',(7.849999921849,-7.3,-1.E-02));
#663 = DIRECTION('',(0.,0.,-1.));
#664 = DIRECTION('',(-1.,0.,0.));
#665 = ADVANCED_FACE('',(#666),#691,.F.);
#666 = FACE_BOUND('',#667,.F.);
#667 = EDGE_LOOP('',(#668,#678,#684,#685));
#668 = ORIENTED_EDGE('',*,*,#669,.T.);
#669 = EDGE_CURVE('',#670,#672,#674,.T.);
#670 = VERTEX_POINT('',#671);
#671 = CARTESIAN_POINT('',(7.15,-6.75005,-1.E-02));
#672 = VERTEX_POINT('',#673);
#673 = CARTESIAN_POINT('',(7.15,-6.75005,0.));
#674 = LINE('',#675,#676);
#675 = CARTESIAN_POINT('',(7.15,-6.75005,-1.E-02));
#676 = VECTOR('',#677,1.);
#677 = DIRECTION('',(0.,0.,1.));
#678 = ORIENTED_EDGE('',*,*,#679,.T.);
#679 = EDGE_CURVE('',#672,#630,#680,.T.);
#680 = LINE('',#681,#682);
#681 = CARTESIAN_POINT('',(7.15,-6.75005,0.));
#682 = VECTOR('',#683,1.);
#683 = DIRECTION('',(1.,0.,0.));
#684 = ORIENTED_EDGE('',*,*,#627,.F.);
#685 = ORIENTED_EDGE('',*,*,#686,.F.);
#686 = EDGE_CURVE('',#670,#628,#687,.T.);
#687 = LINE('',#688,#689);
#688 = CARTESIAN_POINT('',(7.15,-6.75005,-1.E-02));
#689 = VECTOR('',#690,1.);
#690 = DIRECTION('',(1.,0.,0.));
#691 = PLANE('',#692);
#692 = AXIS2_PLACEMENT_3D('',#693,#694,#695);
#693 = CARTESIAN_POINT('',(7.15,-6.75005,-1.E-02));
#694 = DIRECTION('',(0.,1.,0.));
#695 = DIRECTION('',(1.,0.,0.));
#696 = ADVANCED_FACE('',(#697),#724,.F.);
#697 = FACE_BOUND('',#698,.F.);
#698 = EDGE_LOOP('',(#699,#709,#716,#717));
#699 = ORIENTED_EDGE('',*,*,#700,.T.);
#700 = EDGE_CURVE('',#701,#703,#705,.T.);
#701 = VERTEX_POINT('',#702);
#702 = CARTESIAN_POINT('',(7.15,-7.84995,-1.E-02));
#703 = VERTEX_POINT('',#704);
#704 = CARTESIAN_POINT('',(7.15,-7.84995,0.));
#705 = LINE('',#706,#707);
#706 = CARTESIAN_POINT('',(7.15,-7.84995,-1.E-02));
#707 = VECTOR('',#708,1.);
#708 = DIRECTION('',(0.,0.,1.));
#709 = ORIENTED_EDGE('',*,*,#710,.T.);
#710 = EDGE_CURVE('',#703,#672,#711,.T.);
#711 = CIRCLE('',#712,0.54995);
#712 = AXIS2_PLACEMENT_3D('',#713,#714,#715);
#713 = CARTESIAN_POINT('',(7.149999973903,-7.3,0.));
#714 = DIRECTION('',(0.,0.,-1.));
#715 = DIRECTION('',(-1.,0.,0.));
#716 = ORIENTED_EDGE('',*,*,#669,.F.);
#717 = ORIENTED_EDGE('',*,*,#718,.F.);
#718 = EDGE_CURVE('',#701,#670,#719,.T.);
#719 = CIRCLE('',#720,0.54995);
#720 = AXIS2_PLACEMENT_3D('',#721,#722,#723);
#721 = CARTESIAN_POINT('',(7.149999973903,-7.3,-1.E-02));
#722 = DIRECTION('',(0.,0.,-1.));
#723 = DIRECTION('',(-1.,0.,0.));
#724 = CYLINDRICAL_SURFACE('',#725,0.54995);
#725 = AXIS2_PLACEMENT_3D('',#726,#727,#728);
#726 = CARTESIAN_POINT('',(7.149999973903,-7.3,-1.E-02));
#727 = DIRECTION('',(0.,0.,-1.));
#728 = DIRECTION('',(-1.,0.,0.));
#729 = ADVANCED_FACE('',(#730),#746,.F.);
#730 = FACE_BOUND('',#731,.F.);
#731 = EDGE_LOOP('',(#732,#733,#739,#740));
#732 = ORIENTED_EDGE('',*,*,#646,.T.);
#733 = ORIENTED_EDGE('',*,*,#734,.T.);
#734 = EDGE_CURVE('',#638,#703,#735,.T.);
#735 = LINE('',#736,#737);
#736 = CARTESIAN_POINT('',(7.85,-7.84995,0.));
#737 = VECTOR('',#738,1.);
#738 = DIRECTION('',(-1.,0.,0.));
#739 = ORIENTED_EDGE('',*,*,#700,.F.);
#740 = ORIENTED_EDGE('',*,*,#741,.F.);
#741 = EDGE_CURVE('',#647,#701,#742,.T.);
#742 = LINE('',#743,#744);
#743 = CARTESIAN_POINT('',(7.85,-7.84995,-1.E-02));
#744 = VECTOR('',#745,1.);
#745 = DIRECTION('',(-1.,0.,0.));
#746 = PLANE('',#747);
#747 = AXIS2_PLACEMENT_3D('',#748,#749,#750);
#748 = CARTESIAN_POINT('',(7.85,-7.84995,-1.E-02));
#749 = DIRECTION('',(0.,-1.,0.));
#750 = DIRECTION('',(-1.,0.,0.));
#751 = ADVANCED_FACE('',(#752,#758),#764,.F.);
#752 = FACE_BOUND('',#753,.F.);
#753 = EDGE_LOOP('',(#754,#755,#756,#757));
#754 = ORIENTED_EDGE('',*,*,#526,.T.);
#755 = ORIENTED_EDGE('',*,*,#589,.T.);
#756 = ORIENTED_EDGE('',*,*,#612,.T.);
#757 = ORIENTED_EDGE('',*,*,#558,.T.);
#758 = FACE_BOUND('',#759,.F.);
#759 = EDGE_LOOP('',(#760,#761,#762,#763));
#760 = ORIENTED_EDGE('',*,*,#654,.T.);
#761 = ORIENTED_EDGE('',*,*,#741,.T.);
#762 = ORIENTED_EDGE('',*,*,#718,.T.);
#763 = ORIENTED_EDGE('',*,*,#686,.T.);
#764 = PLANE('',#765);
#765 = AXIS2_PLACEMENT_3D('',#766,#767,#768);
#766 = CARTESIAN_POINT('',(7.5,-7.3,-1.E-02));
#767 = DIRECTION('',(0.,0.,1.));
#768 = DIRECTION('',(1.,0.,0.));
#769 = ADVANCED_FACE('',(#770,#776),#782,.T.);
#770 = FACE_BOUND('',#771,.T.);
#771 = EDGE_LOOP('',(#772,#773,#774,#775));
#772 = ORIENTED_EDGE('',*,*,#509,.T.);
#773 = ORIENTED_EDGE('',*,*,#573,.T.);
#774 = ORIENTED_EDGE('',*,*,#604,.T.);
#775 = ORIENTED_EDGE('',*,*,#551,.T.);
#776 = FACE_BOUND('',#777,.T.);
#777 = EDGE_LOOP('',(#778,#779,#780,#781));
#778 = ORIENTED_EDGE('',*,*,#637,.T.);
#779 = ORIENTED_EDGE('',*,*,#734,.T.);
#780 = ORIENTED_EDGE('',*,*,#710,.T.);
#781 = ORIENTED_EDGE('',*,*,#679,.T.);
#782 = PLANE('',#783);
#783 = AXIS2_PLACEMENT_3D('',#784,#785,#786);
#784 = CARTESIAN_POINT('',(7.5,-7.3,0.));
#785 = DIRECTION('',(0.,0.,1.));
#786 = DIRECTION('',(1.,0.,0.));
#787 = MANIFOLD_SOLID_BREP('',#788);
#788 = CLOSED_SHELL('',(#789,#831,#862,#893,#917,#959,#990,#1023,#1045,
    #1063));
#789 = ADVANCED_FACE('',(#790),#826,.T.);
#790 = FACE_BOUND('',#791,.F.);
#791 = EDGE_LOOP('',(#792,#802,#811,#819));
#792 = ORIENTED_EDGE('',*,*,#793,.T.);
#793 = EDGE_CURVE('',#794,#796,#798,.T.);
#794 = VERTEX_POINT('',#795);
#795 = CARTESIAN_POINT('',(7.24,3.66,-1.E-02));
#796 = VERTEX_POINT('',#797);
#797 = CARTESIAN_POINT('',(7.24,3.66,0.));
#798 = LINE('',#799,#800);
#799 = CARTESIAN_POINT('',(7.24,3.66,-1.E-02));
#800 = VECTOR('',#801,1.);
#801 = DIRECTION('',(0.,0.,1.));
#802 = ORIENTED_EDGE('',*,*,#803,.T.);
#803 = EDGE_CURVE('',#796,#804,#806,.T.);
#804 = VERTEX_POINT('',#805);
#805 = CARTESIAN_POINT('',(7.24,0.94,0.));
#806 = CIRCLE('',#807,1.36);
#807 = AXIS2_PLACEMENT_3D('',#808,#809,#810);
#808 = CARTESIAN_POINT('',(7.24,2.3,0.));
#809 = DIRECTION('',(0.,-0.,1.));
#810 = DIRECTION('',(1.110223024625E-16,1.,0.));
#811 = ORIENTED_EDGE('',*,*,#812,.F.);
#812 = EDGE_CURVE('',#813,#804,#815,.T.);
#813 = VERTEX_POINT('',#814);
#814 = CARTESIAN_POINT('',(7.24,0.94,-1.E-02));
#815 = LINE('',#816,#817);
#816 = CARTESIAN_POINT('',(7.24,0.94,-1.E-02));
#817 = VECTOR('',#818,1.);
#818 = DIRECTION('',(0.,0.,1.));
#819 = ORIENTED_EDGE('',*,*,#820,.F.);
#820 = EDGE_CURVE('',#794,#813,#821,.T.);
#821 = CIRCLE('',#822,1.36);
#822 = AXIS2_PLACEMENT_3D('',#823,#824,#825);
#823 = CARTESIAN_POINT('',(7.24,2.3,-1.E-02));
#824 = DIRECTION('',(0.,-0.,1.));
#825 = DIRECTION('',(1.110223024625E-16,1.,0.));
#826 = CYLINDRICAL_SURFACE('',#827,1.36);
#827 = AXIS2_PLACEMENT_3D('',#828,#829,#830);
#828 = CARTESIAN_POINT('',(7.24,2.3,-1.E-02));
#829 = DIRECTION('',(0.,0.,-1.));
#830 = DIRECTION('',(1.110223024625E-16,1.,0.));
#831 = ADVANCED_FACE('',(#832),#857,.F.);
#832 = FACE_BOUND('',#833,.F.);
#833 = EDGE_LOOP('',(#834,#844,#850,#851));
#834 = ORIENTED_EDGE('',*,*,#835,.T.);
#835 = EDGE_CURVE('',#836,#838,#840,.T.);
#836 = VERTEX_POINT('',#837);
#837 = CARTESIAN_POINT('',(7.76,3.66,-1.E-02));
#838 = VERTEX_POINT('',#839);
#839 = CARTESIAN_POINT('',(7.76,3.66,0.));
#840 = LINE('',#841,#842);
#841 = CARTESIAN_POINT('',(7.76,3.66,-1.E-02));
#842 = VECTOR('',#843,1.);
#843 = DIRECTION('',(0.,0.,1.));
#844 = ORIENTED_EDGE('',*,*,#845,.T.);
#845 = EDGE_CURVE('',#838,#796,#846,.T.);
#846 = LINE('',#847,#848);
#847 = CARTESIAN_POINT('',(7.76,3.66,0.));
#848 = VECTOR('',#849,1.);
#849 = DIRECTION('',(-1.,1.110223024625E-16,0.));
#850 = ORIENTED_EDGE('',*,*,#793,.F.);
#851 = ORIENTED_EDGE('',*,*,#852,.F.);
#852 = EDGE_CURVE('',#836,#794,#853,.T.);
#853 = LINE('',#854,#855);
#854 = CARTESIAN_POINT('',(7.76,3.66,-1.E-02));
#855 = VECTOR('',#856,1.);
#856 = DIRECTION('',(-1.,1.110223024625E-16,0.));
#857 = PLANE('',#858);
#858 = AXIS2_PLACEMENT_3D('',#859,#860,#861);
#859 = CARTESIAN_POINT('',(7.76,3.66,-1.E-02));
#860 = DIRECTION('',(-1.110223024625E-16,-1.,0.));
#861 = DIRECTION('',(-1.,1.110223024625E-16,0.));
#862 = ADVANCED_FACE('',(#863),#888,.F.);
#863 = FACE_BOUND('',#864,.F.);
#864 = EDGE_LOOP('',(#865,#866,#874,#882));
#865 = ORIENTED_EDGE('',*,*,#812,.T.);
#866 = ORIENTED_EDGE('',*,*,#867,.T.);
#867 = EDGE_CURVE('',#804,#868,#870,.T.);
#868 = VERTEX_POINT('',#869);
#869 = CARTESIAN_POINT('',(7.76,0.94,0.));
#870 = LINE('',#871,#872);
#871 = CARTESIAN_POINT('',(7.24,0.94,0.));
#872 = VECTOR('',#873,1.);
#873 = DIRECTION('',(1.,-1.110223024625E-16,0.));
#874 = ORIENTED_EDGE('',*,*,#875,.F.);
#875 = EDGE_CURVE('',#876,#868,#878,.T.);
#876 = VERTEX_POINT('',#877);
#877 = CARTESIAN_POINT('',(7.76,0.94,-1.E-02));
#878 = LINE('',#879,#880);
#879 = CARTESIAN_POINT('',(7.76,0.94,-1.E-02));
#880 = VECTOR('',#881,1.);
#881 = DIRECTION('',(0.,0.,1.));
#882 = ORIENTED_EDGE('',*,*,#883,.F.);
#883 = EDGE_CURVE('',#813,#876,#884,.T.);
#884 = LINE('',#885,#886);
#885 = CARTESIAN_POINT('',(7.24,0.94,-1.E-02));
#886 = VECTOR('',#887,1.);
#887 = DIRECTION('',(1.,-1.110223024625E-16,0.));
#888 = PLANE('',#889);
#889 = AXIS2_PLACEMENT_3D('',#890,#891,#892);
#890 = CARTESIAN_POINT('',(7.24,0.94,-1.E-02));
#891 = DIRECTION('',(1.110223024625E-16,1.,0.));
#892 = DIRECTION('',(1.,-1.110223024625E-16,0.));
#893 = ADVANCED_FACE('',(#894),#912,.T.);
#894 = FACE_BOUND('',#895,.F.);
#895 = EDGE_LOOP('',(#896,#897,#904,#905));
#896 = ORIENTED_EDGE('',*,*,#875,.T.);
#897 = ORIENTED_EDGE('',*,*,#898,.T.);
#898 = EDGE_CURVE('',#868,#838,#899,.T.);
#899 = CIRCLE('',#900,1.36);
#900 = AXIS2_PLACEMENT_3D('',#901,#902,#903);
#901 = CARTESIAN_POINT('',(7.76,2.3,0.));
#902 = DIRECTION('',(0.,-0.,1.));
#903 = DIRECTION('',(1.110223024625E-16,1.,0.));
#904 = ORIENTED_EDGE('',*,*,#835,.F.);
#905 = ORIENTED_EDGE('',*,*,#906,.F.);
#906 = EDGE_CURVE('',#876,#836,#907,.T.);
#907 = CIRCLE('',#908,1.36);
#908 = AXIS2_PLACEMENT_3D('',#909,#910,#911);
#909 = CARTESIAN_POINT('',(7.76,2.3,-1.E-02));
#910 = DIRECTION('',(0.,-0.,1.));
#911 = DIRECTION('',(1.110223024625E-16,1.,0.));
#912 = CYLINDRICAL_SURFACE('',#913,1.36);
#913 = AXIS2_PLACEMENT_3D('',#914,#915,#916);
#914 = CARTESIAN_POINT('',(7.76,2.3,-1.E-02));
#915 = DIRECTION('',(0.,0.,-1.));
#916 = DIRECTION('',(1.110223024625E-16,1.,0.));
#917 = ADVANCED_FACE('',(#918),#954,.F.);
#918 = FACE_BOUND('',#919,.F.);
#919 = EDGE_LOOP('',(#920,#930,#939,#947));
#920 = ORIENTED_EDGE('',*,*,#921,.T.);
#921 = EDGE_CURVE('',#922,#924,#926,.T.);
#922 = VERTEX_POINT('',#923);
#923 = CARTESIAN_POINT('',(7.85,2.8499499,-1.E-02));
#924 = VERTEX_POINT('',#925);
#925 = CARTESIAN_POINT('',(7.85,2.8499499,0.));
#926 = LINE('',#927,#928);
#927 = CARTESIAN_POINT('',(7.85,2.8499499,-1.E-02));
#928 = VECTOR('',#929,1.);
#929 = DIRECTION('',(0.,0.,1.));
#930 = ORIENTED_EDGE('',*,*,#931,.T.);
#931 = EDGE_CURVE('',#924,#932,#934,.T.);
#932 = VERTEX_POINT('',#933);
#933 = CARTESIAN_POINT('',(7.85,1.75005,0.));
#934 = CIRCLE('',#935,0.54994995);
#935 = AXIS2_PLACEMENT_3D('',#936,#937,#938);
#936 = CARTESIAN_POINT('',(7.849999974018,2.29999995,0.));
#937 = DIRECTION('',(0.,0.,-1.));
#938 = DIRECTION('',(-1.,0.,0.));
#939 = ORIENTED_EDGE('',*,*,#940,.F.);
#940 = EDGE_CURVE('',#941,#932,#943,.T.);
#941 = VERTEX_POINT('',#942);
#942 = CARTESIAN_POINT('',(7.85,1.75005,-1.E-02));
#943 = LINE('',#944,#945);
#944 = CARTESIAN_POINT('',(7.85,1.75005,-1.E-02));
#945 = VECTOR('',#946,1.);
#946 = DIRECTION('',(0.,0.,1.));
#947 = ORIENTED_EDGE('',*,*,#948,.F.);
#948 = EDGE_CURVE('',#922,#941,#949,.T.);
#949 = CIRCLE('',#950,0.54994995);
#950 = AXIS2_PLACEMENT_3D('',#951,#952,#953);
#951 = CARTESIAN_POINT('',(7.849999974018,2.29999995,-1.E-02));
#952 = DIRECTION('',(0.,0.,-1.));
#953 = DIRECTION('',(-1.,0.,0.));
#954 = CYLINDRICAL_SURFACE('',#955,0.54994995);
#955 = AXIS2_PLACEMENT_3D('',#956,#957,#958);
#956 = CARTESIAN_POINT('',(7.849999974018,2.29999995,-1.E-02));
#957 = DIRECTION('',(0.,0.,-1.));
#958 = DIRECTION('',(-1.,0.,0.));
#959 = ADVANCED_FACE('',(#960),#985,.F.);
#960 = FACE_BOUND('',#961,.F.);
#961 = EDGE_LOOP('',(#962,#972,#978,#979));
#962 = ORIENTED_EDGE('',*,*,#963,.T.);
#963 = EDGE_CURVE('',#964,#966,#968,.T.);
#964 = VERTEX_POINT('',#965);
#965 = CARTESIAN_POINT('',(7.15,2.8499499,-1.E-02));
#966 = VERTEX_POINT('',#967);
#967 = CARTESIAN_POINT('',(7.15,2.8499499,0.));
#968 = LINE('',#969,#970);
#969 = CARTESIAN_POINT('',(7.15,2.8499499,-1.E-02));
#970 = VECTOR('',#971,1.);
#971 = DIRECTION('',(0.,0.,1.));
#972 = ORIENTED_EDGE('',*,*,#973,.T.);
#973 = EDGE_CURVE('',#966,#924,#974,.T.);
#974 = LINE('',#975,#976);
#975 = CARTESIAN_POINT('',(7.15,2.8499499,0.));
#976 = VECTOR('',#977,1.);
#977 = DIRECTION('',(1.,0.,0.));
#978 = ORIENTED_EDGE('',*,*,#921,.F.);
#979 = ORIENTED_EDGE('',*,*,#980,.F.);
#980 = EDGE_CURVE('',#964,#922,#981,.T.);
#981 = LINE('',#982,#983);
#982 = CARTESIAN_POINT('',(7.15,2.8499499,-1.E-02));
#983 = VECTOR('',#984,1.);
#984 = DIRECTION('',(1.,0.,0.));
#985 = PLANE('',#986);
#986 = AXIS2_PLACEMENT_3D('',#987,#988,#989);
#987 = CARTESIAN_POINT('',(7.15,2.8499499,-1.E-02));
#988 = DIRECTION('',(0.,1.,0.));
#989 = DIRECTION('',(1.,0.,0.));
#990 = ADVANCED_FACE('',(#991),#1018,.F.);
#991 = FACE_BOUND('',#992,.F.);
#992 = EDGE_LOOP('',(#993,#1003,#1010,#1011));
#993 = ORIENTED_EDGE('',*,*,#994,.T.);
#994 = EDGE_CURVE('',#995,#997,#999,.T.);
#995 = VERTEX_POINT('',#996);
#996 = CARTESIAN_POINT('',(7.15,1.75005,-1.E-02));
#997 = VERTEX_POINT('',#998);
#998 = CARTESIAN_POINT('',(7.15,1.75005,0.));
#999 = LINE('',#1000,#1001);
#1000 = CARTESIAN_POINT('',(7.15,1.75005,-1.E-02));
#1001 = VECTOR('',#1002,1.);
#1002 = DIRECTION('',(0.,0.,1.));
#1003 = ORIENTED_EDGE('',*,*,#1004,.T.);
#1004 = EDGE_CURVE('',#997,#966,#1005,.T.);
#1005 = CIRCLE('',#1006,0.54994995);
#1006 = AXIS2_PLACEMENT_3D('',#1007,#1008,#1009);
#1007 = CARTESIAN_POINT('',(7.149999925982,2.29999995,0.));
#1008 = DIRECTION('',(0.,0.,-1.));
#1009 = DIRECTION('',(-1.,0.,0.));
#1010 = ORIENTED_EDGE('',*,*,#963,.F.);
#1011 = ORIENTED_EDGE('',*,*,#1012,.F.);
#1012 = EDGE_CURVE('',#995,#964,#1013,.T.);
#1013 = CIRCLE('',#1014,0.54994995);
#1014 = AXIS2_PLACEMENT_3D('',#1015,#1016,#1017);
#1015 = CARTESIAN_POINT('',(7.149999925982,2.29999995,-1.E-02));
#1016 = DIRECTION('',(0.,0.,-1.));
#1017 = DIRECTION('',(-1.,0.,0.));
#1018 = CYLINDRICAL_SURFACE('',#1019,0.54994995);
#1019 = AXIS2_PLACEMENT_3D('',#1020,#1021,#1022);
#1020 = CARTESIAN_POINT('',(7.149999925982,2.29999995,-1.E-02));
#1021 = DIRECTION('',(0.,0.,-1.));
#1022 = DIRECTION('',(-1.,0.,0.));
#1023 = ADVANCED_FACE('',(#1024),#1040,.F.);
#1024 = FACE_BOUND('',#1025,.F.);
#1025 = EDGE_LOOP('',(#1026,#1027,#1033,#1034));
#1026 = ORIENTED_EDGE('',*,*,#940,.T.);
#1027 = ORIENTED_EDGE('',*,*,#1028,.T.);
#1028 = EDGE_CURVE('',#932,#997,#1029,.T.);
#1029 = LINE('',#1030,#1031);
#1030 = CARTESIAN_POINT('',(7.85,1.75005,0.));
#1031 = VECTOR('',#1032,1.);
#1032 = DIRECTION('',(-1.,0.,0.));
#1033 = ORIENTED_EDGE('',*,*,#994,.F.);
#1034 = ORIENTED_EDGE('',*,*,#1035,.F.);
#1035 = EDGE_CURVE('',#941,#995,#1036,.T.);
#1036 = LINE('',#1037,#1038);
#1037 = CARTESIAN_POINT('',(7.85,1.75005,-1.E-02));
#1038 = VECTOR('',#1039,1.);
#1039 = DIRECTION('',(-1.,0.,0.));
#1040 = PLANE('',#1041);
#1041 = AXIS2_PLACEMENT_3D('',#1042,#1043,#1044);
#1042 = CARTESIAN_POINT('',(7.85,1.75005,-1.E-02));
#1043 = DIRECTION('',(0.,-1.,0.));
#1044 = DIRECTION('',(-1.,0.,0.));
#1045 = ADVANCED_FACE('',(#1046,#1052),#1058,.F.);
#1046 = FACE_BOUND('',#1047,.F.);
#1047 = EDGE_LOOP('',(#1048,#1049,#1050,#1051));
#1048 = ORIENTED_EDGE('',*,*,#820,.T.);
#1049 = ORIENTED_EDGE('',*,*,#883,.T.);
#1050 = ORIENTED_EDGE('',*,*,#906,.T.);
#1051 = ORIENTED_EDGE('',*,*,#852,.T.);
#1052 = FACE_BOUND('',#1053,.F.);
#1053 = EDGE_LOOP('',(#1054,#1055,#1056,#1057));
#1054 = ORIENTED_EDGE('',*,*,#948,.T.);
#1055 = ORIENTED_EDGE('',*,*,#1035,.T.);
#1056 = ORIENTED_EDGE('',*,*,#1012,.T.);
#1057 = ORIENTED_EDGE('',*,*,#980,.T.);
#1058 = PLANE('',#1059);
#1059 = AXIS2_PLACEMENT_3D('',#1060,#1061,#1062);
#1060 = CARTESIAN_POINT('',(7.5,2.3,-1.E-02));
#1061 = DIRECTION('',(0.,0.,1.));
#1062 = DIRECTION('',(1.,0.,0.));
#1063 = ADVANCED_FACE('',(#1064,#1070),#1076,.T.);
#1064 = FACE_BOUND('',#1065,.T.);
#1065 = EDGE_LOOP('',(#1066,#1067,#1068,#1069));
#1066 = ORIENTED_EDGE('',*,*,#803,.T.);
#1067 = ORIENTED_EDGE('',*,*,#867,.T.);
#1068 = ORIENTED_EDGE('',*,*,#898,.T.);
#1069 = ORIENTED_EDGE('',*,*,#845,.T.);
#1070 = FACE_BOUND('',#1071,.T.);
#1071 = EDGE_LOOP('',(#1072,#1073,#1074,#1075));
#1072 = ORIENTED_EDGE('',*,*,#931,.T.);
#1073 = ORIENTED_EDGE('',*,*,#1028,.T.);
#1074 = ORIENTED_EDGE('',*,*,#1004,.T.);
#1075 = ORIENTED_EDGE('',*,*,#973,.T.);
#1076 = PLANE('',#1077);
#1077 = AXIS2_PLACEMENT_3D('',#1078,#1079,#1080);
#1078 = CARTESIAN_POINT('',(7.5,2.3,0.));
#1079 = DIRECTION('',(0.,0.,1.));
#1080 = DIRECTION('',(1.,0.,0.));
#1081 = MANIFOLD_SOLID_BREP('',#1082);
#1082 = CLOSED_SHELL('',(#1083,#1116,#1158,#1182,#1195));
#1083 = ADVANCED_FACE('',(#1084),#1111,.T.);
#1084 = FACE_BOUND('',#1085,.F.);
#1085 = EDGE_LOOP('',(#1086,#1096,#1103,#1104));
#1086 = ORIENTED_EDGE('',*,*,#1087,.T.);
#1087 = EDGE_CURVE('',#1088,#1090,#1092,.T.);
#1088 = VERTEX_POINT('',#1089);
#1089 = CARTESIAN_POINT('',(9.992007221626E-17,-4.1,-1.6));
#1090 = VERTEX_POINT('',#1091);
#1091 = CARTESIAN_POINT('',(9.992007221626E-17,-4.1,-1.59));
#1092 = LINE('',#1093,#1094);
#1093 = CARTESIAN_POINT('',(9.992007221626E-17,-4.1,-1.6));
#1094 = VECTOR('',#1095,1.);
#1095 = DIRECTION('',(0.,0.,1.));
#1096 = ORIENTED_EDGE('',*,*,#1097,.T.);
#1097 = EDGE_CURVE('',#1090,#1090,#1098,.T.);
#1098 = CIRCLE('',#1099,0.9);
#1099 = AXIS2_PLACEMENT_3D('',#1100,#1101,#1102);
#1100 = CARTESIAN_POINT('',(0.,-5.,-1.59));
#1101 = DIRECTION('',(0.,-0.,1.));
#1102 = DIRECTION('',(1.110223024625E-16,1.,0.));
#1103 = ORIENTED_EDGE('',*,*,#1087,.F.);
#1104 = ORIENTED_EDGE('',*,*,#1105,.F.);
#1105 = EDGE_CURVE('',#1088,#1088,#1106,.T.);
#1106 = CIRCLE('',#1107,0.9);
#1107 = AXIS2_PLACEMENT_3D('',#1108,#1109,#1110);
#1108 = CARTESIAN_POINT('',(0.,-5.,-1.6));
#1109 = DIRECTION('',(0.,-0.,1.));
#1110 = DIRECTION('',(1.110223024625E-16,1.,0.));
#1111 = CYLINDRICAL_SURFACE('',#1112,0.9);
#1112 = AXIS2_PLACEMENT_3D('',#1113,#1114,#1115);
#1113 = CARTESIAN_POINT('',(0.,-5.,-1.6));
#1114 = DIRECTION('',(0.,0.,-1.));
#1115 = DIRECTION('',(1.110223024625E-16,1.,0.));
#1116 = ADVANCED_FACE('',(#1117),#1153,.F.);
#1117 = FACE_BOUND('',#1118,.F.);
#1118 = EDGE_LOOP('',(#1119,#1129,#1138,#1146));
#1119 = ORIENTED_EDGE('',*,*,#1120,.T.);
#1120 = EDGE_CURVE('',#1121,#1123,#1125,.T.);
#1121 = VERTEX_POINT('',#1122);
#1122 = CARTESIAN_POINT('',(-6.409875621279E-17,-4.50005,-1.6));
#1123 = VERTEX_POINT('',#1124);
#1124 = CARTESIAN_POINT('',(-6.409875621279E-17,-4.50005,-1.59));
#1125 = LINE('',#1126,#1127);
#1126 = CARTESIAN_POINT('',(-6.409875621279E-17,-4.50005,-1.6));
#1127 = VECTOR('',#1128,1.);
#1128 = DIRECTION('',(0.,0.,1.));
#1129 = ORIENTED_EDGE('',*,*,#1130,.T.);
#1130 = EDGE_CURVE('',#1123,#1131,#1133,.T.);
#1131 = VERTEX_POINT('',#1132);
#1132 = CARTESIAN_POINT('',(-6.409875621279E-17,-5.49995,-1.59));
#1133 = CIRCLE('',#1134,0.49995);
#1134 = AXIS2_PLACEMENT_3D('',#1135,#1136,#1137);
#1135 = CARTESIAN_POINT('',(-6.409875621279E-17,-5.,-1.59));
#1136 = DIRECTION('',(0.,0.,-1.));
#1137 = DIRECTION('',(-1.,0.,0.));
#1138 = ORIENTED_EDGE('',*,*,#1139,.F.);
#1139 = EDGE_CURVE('',#1140,#1131,#1142,.T.);
#1140 = VERTEX_POINT('',#1141);
#1141 = CARTESIAN_POINT('',(-6.409875621279E-17,-5.49995,-1.6));
#1142 = LINE('',#1143,#1144);
#1143 = CARTESIAN_POINT('',(-6.409875621279E-17,-5.49995,-1.6));
#1144 = VECTOR('',#1145,1.);
#1145 = DIRECTION('',(0.,0.,1.));
#1146 = ORIENTED_EDGE('',*,*,#1147,.F.);
#1147 = EDGE_CURVE('',#1121,#1140,#1148,.T.);
#1148 = CIRCLE('',#1149,0.49995);
#1149 = AXIS2_PLACEMENT_3D('',#1150,#1151,#1152);
#1150 = CARTESIAN_POINT('',(-6.409875621279E-17,-5.,-1.6));
#1151 = DIRECTION('',(0.,0.,-1.));
#1152 = DIRECTION('',(-1.,0.,0.));
#1153 = CYLINDRICAL_SURFACE('',#1154,0.49995);
#1154 = AXIS2_PLACEMENT_3D('',#1155,#1156,#1157);
#1155 = CARTESIAN_POINT('',(-6.409875621279E-17,-5.,-1.6));
#1156 = DIRECTION('',(0.,0.,-1.));
#1157 = DIRECTION('',(-1.,0.,0.));
#1158 = ADVANCED_FACE('',(#1159),#1177,.F.);
#1159 = FACE_BOUND('',#1160,.F.);
#1160 = EDGE_LOOP('',(#1161,#1162,#1169,#1170));
#1161 = ORIENTED_EDGE('',*,*,#1139,.T.);
#1162 = ORIENTED_EDGE('',*,*,#1163,.T.);
#1163 = EDGE_CURVE('',#1131,#1123,#1164,.T.);
#1164 = CIRCLE('',#1165,0.49995);
#1165 = AXIS2_PLACEMENT_3D('',#1166,#1167,#1168);
#1166 = CARTESIAN_POINT('',(-8.947659576542E-15,-5.,-1.59));
#1167 = DIRECTION('',(0.,0.,-1.));
#1168 = DIRECTION('',(-1.,0.,0.));
#1169 = ORIENTED_EDGE('',*,*,#1120,.F.);
#1170 = ORIENTED_EDGE('',*,*,#1171,.F.);
#1171 = EDGE_CURVE('',#1140,#1121,#1172,.T.);
#1172 = CIRCLE('',#1173,0.49995);
#1173 = AXIS2_PLACEMENT_3D('',#1174,#1175,#1176);
#1174 = CARTESIAN_POINT('',(-8.947659576542E-15,-5.,-1.6));
#1175 = DIRECTION('',(0.,0.,-1.));
#1176 = DIRECTION('',(-1.,0.,0.));
#1177 = CYLINDRICAL_SURFACE('',#1178,0.49995);
#1178 = AXIS2_PLACEMENT_3D('',#1179,#1180,#1181);
#1179 = CARTESIAN_POINT('',(-8.947659576542E-15,-5.,-1.6));
#1180 = DIRECTION('',(0.,0.,-1.));
#1181 = DIRECTION('',(-1.,0.,0.));
#1182 = ADVANCED_FACE('',(#1183,#1186),#1190,.F.);
#1183 = FACE_BOUND('',#1184,.F.);
#1184 = EDGE_LOOP('',(#1185));
#1185 = ORIENTED_EDGE('',*,*,#1105,.T.);
#1186 = FACE_BOUND('',#1187,.F.);
#1187 = EDGE_LOOP('',(#1188,#1189));
#1188 = ORIENTED_EDGE('',*,*,#1147,.T.);
#1189 = ORIENTED_EDGE('',*,*,#1171,.T.);
#1190 = PLANE('',#1191);
#1191 = AXIS2_PLACEMENT_3D('',#1192,#1193,#1194);
#1192 = CARTESIAN_POINT('',(-4.156837097144E-17,-5.,-1.6));
#1193 = DIRECTION('',(0.,0.,1.));
#1194 = DIRECTION('',(1.,0.,0.));
#1195 = ADVANCED_FACE('',(#1196,#1199),#1203,.T.);
#1196 = FACE_BOUND('',#1197,.T.);
#1197 = EDGE_LOOP('',(#1198));
#1198 = ORIENTED_EDGE('',*,*,#1097,.T.);
#1199 = FACE_BOUND('',#1200,.T.);
#1200 = EDGE_LOOP('',(#1201,#1202));
#1201 = ORIENTED_EDGE('',*,*,#1130,.T.);
#1202 = ORIENTED_EDGE('',*,*,#1163,.T.);
#1203 = PLANE('',#1204);
#1204 = AXIS2_PLACEMENT_3D('',#1205,#1206,#1207);
#1205 = CARTESIAN_POINT('',(-4.156837097144E-17,-5.,-1.59));
#1206 = DIRECTION('',(0.,0.,1.));
#1207 = DIRECTION('',(1.,0.,0.));
#1208 = MANIFOLD_SOLID_BREP('',#1209);
#1209 = CLOSED_SHELL('',(#1210,#1243,#1285,#1309,#1322));
#1210 = ADVANCED_FACE('',(#1211),#1238,.T.);
#1211 = FACE_BOUND('',#1212,.F.);
#1212 = EDGE_LOOP('',(#1213,#1223,#1230,#1231));
#1213 = ORIENTED_EDGE('',*,*,#1214,.T.);
#1214 = EDGE_CURVE('',#1215,#1217,#1219,.T.);
#1215 = VERTEX_POINT('',#1216);
#1216 = CARTESIAN_POINT('',(9.992007221626E-17,-1.6,-1.6));
#1217 = VERTEX_POINT('',#1218);
#1218 = CARTESIAN_POINT('',(9.992007221626E-17,-1.6,-1.59));
#1219 = LINE('',#1220,#1221);
#1220 = CARTESIAN_POINT('',(9.992007221626E-17,-1.6,-1.6));
#1221 = VECTOR('',#1222,1.);
#1222 = DIRECTION('',(0.,0.,1.));
#1223 = ORIENTED_EDGE('',*,*,#1224,.T.);
#1224 = EDGE_CURVE('',#1217,#1217,#1225,.T.);
#1225 = CIRCLE('',#1226,0.9);
#1226 = AXIS2_PLACEMENT_3D('',#1227,#1228,#1229);
#1227 = CARTESIAN_POINT('',(0.,-2.5,-1.59));
#1228 = DIRECTION('',(0.,-0.,1.));
#1229 = DIRECTION('',(1.110223024625E-16,1.,0.));
#1230 = ORIENTED_EDGE('',*,*,#1214,.F.);
#1231 = ORIENTED_EDGE('',*,*,#1232,.F.);
#1232 = EDGE_CURVE('',#1215,#1215,#1233,.T.);
#1233 = CIRCLE('',#1234,0.9);
#1234 = AXIS2_PLACEMENT_3D('',#1235,#1236,#1237);
#1235 = CARTESIAN_POINT('',(0.,-2.5,-1.6));
#1236 = DIRECTION('',(0.,-0.,1.));
#1237 = DIRECTION('',(1.110223024625E-16,1.,0.));
#1238 = CYLINDRICAL_SURFACE('',#1239,0.9);
#1239 = AXIS2_PLACEMENT_3D('',#1240,#1241,#1242);
#1240 = CARTESIAN_POINT('',(0.,-2.5,-1.6));
#1241 = DIRECTION('',(0.,0.,-1.));
#1242 = DIRECTION('',(1.110223024625E-16,1.,0.));
#1243 = ADVANCED_FACE('',(#1244),#1280,.F.);
#1244 = FACE_BOUND('',#1245,.F.);
#1245 = EDGE_LOOP('',(#1246,#1256,#1265,#1273));
#1246 = ORIENTED_EDGE('',*,*,#1247,.T.);
#1247 = EDGE_CURVE('',#1248,#1250,#1252,.T.);
#1248 = VERTEX_POINT('',#1249);
#1249 = CARTESIAN_POINT('',(-6.409875621279E-17,-2.00005,-1.6));
#1250 = VERTEX_POINT('',#1251);
#1251 = CARTESIAN_POINT('',(-6.409875621279E-17,-2.00005,-1.59));
#1252 = LINE('',#1253,#1254);
#1253 = CARTESIAN_POINT('',(-6.409875621279E-17,-2.00005,-1.6));
#1254 = VECTOR('',#1255,1.);
#1255 = DIRECTION('',(0.,0.,1.));
#1256 = ORIENTED_EDGE('',*,*,#1257,.T.);
#1257 = EDGE_CURVE('',#1250,#1258,#1260,.T.);
#1258 = VERTEX_POINT('',#1259);
#1259 = CARTESIAN_POINT('',(-6.409875621279E-17,-2.99995,-1.59));
#1260 = CIRCLE('',#1261,0.49995);
#1261 = AXIS2_PLACEMENT_3D('',#1262,#1263,#1264);
#1262 = CARTESIAN_POINT('',(-6.409875621279E-17,-2.5,-1.59));
#1263 = DIRECTION('',(0.,0.,-1.));
#1264 = DIRECTION('',(-1.,0.,0.));
#1265 = ORIENTED_EDGE('',*,*,#1266,.F.);
#1266 = EDGE_CURVE('',#1267,#1258,#1269,.T.);
#1267 = VERTEX_POINT('',#1268);
#1268 = CARTESIAN_POINT('',(-6.409875621279E-17,-2.99995,-1.6));
#1269 = LINE('',#1270,#1271);
#1270 = CARTESIAN_POINT('',(-6.409875621279E-17,-2.99995,-1.6));
#1271 = VECTOR('',#1272,1.);
#1272 = DIRECTION('',(0.,0.,1.));
#1273 = ORIENTED_EDGE('',*,*,#1274,.F.);
#1274 = EDGE_CURVE('',#1248,#1267,#1275,.T.);
#1275 = CIRCLE('',#1276,0.49995);
#1276 = AXIS2_PLACEMENT_3D('',#1277,#1278,#1279);
#1277 = CARTESIAN_POINT('',(-6.409875621279E-17,-2.5,-1.6));
#1278 = DIRECTION('',(0.,0.,-1.));
#1279 = DIRECTION('',(-1.,0.,0.));
#1280 = CYLINDRICAL_SURFACE('',#1281,0.49995);
#1281 = AXIS2_PLACEMENT_3D('',#1282,#1283,#1284);
#1282 = CARTESIAN_POINT('',(-6.409875621279E-17,-2.5,-1.6));
#1283 = DIRECTION('',(0.,0.,-1.));
#1284 = DIRECTION('',(-1.,0.,0.));
#1285 = ADVANCED_FACE('',(#1286),#1304,.F.);
#1286 = FACE_BOUND('',#1287,.F.);
#1287 = EDGE_LOOP('',(#1288,#1289,#1296,#1297));
#1288 = ORIENTED_EDGE('',*,*,#1266,.T.);
#1289 = ORIENTED_EDGE('',*,*,#1290,.T.);
#1290 = EDGE_CURVE('',#1258,#1250,#1291,.T.);
#1291 = CIRCLE('',#1292,0.49995);
#1292 = AXIS2_PLACEMENT_3D('',#1293,#1294,#1295);
#1293 = CARTESIAN_POINT('',(-1.028019369959E-14,-2.5,-1.59));
#1294 = DIRECTION('',(0.,0.,-1.));
#1295 = DIRECTION('',(-1.,0.,0.));
#1296 = ORIENTED_EDGE('',*,*,#1247,.F.);
#1297 = ORIENTED_EDGE('',*,*,#1298,.F.);
#1298 = EDGE_CURVE('',#1267,#1248,#1299,.T.);
#1299 = CIRCLE('',#1300,0.49995);
#1300 = AXIS2_PLACEMENT_3D('',#1301,#1302,#1303);
#1301 = CARTESIAN_POINT('',(-1.028019369959E-14,-2.5,-1.6));
#1302 = DIRECTION('',(0.,0.,-1.));
#1303 = DIRECTION('',(-1.,0.,0.));
#1304 = CYLINDRICAL_SURFACE('',#1305,0.49995);
#1305 = AXIS2_PLACEMENT_3D('',#1306,#1307,#1308);
#1306 = CARTESIAN_POINT('',(-1.028019369959E-14,-2.5,-1.6));
#1307 = DIRECTION('',(0.,0.,-1.));
#1308 = DIRECTION('',(-1.,0.,0.));
#1309 = ADVANCED_FACE('',(#1310,#1313),#1317,.F.);
#1310 = FACE_BOUND('',#1311,.F.);
#1311 = EDGE_LOOP('',(#1312));
#1312 = ORIENTED_EDGE('',*,*,#1232,.T.);
#1313 = FACE_BOUND('',#1314,.F.);
#1314 = EDGE_LOOP('',(#1315,#1316));
#1315 = ORIENTED_EDGE('',*,*,#1274,.T.);
#1316 = ORIENTED_EDGE('',*,*,#1298,.T.);
#1317 = PLANE('',#1318);
#1318 = AXIS2_PLACEMENT_3D('',#1319,#1320,#1321);
#1319 = CARTESIAN_POINT('',(-4.156837097144E-17,-2.5,-1.6));
#1320 = DIRECTION('',(0.,0.,1.));
#1321 = DIRECTION('',(1.,0.,0.));
#1322 = ADVANCED_FACE('',(#1323,#1326),#1330,.T.);
#1323 = FACE_BOUND('',#1324,.T.);
#1324 = EDGE_LOOP('',(#1325));
#1325 = ORIENTED_EDGE('',*,*,#1224,.T.);
#1326 = FACE_BOUND('',#1327,.T.);
#1327 = EDGE_LOOP('',(#1328,#1329));
#1328 = ORIENTED_EDGE('',*,*,#1257,.T.);
#1329 = ORIENTED_EDGE('',*,*,#1290,.T.);
#1330 = PLANE('',#1331);
#1331 = AXIS2_PLACEMENT_3D('',#1332,#1333,#1334);
#1332 = CARTESIAN_POINT('',(-4.156837097144E-17,-2.5,-1.59));
#1333 = DIRECTION('',(0.,0.,1.));
#1334 = DIRECTION('',(1.,0.,0.));
#1335 = MANIFOLD_SOLID_BREP('',#1336);
#1336 = CLOSED_SHELL('',(#1337,#1377,#1408,#1439,#1461,#1503,#1527,#1543
    ));
#1337 = ADVANCED_FACE('',(#1338),#1372,.F.);
#1338 = FACE_BOUND('',#1339,.F.);
#1339 = EDGE_LOOP('',(#1340,#1350,#1358,#1366));
#1340 = ORIENTED_EDGE('',*,*,#1341,.T.);
#1341 = EDGE_CURVE('',#1342,#1344,#1346,.T.);
#1342 = VERTEX_POINT('',#1343);
#1343 = CARTESIAN_POINT('',(0.9,-0.9,-1.6));
#1344 = VERTEX_POINT('',#1345);
#1345 = CARTESIAN_POINT('',(0.9,-0.9,-1.59));
#1346 = LINE('',#1347,#1348);
#1347 = CARTESIAN_POINT('',(0.9,-0.9,-1.6));
#1348 = VECTOR('',#1349,1.);
#1349 = DIRECTION('',(0.,0.,1.));
#1350 = ORIENTED_EDGE('',*,*,#1351,.T.);
#1351 = EDGE_CURVE('',#1344,#1352,#1354,.T.);
#1352 = VERTEX_POINT('',#1353);
#1353 = CARTESIAN_POINT('',(0.9,0.9,-1.59));
#1354 = LINE('',#1355,#1356);
#1355 = CARTESIAN_POINT('',(0.9,-0.9,-1.59));
#1356 = VECTOR('',#1357,1.);
#1357 = DIRECTION('',(1.110223024625E-16,1.,0.));
#1358 = ORIENTED_EDGE('',*,*,#1359,.F.);
#1359 = EDGE_CURVE('',#1360,#1352,#1362,.T.);
#1360 = VERTEX_POINT('',#1361);
#1361 = CARTESIAN_POINT('',(0.9,0.9,-1.6));
#1362 = LINE('',#1363,#1364);
#1363 = CARTESIAN_POINT('',(0.9,0.9,-1.6));
#1364 = VECTOR('',#1365,1.);
#1365 = DIRECTION('',(0.,0.,1.));
#1366 = ORIENTED_EDGE('',*,*,#1367,.F.);
#1367 = EDGE_CURVE('',#1342,#1360,#1368,.T.);
#1368 = LINE('',#1369,#1370);
#1369 = CARTESIAN_POINT('',(0.9,-0.9,-1.6));
#1370 = VECTOR('',#1371,1.);
#1371 = DIRECTION('',(1.110223024625E-16,1.,0.));
#1372 = PLANE('',#1373);
#1373 = AXIS2_PLACEMENT_3D('',#1374,#1375,#1376);
#1374 = CARTESIAN_POINT('',(0.9,-0.9,-1.6));
#1375 = DIRECTION('',(-1.,1.110223024625E-16,0.));
#1376 = DIRECTION('',(1.110223024625E-16,1.,0.));
#1377 = ADVANCED_FACE('',(#1378),#1403,.F.);
#1378 = FACE_BOUND('',#1379,.F.);
#1379 = EDGE_LOOP('',(#1380,#1390,#1396,#1397));
#1380 = ORIENTED_EDGE('',*,*,#1381,.T.);
#1381 = EDGE_CURVE('',#1382,#1384,#1386,.T.);
#1382 = VERTEX_POINT('',#1383);
#1383 = CARTESIAN_POINT('',(-0.9,-0.9,-1.6));
#1384 = VERTEX_POINT('',#1385);
#1385 = CARTESIAN_POINT('',(-0.9,-0.9,-1.59));
#1386 = LINE('',#1387,#1388);
#1387 = CARTESIAN_POINT('',(-0.9,-0.9,-1.6));
#1388 = VECTOR('',#1389,1.);
#1389 = DIRECTION('',(0.,0.,1.));
#1390 = ORIENTED_EDGE('',*,*,#1391,.T.);
#1391 = EDGE_CURVE('',#1384,#1344,#1392,.T.);
#1392 = LINE('',#1393,#1394);
#1393 = CARTESIAN_POINT('',(-0.9,-0.9,-1.59));
#1394 = VECTOR('',#1395,1.);
#1395 = DIRECTION('',(1.,-1.110223024625E-16,0.));
#1396 = ORIENTED_EDGE('',*,*,#1341,.F.);
#1397 = ORIENTED_EDGE('',*,*,#1398,.F.);
#1398 = EDGE_CURVE('',#1382,#1342,#1399,.T.);
#1399 = LINE('',#1400,#1401);
#1400 = CARTESIAN_POINT('',(-0.9,-0.9,-1.6));
#1401 = VECTOR('',#1402,1.);
#1402 = DIRECTION('',(1.,-1.110223024625E-16,0.));
#1403 = PLANE('',#1404);
#1404 = AXIS2_PLACEMENT_3D('',#1405,#1406,#1407);
#1405 = CARTESIAN_POINT('',(-0.9,-0.9,-1.6));
#1406 = DIRECTION('',(1.110223024625E-16,1.,0.));
#1407 = DIRECTION('',(1.,-1.110223024625E-16,0.));
#1408 = ADVANCED_FACE('',(#1409),#1434,.F.);
#1409 = FACE_BOUND('',#1410,.F.);
#1410 = EDGE_LOOP('',(#1411,#1412,#1420,#1428));
#1411 = ORIENTED_EDGE('',*,*,#1359,.T.);
#1412 = ORIENTED_EDGE('',*,*,#1413,.T.);
#1413 = EDGE_CURVE('',#1352,#1414,#1416,.T.);
#1414 = VERTEX_POINT('',#1415);
#1415 = CARTESIAN_POINT('',(-0.9,0.9,-1.59));
#1416 = LINE('',#1417,#1418);
#1417 = CARTESIAN_POINT('',(0.9,0.9,-1.59));
#1418 = VECTOR('',#1419,1.);
#1419 = DIRECTION('',(-1.,1.110223024625E-16,0.));
#1420 = ORIENTED_EDGE('',*,*,#1421,.F.);
#1421 = EDGE_CURVE('',#1422,#1414,#1424,.T.);
#1422 = VERTEX_POINT('',#1423);
#1423 = CARTESIAN_POINT('',(-0.9,0.9,-1.6));
#1424 = LINE('',#1425,#1426);
#1425 = CARTESIAN_POINT('',(-0.9,0.9,-1.6));
#1426 = VECTOR('',#1427,1.);
#1427 = DIRECTION('',(0.,0.,1.));
#1428 = ORIENTED_EDGE('',*,*,#1429,.F.);
#1429 = EDGE_CURVE('',#1360,#1422,#1430,.T.);
#1430 = LINE('',#1431,#1432);
#1431 = CARTESIAN_POINT('',(0.9,0.9,-1.6));
#1432 = VECTOR('',#1433,1.);
#1433 = DIRECTION('',(-1.,1.110223024625E-16,0.));
#1434 = PLANE('',#1435);
#1435 = AXIS2_PLACEMENT_3D('',#1436,#1437,#1438);
#1436 = CARTESIAN_POINT('',(0.9,0.9,-1.6));
#1437 = DIRECTION('',(-1.110223024625E-16,-1.,0.));
#1438 = DIRECTION('',(-1.,1.110223024625E-16,0.));
#1439 = ADVANCED_FACE('',(#1440),#1456,.F.);
#1440 = FACE_BOUND('',#1441,.F.);
#1441 = EDGE_LOOP('',(#1442,#1443,#1449,#1450));
#1442 = ORIENTED_EDGE('',*,*,#1421,.T.);
#1443 = ORIENTED_EDGE('',*,*,#1444,.T.);
#1444 = EDGE_CURVE('',#1414,#1384,#1445,.T.);
#1445 = LINE('',#1446,#1447);
#1446 = CARTESIAN_POINT('',(-0.9,0.9,-1.59));
#1447 = VECTOR('',#1448,1.);
#1448 = DIRECTION('',(-1.110223024625E-16,-1.,0.));
#1449 = ORIENTED_EDGE('',*,*,#1381,.F.);
#1450 = ORIENTED_EDGE('',*,*,#1451,.F.);
#1451 = EDGE_CURVE('',#1422,#1382,#1452,.T.);
#1452 = LINE('',#1453,#1454);
#1453 = CARTESIAN_POINT('',(-0.9,0.9,-1.6));
#1454 = VECTOR('',#1455,1.);
#1455 = DIRECTION('',(-1.110223024625E-16,-1.,0.));
#1456 = PLANE('',#1457);
#1457 = AXIS2_PLACEMENT_3D('',#1458,#1459,#1460);
#1458 = CARTESIAN_POINT('',(-0.9,0.9,-1.6));
#1459 = DIRECTION('',(1.,-1.110223024625E-16,0.));
#1460 = DIRECTION('',(-1.110223024625E-16,-1.,0.));
#1461 = ADVANCED_FACE('',(#1462),#1498,.F.);
#1462 = FACE_BOUND('',#1463,.F.);
#1463 = EDGE_LOOP('',(#1464,#1474,#1483,#1491));
#1464 = ORIENTED_EDGE('',*,*,#1465,.T.);
#1465 = EDGE_CURVE('',#1466,#1468,#1470,.T.);
#1466 = VERTEX_POINT('',#1467);
#1467 = CARTESIAN_POINT('',(-6.409875621279E-17,0.4999499,-1.6));
#1468 = VERTEX_POINT('',#1469);
#1469 = CARTESIAN_POINT('',(-6.409875621279E-17,0.4999499,-1.59));
#1470 = LINE('',#1471,#1472);
#1471 = CARTESIAN_POINT('',(-6.409875621279E-17,0.4999499,-1.6));
#1472 = VECTOR('',#1473,1.);
#1473 = DIRECTION('',(0.,0.,1.));
#1474 = ORIENTED_EDGE('',*,*,#1475,.T.);
#1475 = EDGE_CURVE('',#1468,#1476,#1478,.T.);
#1476 = VERTEX_POINT('',#1477);
#1477 = CARTESIAN_POINT('',(-6.409875621279E-17,-0.49995,-1.59));
#1478 = CIRCLE('',#1479,0.49994995);
#1479 = AXIS2_PLACEMENT_3D('',#1480,#1481,#1482);
#1480 = CARTESIAN_POINT('',(4.999999994092E-08,-4.999999991765E-08,-1.59
    ));
#1481 = DIRECTION('',(0.,0.,-1.));
#1482 = DIRECTION('',(-1.,0.,0.));
#1483 = ORIENTED_EDGE('',*,*,#1484,.F.);
#1484 = EDGE_CURVE('',#1485,#1476,#1487,.T.);
#1485 = VERTEX_POINT('',#1486);
#1486 = CARTESIAN_POINT('',(-6.409875621279E-17,-0.49995,-1.6));
#1487 = LINE('',#1488,#1489);
#1488 = CARTESIAN_POINT('',(-6.409875621279E-17,-0.49995,-1.6));
#1489 = VECTOR('',#1490,1.);
#1490 = DIRECTION('',(0.,0.,1.));
#1491 = ORIENTED_EDGE('',*,*,#1492,.F.);
#1492 = EDGE_CURVE('',#1466,#1485,#1493,.T.);
#1493 = CIRCLE('',#1494,0.49994995);
#1494 = AXIS2_PLACEMENT_3D('',#1495,#1496,#1497);
#1495 = CARTESIAN_POINT('',(4.999999994092E-08,-4.999999991765E-08,-1.6)
  );
#1496 = DIRECTION('',(0.,0.,-1.));
#1497 = DIRECTION('',(-1.,0.,0.));
#1498 = CYLINDRICAL_SURFACE('',#1499,0.49994995);
#1499 = AXIS2_PLACEMENT_3D('',#1500,#1501,#1502);
#1500 = CARTESIAN_POINT('',(4.999999994092E-08,-4.999999991765E-08,-1.6)
  );
#1501 = DIRECTION('',(0.,0.,-1.));
#1502 = DIRECTION('',(-1.,0.,0.));
#1503 = ADVANCED_FACE('',(#1504),#1522,.F.);
#1504 = FACE_BOUND('',#1505,.F.);
#1505 = EDGE_LOOP('',(#1506,#1507,#1514,#1515));
#1506 = ORIENTED_EDGE('',*,*,#1484,.T.);
#1507 = ORIENTED_EDGE('',*,*,#1508,.T.);
#1508 = EDGE_CURVE('',#1476,#1468,#1509,.T.);
#1509 = CIRCLE('',#1510,0.49994995);
#1510 = AXIS2_PLACEMENT_3D('',#1511,#1512,#1513);
#1511 = CARTESIAN_POINT('',(4.999999994092E-08,-4.999999991765E-08,-1.59
    ));
#1512 = DIRECTION('',(0.,0.,-1.));
#1513 = DIRECTION('',(-1.,0.,0.));
#1514 = ORIENTED_EDGE('',*,*,#1465,.F.);
#1515 = ORIENTED_EDGE('',*,*,#1516,.F.);
#1516 = EDGE_CURVE('',#1485,#1466,#1517,.T.);
#1517 = CIRCLE('',#1518,0.49994995);
#1518 = AXIS2_PLACEMENT_3D('',#1519,#1520,#1521);
#1519 = CARTESIAN_POINT('',(4.999999994092E-08,-4.999999991765E-08,-1.6)
  );
#1520 = DIRECTION('',(0.,0.,-1.));
#1521 = DIRECTION('',(-1.,0.,0.));
#1522 = CYLINDRICAL_SURFACE('',#1523,0.49994995);
#1523 = AXIS2_PLACEMENT_3D('',#1524,#1525,#1526);
#1524 = CARTESIAN_POINT('',(4.999999994092E-08,-4.999999991765E-08,-1.6)
  );
#1525 = DIRECTION('',(0.,0.,-1.));
#1526 = DIRECTION('',(-1.,0.,0.));
#1527 = ADVANCED_FACE('',(#1528,#1534),#1538,.F.);
#1528 = FACE_BOUND('',#1529,.F.);
#1529 = EDGE_LOOP('',(#1530,#1531,#1532,#1533));
#1530 = ORIENTED_EDGE('',*,*,#1367,.T.);
#1531 = ORIENTED_EDGE('',*,*,#1429,.T.);
#1532 = ORIENTED_EDGE('',*,*,#1451,.T.);
#1533 = ORIENTED_EDGE('',*,*,#1398,.T.);
#1534 = FACE_BOUND('',#1535,.F.);
#1535 = EDGE_LOOP('',(#1536,#1537));
#1536 = ORIENTED_EDGE('',*,*,#1492,.T.);
#1537 = ORIENTED_EDGE('',*,*,#1516,.T.);
#1538 = PLANE('',#1539);
#1539 = AXIS2_PLACEMENT_3D('',#1540,#1541,#1542);
#1540 = CARTESIAN_POINT('',(-3.083952846181E-17,0.,-1.6));
#1541 = DIRECTION('',(0.,0.,1.));
#1542 = DIRECTION('',(1.,0.,0.));
#1543 = ADVANCED_FACE('',(#1544,#1550),#1554,.T.);
#1544 = FACE_BOUND('',#1545,.T.);
#1545 = EDGE_LOOP('',(#1546,#1547,#1548,#1549));
#1546 = ORIENTED_EDGE('',*,*,#1351,.T.);
#1547 = ORIENTED_EDGE('',*,*,#1413,.T.);
#1548 = ORIENTED_EDGE('',*,*,#1444,.T.);
#1549 = ORIENTED_EDGE('',*,*,#1391,.T.);
#1550 = FACE_BOUND('',#1551,.T.);
#1551 = EDGE_LOOP('',(#1552,#1553));
#1552 = ORIENTED_EDGE('',*,*,#1475,.T.);
#1553 = ORIENTED_EDGE('',*,*,#1508,.T.);
#1554 = PLANE('',#1555);
#1555 = AXIS2_PLACEMENT_3D('',#1556,#1557,#1558);
#1556 = CARTESIAN_POINT('',(-3.083952846181E-17,0.,-1.59));
#1557 = DIRECTION('',(0.,0.,1.));
#1558 = DIRECTION('',(1.,0.,0.));
#1559 = MANIFOLD_SOLID_BREP('',#1560);
#1560 = CLOSED_SHELL('',(#1561,#1603,#1634,#1665,#1689,#1731,#1762,#1795
    ,#1817,#1835));
#1561 = ADVANCED_FACE('',(#1562),#1598,.T.);
#1562 = FACE_BOUND('',#1563,.F.);
#1563 = EDGE_LOOP('',(#1564,#1574,#1583,#1591));
#1564 = ORIENTED_EDGE('',*,*,#1565,.T.);
#1565 = EDGE_CURVE('',#1566,#1568,#1570,.T.);
#1566 = VERTEX_POINT('',#1567);
#1567 = CARTESIAN_POINT('',(7.24,-5.94,-1.6));
#1568 = VERTEX_POINT('',#1569);
#1569 = CARTESIAN_POINT('',(7.24,-5.94,-1.59));
#1570 = LINE('',#1571,#1572);
#1571 = CARTESIAN_POINT('',(7.24,-5.94,-1.6));
#1572 = VECTOR('',#1573,1.);
#1573 = DIRECTION('',(0.,0.,1.));
#1574 = ORIENTED_EDGE('',*,*,#1575,.T.);
#1575 = EDGE_CURVE('',#1568,#1576,#1578,.T.);
#1576 = VERTEX_POINT('',#1577);
#1577 = CARTESIAN_POINT('',(7.24,-8.66,-1.59));
#1578 = CIRCLE('',#1579,1.36);
#1579 = AXIS2_PLACEMENT_3D('',#1580,#1581,#1582);
#1580 = CARTESIAN_POINT('',(7.24,-7.3,-1.59));
#1581 = DIRECTION('',(0.,-0.,1.));
#1582 = DIRECTION('',(1.110223024625E-16,1.,0.));
#1583 = ORIENTED_EDGE('',*,*,#1584,.F.);
#1584 = EDGE_CURVE('',#1585,#1576,#1587,.T.);
#1585 = VERTEX_POINT('',#1586);
#1586 = CARTESIAN_POINT('',(7.24,-8.66,-1.6));
#1587 = LINE('',#1588,#1589);
#1588 = CARTESIAN_POINT('',(7.24,-8.66,-1.6));
#1589 = VECTOR('',#1590,1.);
#1590 = DIRECTION('',(0.,0.,1.));
#1591 = ORIENTED_EDGE('',*,*,#1592,.F.);
#1592 = EDGE_CURVE('',#1566,#1585,#1593,.T.);
#1593 = CIRCLE('',#1594,1.36);
#1594 = AXIS2_PLACEMENT_3D('',#1595,#1596,#1597);
#1595 = CARTESIAN_POINT('',(7.24,-7.3,-1.6));
#1596 = DIRECTION('',(0.,-0.,1.));
#1597 = DIRECTION('',(1.110223024625E-16,1.,0.));
#1598 = CYLINDRICAL_SURFACE('',#1599,1.36);
#1599 = AXIS2_PLACEMENT_3D('',#1600,#1601,#1602);
#1600 = CARTESIAN_POINT('',(7.24,-7.3,-1.6));
#1601 = DIRECTION('',(0.,0.,-1.));
#1602 = DIRECTION('',(1.110223024625E-16,1.,0.));
#1603 = ADVANCED_FACE('',(#1604),#1629,.F.);
#1604 = FACE_BOUND('',#1605,.F.);
#1605 = EDGE_LOOP('',(#1606,#1616,#1622,#1623));
#1606 = ORIENTED_EDGE('',*,*,#1607,.T.);
#1607 = EDGE_CURVE('',#1608,#1610,#1612,.T.);
#1608 = VERTEX_POINT('',#1609);
#1609 = CARTESIAN_POINT('',(7.76,-5.94,-1.6));
#1610 = VERTEX_POINT('',#1611);
#1611 = CARTESIAN_POINT('',(7.76,-5.94,-1.59));
#1612 = LINE('',#1613,#1614);
#1613 = CARTESIAN_POINT('',(7.76,-5.94,-1.6));
#1614 = VECTOR('',#1615,1.);
#1615 = DIRECTION('',(0.,0.,1.));
#1616 = ORIENTED_EDGE('',*,*,#1617,.T.);
#1617 = EDGE_CURVE('',#1610,#1568,#1618,.T.);
#1618 = LINE('',#1619,#1620);
#1619 = CARTESIAN_POINT('',(7.76,-5.94,-1.59));
#1620 = VECTOR('',#1621,1.);
#1621 = DIRECTION('',(-1.,1.110223024625E-16,0.));
#1622 = ORIENTED_EDGE('',*,*,#1565,.F.);
#1623 = ORIENTED_EDGE('',*,*,#1624,.F.);
#1624 = EDGE_CURVE('',#1608,#1566,#1625,.T.);
#1625 = LINE('',#1626,#1627);
#1626 = CARTESIAN_POINT('',(7.76,-5.94,-1.6));
#1627 = VECTOR('',#1628,1.);
#1628 = DIRECTION('',(-1.,1.110223024625E-16,0.));
#1629 = PLANE('',#1630);
#1630 = AXIS2_PLACEMENT_3D('',#1631,#1632,#1633);
#1631 = CARTESIAN_POINT('',(7.76,-5.94,-1.6));
#1632 = DIRECTION('',(-1.110223024625E-16,-1.,0.));
#1633 = DIRECTION('',(-1.,1.110223024625E-16,0.));
#1634 = ADVANCED_FACE('',(#1635),#1660,.F.);
#1635 = FACE_BOUND('',#1636,.F.);
#1636 = EDGE_LOOP('',(#1637,#1638,#1646,#1654));
#1637 = ORIENTED_EDGE('',*,*,#1584,.T.);
#1638 = ORIENTED_EDGE('',*,*,#1639,.T.);
#1639 = EDGE_CURVE('',#1576,#1640,#1642,.T.);
#1640 = VERTEX_POINT('',#1641);
#1641 = CARTESIAN_POINT('',(7.76,-8.66,-1.59));
#1642 = LINE('',#1643,#1644);
#1643 = CARTESIAN_POINT('',(7.24,-8.66,-1.59));
#1644 = VECTOR('',#1645,1.);
#1645 = DIRECTION('',(1.,-1.110223024625E-16,0.));
#1646 = ORIENTED_EDGE('',*,*,#1647,.F.);
#1647 = EDGE_CURVE('',#1648,#1640,#1650,.T.);
#1648 = VERTEX_POINT('',#1649);
#1649 = CARTESIAN_POINT('',(7.76,-8.66,-1.6));
#1650 = LINE('',#1651,#1652);
#1651 = CARTESIAN_POINT('',(7.76,-8.66,-1.6));
#1652 = VECTOR('',#1653,1.);
#1653 = DIRECTION('',(0.,0.,1.));
#1654 = ORIENTED_EDGE('',*,*,#1655,.F.);
#1655 = EDGE_CURVE('',#1585,#1648,#1656,.T.);
#1656 = LINE('',#1657,#1658);
#1657 = CARTESIAN_POINT('',(7.24,-8.66,-1.6));
#1658 = VECTOR('',#1659,1.);
#1659 = DIRECTION('',(1.,-1.110223024625E-16,0.));
#1660 = PLANE('',#1661);
#1661 = AXIS2_PLACEMENT_3D('',#1662,#1663,#1664);
#1662 = CARTESIAN_POINT('',(7.24,-8.66,-1.6));
#1663 = DIRECTION('',(1.110223024625E-16,1.,0.));
#1664 = DIRECTION('',(1.,-1.110223024625E-16,0.));
#1665 = ADVANCED_FACE('',(#1666),#1684,.T.);
#1666 = FACE_BOUND('',#1667,.F.);
#1667 = EDGE_LOOP('',(#1668,#1669,#1676,#1677));
#1668 = ORIENTED_EDGE('',*,*,#1647,.T.);
#1669 = ORIENTED_EDGE('',*,*,#1670,.T.);
#1670 = EDGE_CURVE('',#1640,#1610,#1671,.T.);
#1671 = CIRCLE('',#1672,1.36);
#1672 = AXIS2_PLACEMENT_3D('',#1673,#1674,#1675);
#1673 = CARTESIAN_POINT('',(7.76,-7.3,-1.59));
#1674 = DIRECTION('',(0.,-0.,1.));
#1675 = DIRECTION('',(1.110223024625E-16,1.,0.));
#1676 = ORIENTED_EDGE('',*,*,#1607,.F.);
#1677 = ORIENTED_EDGE('',*,*,#1678,.F.);
#1678 = EDGE_CURVE('',#1648,#1608,#1679,.T.);
#1679 = CIRCLE('',#1680,1.36);
#1680 = AXIS2_PLACEMENT_3D('',#1681,#1682,#1683);
#1681 = CARTESIAN_POINT('',(7.76,-7.3,-1.6));
#1682 = DIRECTION('',(0.,-0.,1.));
#1683 = DIRECTION('',(1.110223024625E-16,1.,0.));
#1684 = CYLINDRICAL_SURFACE('',#1685,1.36);
#1685 = AXIS2_PLACEMENT_3D('',#1686,#1687,#1688);
#1686 = CARTESIAN_POINT('',(7.76,-7.3,-1.6));
#1687 = DIRECTION('',(0.,0.,-1.));
#1688 = DIRECTION('',(1.110223024625E-16,1.,0.));
#1689 = ADVANCED_FACE('',(#1690),#1726,.F.);
#1690 = FACE_BOUND('',#1691,.F.);
#1691 = EDGE_LOOP('',(#1692,#1702,#1711,#1719));
#1692 = ORIENTED_EDGE('',*,*,#1693,.T.);
#1693 = EDGE_CURVE('',#1694,#1696,#1698,.T.);
#1694 = VERTEX_POINT('',#1695);
#1695 = CARTESIAN_POINT('',(7.8499999,-6.75005,-1.6));
#1696 = VERTEX_POINT('',#1697);
#1697 = CARTESIAN_POINT('',(7.8499999,-6.75005,-1.59));
#1698 = LINE('',#1699,#1700);
#1699 = CARTESIAN_POINT('',(7.8499999,-6.75005,-1.6));
#1700 = VECTOR('',#1701,1.);
#1701 = DIRECTION('',(0.,0.,1.));
#1702 = ORIENTED_EDGE('',*,*,#1703,.T.);
#1703 = EDGE_CURVE('',#1696,#1704,#1706,.T.);
#1704 = VERTEX_POINT('',#1705);
#1705 = CARTESIAN_POINT('',(7.85,-7.84995,-1.59));
#1706 = CIRCLE('',#1707,0.54995);
#1707 = AXIS2_PLACEMENT_3D('',#1708,#1709,#1710);
#1708 = CARTESIAN_POINT('',(7.849999921849,-7.3,-1.59));
#1709 = DIRECTION('',(0.,0.,-1.));
#1710 = DIRECTION('',(-1.,0.,0.));
#1711 = ORIENTED_EDGE('',*,*,#1712,.F.);
#1712 = EDGE_CURVE('',#1713,#1704,#1715,.T.);
#1713 = VERTEX_POINT('',#1714);
#1714 = CARTESIAN_POINT('',(7.85,-7.84995,-1.6));
#1715 = LINE('',#1716,#1717);
#1716 = CARTESIAN_POINT('',(7.85,-7.84995,-1.6));
#1717 = VECTOR('',#1718,1.);
#1718 = DIRECTION('',(0.,0.,1.));
#1719 = ORIENTED_EDGE('',*,*,#1720,.F.);
#1720 = EDGE_CURVE('',#1694,#1713,#1721,.T.);
#1721 = CIRCLE('',#1722,0.54995);
#1722 = AXIS2_PLACEMENT_3D('',#1723,#1724,#1725);
#1723 = CARTESIAN_POINT('',(7.849999921849,-7.3,-1.6));
#1724 = DIRECTION('',(0.,0.,-1.));
#1725 = DIRECTION('',(-1.,0.,0.));
#1726 = CYLINDRICAL_SURFACE('',#1727,0.54995);
#1727 = AXIS2_PLACEMENT_3D('',#1728,#1729,#1730);
#1728 = CARTESIAN_POINT('',(7.849999921849,-7.3,-1.6));
#1729 = DIRECTION('',(0.,0.,-1.));
#1730 = DIRECTION('',(-1.,0.,0.));
#1731 = ADVANCED_FACE('',(#1732),#1757,.F.);
#1732 = FACE_BOUND('',#1733,.F.);
#1733 = EDGE_LOOP('',(#1734,#1744,#1750,#1751));
#1734 = ORIENTED_EDGE('',*,*,#1735,.T.);
#1735 = EDGE_CURVE('',#1736,#1738,#1740,.T.);
#1736 = VERTEX_POINT('',#1737);
#1737 = CARTESIAN_POINT('',(7.15,-6.75005,-1.6));
#1738 = VERTEX_POINT('',#1739);
#1739 = CARTESIAN_POINT('',(7.15,-6.75005,-1.59));
#1740 = LINE('',#1741,#1742);
#1741 = CARTESIAN_POINT('',(7.15,-6.75005,-1.6));
#1742 = VECTOR('',#1743,1.);
#1743 = DIRECTION('',(0.,0.,1.));
#1744 = ORIENTED_EDGE('',*,*,#1745,.T.);
#1745 = EDGE_CURVE('',#1738,#1696,#1746,.T.);
#1746 = LINE('',#1747,#1748);
#1747 = CARTESIAN_POINT('',(7.15,-6.75005,-1.59));
#1748 = VECTOR('',#1749,1.);
#1749 = DIRECTION('',(1.,0.,0.));
#1750 = ORIENTED_EDGE('',*,*,#1693,.F.);
#1751 = ORIENTED_EDGE('',*,*,#1752,.F.);
#1752 = EDGE_CURVE('',#1736,#1694,#1753,.T.);
#1753 = LINE('',#1754,#1755);
#1754 = CARTESIAN_POINT('',(7.15,-6.75005,-1.6));
#1755 = VECTOR('',#1756,1.);
#1756 = DIRECTION('',(1.,0.,0.));
#1757 = PLANE('',#1758);
#1758 = AXIS2_PLACEMENT_3D('',#1759,#1760,#1761);
#1759 = CARTESIAN_POINT('',(7.15,-6.75005,-1.6));
#1760 = DIRECTION('',(0.,1.,0.));
#1761 = DIRECTION('',(1.,0.,0.));
#1762 = ADVANCED_FACE('',(#1763),#1790,.F.);
#1763 = FACE_BOUND('',#1764,.F.);
#1764 = EDGE_LOOP('',(#1765,#1775,#1782,#1783));
#1765 = ORIENTED_EDGE('',*,*,#1766,.T.);
#1766 = EDGE_CURVE('',#1767,#1769,#1771,.T.);
#1767 = VERTEX_POINT('',#1768);
#1768 = CARTESIAN_POINT('',(7.15,-7.84995,-1.6));
#1769 = VERTEX_POINT('',#1770);
#1770 = CARTESIAN_POINT('',(7.15,-7.84995,-1.59));
#1771 = LINE('',#1772,#1773);
#1772 = CARTESIAN_POINT('',(7.15,-7.84995,-1.6));
#1773 = VECTOR('',#1774,1.);
#1774 = DIRECTION('',(0.,0.,1.));
#1775 = ORIENTED_EDGE('',*,*,#1776,.T.);
#1776 = EDGE_CURVE('',#1769,#1738,#1777,.T.);
#1777 = CIRCLE('',#1778,0.54995);
#1778 = AXIS2_PLACEMENT_3D('',#1779,#1780,#1781);
#1779 = CARTESIAN_POINT('',(7.149999973903,-7.3,-1.59));
#1780 = DIRECTION('',(0.,0.,-1.));
#1781 = DIRECTION('',(-1.,0.,0.));
#1782 = ORIENTED_EDGE('',*,*,#1735,.F.);
#1783 = ORIENTED_EDGE('',*,*,#1784,.F.);
#1784 = EDGE_CURVE('',#1767,#1736,#1785,.T.);
#1785 = CIRCLE('',#1786,0.54995);
#1786 = AXIS2_PLACEMENT_3D('',#1787,#1788,#1789);
#1787 = CARTESIAN_POINT('',(7.149999973903,-7.3,-1.6));
#1788 = DIRECTION('',(0.,0.,-1.));
#1789 = DIRECTION('',(-1.,0.,0.));
#1790 = CYLINDRICAL_SURFACE('',#1791,0.54995);
#1791 = AXIS2_PLACEMENT_3D('',#1792,#1793,#1794);
#1792 = CARTESIAN_POINT('',(7.149999973903,-7.3,-1.6));
#1793 = DIRECTION('',(0.,0.,-1.));
#1794 = DIRECTION('',(-1.,0.,0.));
#1795 = ADVANCED_FACE('',(#1796),#1812,.F.);
#1796 = FACE_BOUND('',#1797,.F.);
#1797 = EDGE_LOOP('',(#1798,#1799,#1805,#1806));
#1798 = ORIENTED_EDGE('',*,*,#1712,.T.);
#1799 = ORIENTED_EDGE('',*,*,#1800,.T.);
#1800 = EDGE_CURVE('',#1704,#1769,#1801,.T.);
#1801 = LINE('',#1802,#1803);
#1802 = CARTESIAN_POINT('',(7.85,-7.84995,-1.59));
#1803 = VECTOR('',#1804,1.);
#1804 = DIRECTION('',(-1.,0.,0.));
#1805 = ORIENTED_EDGE('',*,*,#1766,.F.);
#1806 = ORIENTED_EDGE('',*,*,#1807,.F.);
#1807 = EDGE_CURVE('',#1713,#1767,#1808,.T.);
#1808 = LINE('',#1809,#1810);
#1809 = CARTESIAN_POINT('',(7.85,-7.84995,-1.6));
#1810 = VECTOR('',#1811,1.);
#1811 = DIRECTION('',(-1.,0.,0.));
#1812 = PLANE('',#1813);
#1813 = AXIS2_PLACEMENT_3D('',#1814,#1815,#1816);
#1814 = CARTESIAN_POINT('',(7.85,-7.84995,-1.6));
#1815 = DIRECTION('',(0.,-1.,0.));
#1816 = DIRECTION('',(-1.,0.,0.));
#1817 = ADVANCED_FACE('',(#1818,#1824),#1830,.F.);
#1818 = FACE_BOUND('',#1819,.F.);
#1819 = EDGE_LOOP('',(#1820,#1821,#1822,#1823));
#1820 = ORIENTED_EDGE('',*,*,#1592,.T.);
#1821 = ORIENTED_EDGE('',*,*,#1655,.T.);
#1822 = ORIENTED_EDGE('',*,*,#1678,.T.);
#1823 = ORIENTED_EDGE('',*,*,#1624,.T.);
#1824 = FACE_BOUND('',#1825,.F.);
#1825 = EDGE_LOOP('',(#1826,#1827,#1828,#1829));
#1826 = ORIENTED_EDGE('',*,*,#1720,.T.);
#1827 = ORIENTED_EDGE('',*,*,#1807,.T.);
#1828 = ORIENTED_EDGE('',*,*,#1784,.T.);
#1829 = ORIENTED_EDGE('',*,*,#1752,.T.);
#1830 = PLANE('',#1831);
#1831 = AXIS2_PLACEMENT_3D('',#1832,#1833,#1834);
#1832 = CARTESIAN_POINT('',(7.5,-7.3,-1.6));
#1833 = DIRECTION('',(0.,0.,1.));
#1834 = DIRECTION('',(1.,0.,0.));
#1835 = ADVANCED_FACE('',(#1836,#1842),#1848,.T.);
#1836 = FACE_BOUND('',#1837,.T.);
#1837 = EDGE_LOOP('',(#1838,#1839,#1840,#1841));
#1838 = ORIENTED_EDGE('',*,*,#1575,.T.);
#1839 = ORIENTED_EDGE('',*,*,#1639,.T.);
#1840 = ORIENTED_EDGE('',*,*,#1670,.T.);
#1841 = ORIENTED_EDGE('',*,*,#1617,.T.);
#1842 = FACE_BOUND('',#1843,.T.);
#1843 = EDGE_LOOP('',(#1844,#1845,#1846,#1847));
#1844 = ORIENTED_EDGE('',*,*,#1703,.T.);
#1845 = ORIENTED_EDGE('',*,*,#1800,.T.);
#1846 = ORIENTED_EDGE('',*,*,#1776,.T.);
#1847 = ORIENTED_EDGE('',*,*,#1745,.T.);
#1848 = PLANE('',#1849);
#1849 = AXIS2_PLACEMENT_3D('',#1850,#1851,#1852);
#1850 = CARTESIAN_POINT('',(7.5,-7.3,-1.59));
#1851 = DIRECTION('',(0.,0.,1.));
#1852 = DIRECTION('',(1.,0.,0.));
#1853 = MANIFOLD_SOLID_BREP('',#1854);
#1854 = CLOSED_SHELL('',(#1855,#1897,#1928,#1959,#1983,#2025,#2056,#2089
    ,#2111,#2129));
#1855 = ADVANCED_FACE('',(#1856),#1892,.T.);
#1856 = FACE_BOUND('',#1857,.F.);
#1857 = EDGE_LOOP('',(#1858,#1868,#1877,#1885));
#1858 = ORIENTED_EDGE('',*,*,#1859,.T.);
#1859 = EDGE_CURVE('',#1860,#1862,#1864,.T.);
#1860 = VERTEX_POINT('',#1861);
#1861 = CARTESIAN_POINT('',(7.24,3.66,-1.6));
#1862 = VERTEX_POINT('',#1863);
#1863 = CARTESIAN_POINT('',(7.24,3.66,-1.59));
#1864 = LINE('',#1865,#1866);
#1865 = CARTESIAN_POINT('',(7.24,3.66,-1.6));
#1866 = VECTOR('',#1867,1.);
#1867 = DIRECTION('',(0.,0.,1.));
#1868 = ORIENTED_EDGE('',*,*,#1869,.T.);
#1869 = EDGE_CURVE('',#1862,#1870,#1872,.T.);
#1870 = VERTEX_POINT('',#1871);
#1871 = CARTESIAN_POINT('',(7.24,0.94,-1.59));
#1872 = CIRCLE('',#1873,1.36);
#1873 = AXIS2_PLACEMENT_3D('',#1874,#1875,#1876);
#1874 = CARTESIAN_POINT('',(7.24,2.3,-1.59));
#1875 = DIRECTION('',(0.,-0.,1.));
#1876 = DIRECTION('',(1.110223024625E-16,1.,0.));
#1877 = ORIENTED_EDGE('',*,*,#1878,.F.);
#1878 = EDGE_CURVE('',#1879,#1870,#1881,.T.);
#1879 = VERTEX_POINT('',#1880);
#1880 = CARTESIAN_POINT('',(7.24,0.94,-1.6));
#1881 = LINE('',#1882,#1883);
#1882 = CARTESIAN_POINT('',(7.24,0.94,-1.6));
#1883 = VECTOR('',#1884,1.);
#1884 = DIRECTION('',(0.,0.,1.));
#1885 = ORIENTED_EDGE('',*,*,#1886,.F.);
#1886 = EDGE_CURVE('',#1860,#1879,#1887,.T.);
#1887 = CIRCLE('',#1888,1.36);
#1888 = AXIS2_PLACEMENT_3D('',#1889,#1890,#1891);
#1889 = CARTESIAN_POINT('',(7.24,2.3,-1.6));
#1890 = DIRECTION('',(0.,-0.,1.));
#1891 = DIRECTION('',(1.110223024625E-16,1.,0.));
#1892 = CYLINDRICAL_SURFACE('',#1893,1.36);
#1893 = AXIS2_PLACEMENT_3D('',#1894,#1895,#1896);
#1894 = CARTESIAN_POINT('',(7.24,2.3,-1.6));
#1895 = DIRECTION('',(0.,0.,-1.));
#1896 = DIRECTION('',(1.110223024625E-16,1.,0.));
#1897 = ADVANCED_FACE('',(#1898),#1923,.F.);
#1898 = FACE_BOUND('',#1899,.F.);
#1899 = EDGE_LOOP('',(#1900,#1910,#1916,#1917));
#1900 = ORIENTED_EDGE('',*,*,#1901,.T.);
#1901 = EDGE_CURVE('',#1902,#1904,#1906,.T.);
#1902 = VERTEX_POINT('',#1903);
#1903 = CARTESIAN_POINT('',(7.76,3.66,-1.6));
#1904 = VERTEX_POINT('',#1905);
#1905 = CARTESIAN_POINT('',(7.76,3.66,-1.59));
#1906 = LINE('',#1907,#1908);
#1907 = CARTESIAN_POINT('',(7.76,3.66,-1.6));
#1908 = VECTOR('',#1909,1.);
#1909 = DIRECTION('',(0.,0.,1.));
#1910 = ORIENTED_EDGE('',*,*,#1911,.T.);
#1911 = EDGE_CURVE('',#1904,#1862,#1912,.T.);
#1912 = LINE('',#1913,#1914);
#1913 = CARTESIAN_POINT('',(7.76,3.66,-1.59));
#1914 = VECTOR('',#1915,1.);
#1915 = DIRECTION('',(-1.,1.110223024625E-16,0.));
#1916 = ORIENTED_EDGE('',*,*,#1859,.F.);
#1917 = ORIENTED_EDGE('',*,*,#1918,.F.);
#1918 = EDGE_CURVE('',#1902,#1860,#1919,.T.);
#1919 = LINE('',#1920,#1921);
#1920 = CARTESIAN_POINT('',(7.76,3.66,-1.6));
#1921 = VECTOR('',#1922,1.);
#1922 = DIRECTION('',(-1.,1.110223024625E-16,0.));
#1923 = PLANE('',#1924);
#1924 = AXIS2_PLACEMENT_3D('',#1925,#1926,#1927);
#1925 = CARTESIAN_POINT('',(7.76,3.66,-1.6));
#1926 = DIRECTION('',(-1.110223024625E-16,-1.,0.));
#1927 = DIRECTION('',(-1.,1.110223024625E-16,0.));
#1928 = ADVANCED_FACE('',(#1929),#1954,.F.);
#1929 = FACE_BOUND('',#1930,.F.);
#1930 = EDGE_LOOP('',(#1931,#1932,#1940,#1948));
#1931 = ORIENTED_EDGE('',*,*,#1878,.T.);
#1932 = ORIENTED_EDGE('',*,*,#1933,.T.);
#1933 = EDGE_CURVE('',#1870,#1934,#1936,.T.);
#1934 = VERTEX_POINT('',#1935);
#1935 = CARTESIAN_POINT('',(7.76,0.94,-1.59));
#1936 = LINE('',#1937,#1938);
#1937 = CARTESIAN_POINT('',(7.24,0.94,-1.59));
#1938 = VECTOR('',#1939,1.);
#1939 = DIRECTION('',(1.,-1.110223024625E-16,0.));
#1940 = ORIENTED_EDGE('',*,*,#1941,.F.);
#1941 = EDGE_CURVE('',#1942,#1934,#1944,.T.);
#1942 = VERTEX_POINT('',#1943);
#1943 = CARTESIAN_POINT('',(7.76,0.94,-1.6));
#1944 = LINE('',#1945,#1946);
#1945 = CARTESIAN_POINT('',(7.76,0.94,-1.6));
#1946 = VECTOR('',#1947,1.);
#1947 = DIRECTION('',(0.,0.,1.));
#1948 = ORIENTED_EDGE('',*,*,#1949,.F.);
#1949 = EDGE_CURVE('',#1879,#1942,#1950,.T.);
#1950 = LINE('',#1951,#1952);
#1951 = CARTESIAN_POINT('',(7.24,0.94,-1.6));
#1952 = VECTOR('',#1953,1.);
#1953 = DIRECTION('',(1.,-1.110223024625E-16,0.));
#1954 = PLANE('',#1955);
#1955 = AXIS2_PLACEMENT_3D('',#1956,#1957,#1958);
#1956 = CARTESIAN_POINT('',(7.24,0.94,-1.6));
#1957 = DIRECTION('',(1.110223024625E-16,1.,0.));
#1958 = DIRECTION('',(1.,-1.110223024625E-16,0.));
#1959 = ADVANCED_FACE('',(#1960),#1978,.T.);
#1960 = FACE_BOUND('',#1961,.F.);
#1961 = EDGE_LOOP('',(#1962,#1963,#1970,#1971));
#1962 = ORIENTED_EDGE('',*,*,#1941,.T.);
#1963 = ORIENTED_EDGE('',*,*,#1964,.T.);
#1964 = EDGE_CURVE('',#1934,#1904,#1965,.T.);
#1965 = CIRCLE('',#1966,1.36);
#1966 = AXIS2_PLACEMENT_3D('',#1967,#1968,#1969);
#1967 = CARTESIAN_POINT('',(7.76,2.3,-1.59));
#1968 = DIRECTION('',(0.,-0.,1.));
#1969 = DIRECTION('',(1.110223024625E-16,1.,0.));
#1970 = ORIENTED_EDGE('',*,*,#1901,.F.);
#1971 = ORIENTED_EDGE('',*,*,#1972,.F.);
#1972 = EDGE_CURVE('',#1942,#1902,#1973,.T.);
#1973 = CIRCLE('',#1974,1.36);
#1974 = AXIS2_PLACEMENT_3D('',#1975,#1976,#1977);
#1975 = CARTESIAN_POINT('',(7.76,2.3,-1.6));
#1976 = DIRECTION('',(0.,-0.,1.));
#1977 = DIRECTION('',(1.110223024625E-16,1.,0.));
#1978 = CYLINDRICAL_SURFACE('',#1979,1.36);
#1979 = AXIS2_PLACEMENT_3D('',#1980,#1981,#1982);
#1980 = CARTESIAN_POINT('',(7.76,2.3,-1.6));
#1981 = DIRECTION('',(0.,0.,-1.));
#1982 = DIRECTION('',(1.110223024625E-16,1.,0.));
#1983 = ADVANCED_FACE('',(#1984),#2020,.F.);
#1984 = FACE_BOUND('',#1985,.F.);
#1985 = EDGE_LOOP('',(#1986,#1996,#2005,#2013));
#1986 = ORIENTED_EDGE('',*,*,#1987,.T.);
#1987 = EDGE_CURVE('',#1988,#1990,#1992,.T.);
#1988 = VERTEX_POINT('',#1989);
#1989 = CARTESIAN_POINT('',(7.85,2.8499499,-1.6));
#1990 = VERTEX_POINT('',#1991);
#1991 = CARTESIAN_POINT('',(7.85,2.8499499,-1.59));
#1992 = LINE('',#1993,#1994);
#1993 = CARTESIAN_POINT('',(7.85,2.8499499,-1.6));
#1994 = VECTOR('',#1995,1.);
#1995 = DIRECTION('',(0.,0.,1.));
#1996 = ORIENTED_EDGE('',*,*,#1997,.T.);
#1997 = EDGE_CURVE('',#1990,#1998,#2000,.T.);
#1998 = VERTEX_POINT('',#1999);
#1999 = CARTESIAN_POINT('',(7.85,1.75005,-1.59));
#2000 = CIRCLE('',#2001,0.54994995);
#2001 = AXIS2_PLACEMENT_3D('',#2002,#2003,#2004);
#2002 = CARTESIAN_POINT('',(7.849999974018,2.29999995,-1.59));
#2003 = DIRECTION('',(0.,0.,-1.));
#2004 = DIRECTION('',(-1.,0.,0.));
#2005 = ORIENTED_EDGE('',*,*,#2006,.F.);
#2006 = EDGE_CURVE('',#2007,#1998,#2009,.T.);
#2007 = VERTEX_POINT('',#2008);
#2008 = CARTESIAN_POINT('',(7.85,1.75005,-1.6));
#2009 = LINE('',#2010,#2011);
#2010 = CARTESIAN_POINT('',(7.85,1.75005,-1.6));
#2011 = VECTOR('',#2012,1.);
#2012 = DIRECTION('',(0.,0.,1.));
#2013 = ORIENTED_EDGE('',*,*,#2014,.F.);
#2014 = EDGE_CURVE('',#1988,#2007,#2015,.T.);
#2015 = CIRCLE('',#2016,0.54994995);
#2016 = AXIS2_PLACEMENT_3D('',#2017,#2018,#2019);
#2017 = CARTESIAN_POINT('',(7.849999974018,2.29999995,-1.6));
#2018 = DIRECTION('',(0.,0.,-1.));
#2019 = DIRECTION('',(-1.,0.,0.));
#2020 = CYLINDRICAL_SURFACE('',#2021,0.54994995);
#2021 = AXIS2_PLACEMENT_3D('',#2022,#2023,#2024);
#2022 = CARTESIAN_POINT('',(7.849999974018,2.29999995,-1.6));
#2023 = DIRECTION('',(0.,0.,-1.));
#2024 = DIRECTION('',(-1.,0.,0.));
#2025 = ADVANCED_FACE('',(#2026),#2051,.F.);
#2026 = FACE_BOUND('',#2027,.F.);
#2027 = EDGE_LOOP('',(#2028,#2038,#2044,#2045));
#2028 = ORIENTED_EDGE('',*,*,#2029,.T.);
#2029 = EDGE_CURVE('',#2030,#2032,#2034,.T.);
#2030 = VERTEX_POINT('',#2031);
#2031 = CARTESIAN_POINT('',(7.15,2.8499499,-1.6));
#2032 = VERTEX_POINT('',#2033);
#2033 = CARTESIAN_POINT('',(7.15,2.8499499,-1.59));
#2034 = LINE('',#2035,#2036);
#2035 = CARTESIAN_POINT('',(7.15,2.8499499,-1.6));
#2036 = VECTOR('',#2037,1.);
#2037 = DIRECTION('',(0.,0.,1.));
#2038 = ORIENTED_EDGE('',*,*,#2039,.T.);
#2039 = EDGE_CURVE('',#2032,#1990,#2040,.T.);
#2040 = LINE('',#2041,#2042);
#2041 = CARTESIAN_POINT('',(7.15,2.8499499,-1.59));
#2042 = VECTOR('',#2043,1.);
#2043 = DIRECTION('',(1.,0.,0.));
#2044 = ORIENTED_EDGE('',*,*,#1987,.F.);
#2045 = ORIENTED_EDGE('',*,*,#2046,.F.);
#2046 = EDGE_CURVE('',#2030,#1988,#2047,.T.);
#2047 = LINE('',#2048,#2049);
#2048 = CARTESIAN_POINT('',(7.15,2.8499499,-1.6));
#2049 = VECTOR('',#2050,1.);
#2050 = DIRECTION('',(1.,0.,0.));
#2051 = PLANE('',#2052);
#2052 = AXIS2_PLACEMENT_3D('',#2053,#2054,#2055);
#2053 = CARTESIAN_POINT('',(7.15,2.8499499,-1.6));
#2054 = DIRECTION('',(0.,1.,0.));
#2055 = DIRECTION('',(1.,0.,0.));
#2056 = ADVANCED_FACE('',(#2057),#2084,.F.);
#2057 = FACE_BOUND('',#2058,.F.);
#2058 = EDGE_LOOP('',(#2059,#2069,#2076,#2077));
#2059 = ORIENTED_EDGE('',*,*,#2060,.T.);
#2060 = EDGE_CURVE('',#2061,#2063,#2065,.T.);
#2061 = VERTEX_POINT('',#2062);
#2062 = CARTESIAN_POINT('',(7.15,1.75005,-1.6));
#2063 = VERTEX_POINT('',#2064);
#2064 = CARTESIAN_POINT('',(7.15,1.75005,-1.59));
#2065 = LINE('',#2066,#2067);
#2066 = CARTESIAN_POINT('',(7.15,1.75005,-1.6));
#2067 = VECTOR('',#2068,1.);
#2068 = DIRECTION('',(0.,0.,1.));
#2069 = ORIENTED_EDGE('',*,*,#2070,.T.);
#2070 = EDGE_CURVE('',#2063,#2032,#2071,.T.);
#2071 = CIRCLE('',#2072,0.54994995);
#2072 = AXIS2_PLACEMENT_3D('',#2073,#2074,#2075);
#2073 = CARTESIAN_POINT('',(7.149999925982,2.29999995,-1.59));
#2074 = DIRECTION('',(0.,0.,-1.));
#2075 = DIRECTION('',(-1.,0.,0.));
#2076 = ORIENTED_EDGE('',*,*,#2029,.F.);
#2077 = ORIENTED_EDGE('',*,*,#2078,.F.);
#2078 = EDGE_CURVE('',#2061,#2030,#2079,.T.);
#2079 = CIRCLE('',#2080,0.54994995);
#2080 = AXIS2_PLACEMENT_3D('',#2081,#2082,#2083);
#2081 = CARTESIAN_POINT('',(7.149999925982,2.29999995,-1.6));
#2082 = DIRECTION('',(0.,0.,-1.));
#2083 = DIRECTION('',(-1.,0.,0.));
#2084 = CYLINDRICAL_SURFACE('',#2085,0.54994995);
#2085 = AXIS2_PLACEMENT_3D('',#2086,#2087,#2088);
#2086 = CARTESIAN_POINT('',(7.149999925982,2.29999995,-1.6));
#2087 = DIRECTION('',(0.,0.,-1.));
#2088 = DIRECTION('',(-1.,0.,0.));
#2089 = ADVANCED_FACE('',(#2090),#2106,.F.);
#2090 = FACE_BOUND('',#2091,.F.);
#2091 = EDGE_LOOP('',(#2092,#2093,#2099,#2100));
#2092 = ORIENTED_EDGE('',*,*,#2006,.T.);
#2093 = ORIENTED_EDGE('',*,*,#2094,.T.);
#2094 = EDGE_CURVE('',#1998,#2063,#2095,.T.);
#2095 = LINE('',#2096,#2097);
#2096 = CARTESIAN_POINT('',(7.85,1.75005,-1.59));
#2097 = VECTOR('',#2098,1.);
#2098 = DIRECTION('',(-1.,0.,0.));
#2099 = ORIENTED_EDGE('',*,*,#2060,.F.);
#2100 = ORIENTED_EDGE('',*,*,#2101,.F.);
#2101 = EDGE_CURVE('',#2007,#2061,#2102,.T.);
#2102 = LINE('',#2103,#2104);
#2103 = CARTESIAN_POINT('',(7.85,1.75005,-1.6));
#2104 = VECTOR('',#2105,1.);
#2105 = DIRECTION('',(-1.,0.,0.));
#2106 = PLANE('',#2107);
#2107 = AXIS2_PLACEMENT_3D('',#2108,#2109,#2110);
#2108 = CARTESIAN_POINT('',(7.85,1.75005,-1.6));
#2109 = DIRECTION('',(0.,-1.,0.));
#2110 = DIRECTION('',(-1.,0.,0.));
#2111 = ADVANCED_FACE('',(#2112,#2118),#2124,.F.);
#2112 = FACE_BOUND('',#2113,.F.);
#2113 = EDGE_LOOP('',(#2114,#2115,#2116,#2117));
#2114 = ORIENTED_EDGE('',*,*,#1886,.T.);
#2115 = ORIENTED_EDGE('',*,*,#1949,.T.);
#2116 = ORIENTED_EDGE('',*,*,#1972,.T.);
#2117 = ORIENTED_EDGE('',*,*,#1918,.T.);
#2118 = FACE_BOUND('',#2119,.F.);
#2119 = EDGE_LOOP('',(#2120,#2121,#2122,#2123));
#2120 = ORIENTED_EDGE('',*,*,#2014,.T.);
#2121 = ORIENTED_EDGE('',*,*,#2101,.T.);
#2122 = ORIENTED_EDGE('',*,*,#2078,.T.);
#2123 = ORIENTED_EDGE('',*,*,#2046,.T.);
#2124 = PLANE('',#2125);
#2125 = AXIS2_PLACEMENT_3D('',#2126,#2127,#2128);
#2126 = CARTESIAN_POINT('',(7.5,2.3,-1.6));
#2127 = DIRECTION('',(0.,0.,1.));
#2128 = DIRECTION('',(1.,0.,0.));
#2129 = ADVANCED_FACE('',(#2130,#2136),#2142,.T.);
#2130 = FACE_BOUND('',#2131,.T.);
#2131 = EDGE_LOOP('',(#2132,#2133,#2134,#2135));
#2132 = ORIENTED_EDGE('',*,*,#1869,.T.);
#2133 = ORIENTED_EDGE('',*,*,#1933,.T.);
#2134 = ORIENTED_EDGE('',*,*,#1964,.T.);
#2135 = ORIENTED_EDGE('',*,*,#1911,.T.);
#2136 = FACE_BOUND('',#2137,.T.);
#2137 = EDGE_LOOP('',(#2138,#2139,#2140,#2141));
#2138 = ORIENTED_EDGE('',*,*,#1997,.T.);
#2139 = ORIENTED_EDGE('',*,*,#2094,.T.);
#2140 = ORIENTED_EDGE('',*,*,#2070,.T.);
#2141 = ORIENTED_EDGE('',*,*,#2039,.T.);
#2142 = PLANE('',#2143);
#2143 = AXIS2_PLACEMENT_3D('',#2144,#2145,#2146);
#2144 = CARTESIAN_POINT('',(7.5,2.3,-1.59));
#2145 = DIRECTION('',(0.,0.,1.));
#2146 = DIRECTION('',(1.,0.,0.));
#2147 = MANIFOLD_SOLID_BREP('',#2148);
#2148 = CLOSED_SHELL('',(#2149,#2191,#2222,#2255,#2277,#2319,#2350,#2383
    ,#2405,#2423));
#2149 = ADVANCED_FACE('',(#2150),#2186,.T.);
#2150 = FACE_BOUND('',#2151,.T.);
#2151 = EDGE_LOOP('',(#2152,#2162,#2171,#2179));
#2152 = ORIENTED_EDGE('',*,*,#2153,.T.);
#2153 = EDGE_CURVE('',#2154,#2156,#2158,.T.);
#2154 = VERTEX_POINT('',#2155);
#2155 = CARTESIAN_POINT('',(7.15,2.85995,0.));
#2156 = VERTEX_POINT('',#2157);
#2157 = CARTESIAN_POINT('',(7.15,2.85995,-1.6));
#2158 = LINE('',#2159,#2160);
#2159 = CARTESIAN_POINT('',(7.15,2.85995,0.));
#2160 = VECTOR('',#2161,1.);
#2161 = DIRECTION('',(-0.,-0.,-1.));
#2162 = ORIENTED_EDGE('',*,*,#2163,.T.);
#2163 = EDGE_CURVE('',#2156,#2164,#2166,.T.);
#2164 = VERTEX_POINT('',#2165);
#2165 = CARTESIAN_POINT('',(7.15,1.74005,-1.6));
#2166 = CIRCLE('',#2167,0.55995);
#2167 = AXIS2_PLACEMENT_3D('',#2168,#2169,#2170);
#2168 = CARTESIAN_POINT('',(7.15,2.3,-1.6));
#2169 = DIRECTION('',(0.,-0.,1.));
#2170 = DIRECTION('',(2.22044604925E-16,1.,0.));
#2171 = ORIENTED_EDGE('',*,*,#2172,.F.);
#2172 = EDGE_CURVE('',#2173,#2164,#2175,.T.);
#2173 = VERTEX_POINT('',#2174);
#2174 = CARTESIAN_POINT('',(7.15,1.74005,0.));
#2175 = LINE('',#2176,#2177);
#2176 = CARTESIAN_POINT('',(7.15,1.74005,0.));
#2177 = VECTOR('',#2178,1.);
#2178 = DIRECTION('',(-0.,-0.,-1.));
#2179 = ORIENTED_EDGE('',*,*,#2180,.F.);
#2180 = EDGE_CURVE('',#2154,#2173,#2181,.T.);
#2181 = CIRCLE('',#2182,0.55995);
#2182 = AXIS2_PLACEMENT_3D('',#2183,#2184,#2185);
#2183 = CARTESIAN_POINT('',(7.15,2.3,0.));
#2184 = DIRECTION('',(0.,-0.,1.));
#2185 = DIRECTION('',(2.22044604925E-16,1.,0.));
#2186 = CYLINDRICAL_SURFACE('',#2187,0.55995);
#2187 = AXIS2_PLACEMENT_3D('',#2188,#2189,#2190);
#2188 = CARTESIAN_POINT('',(7.15,2.3,0.));
#2189 = DIRECTION('',(0.,0.,1.));
#2190 = DIRECTION('',(2.22044604925E-16,1.,0.));
#2191 = ADVANCED_FACE('',(#2192),#2217,.T.);
#2192 = FACE_BOUND('',#2193,.T.);
#2193 = EDGE_LOOP('',(#2194,#2195,#2203,#2211));
#2194 = ORIENTED_EDGE('',*,*,#2172,.T.);
#2195 = ORIENTED_EDGE('',*,*,#2196,.T.);
#2196 = EDGE_CURVE('',#2164,#2197,#2199,.T.);
#2197 = VERTEX_POINT('',#2198);
#2198 = CARTESIAN_POINT('',(7.85,1.74005,-1.6));
#2199 = LINE('',#2200,#2201);
#2200 = CARTESIAN_POINT('',(7.15,1.74005,-1.6));
#2201 = VECTOR('',#2202,1.);
#2202 = DIRECTION('',(1.,-2.22044604925E-16,0.));
#2203 = ORIENTED_EDGE('',*,*,#2204,.F.);
#2204 = EDGE_CURVE('',#2205,#2197,#2207,.T.);
#2205 = VERTEX_POINT('',#2206);
#2206 = CARTESIAN_POINT('',(7.85,1.74005,0.));
#2207 = LINE('',#2208,#2209);
#2208 = CARTESIAN_POINT('',(7.85,1.74005,0.));
#2209 = VECTOR('',#2210,1.);
#2210 = DIRECTION('',(-0.,-0.,-1.));
#2211 = ORIENTED_EDGE('',*,*,#2212,.F.);
#2212 = EDGE_CURVE('',#2173,#2205,#2213,.T.);
#2213 = LINE('',#2214,#2215);
#2214 = CARTESIAN_POINT('',(7.15,1.74005,0.));
#2215 = VECTOR('',#2216,1.);
#2216 = DIRECTION('',(1.,-2.22044604925E-16,0.));
#2217 = PLANE('',#2218);
#2218 = AXIS2_PLACEMENT_3D('',#2219,#2220,#2221);
#2219 = CARTESIAN_POINT('',(7.15,1.74005,0.));
#2220 = DIRECTION('',(-2.22044604925E-16,-1.,0.));
#2221 = DIRECTION('',(1.,-2.22044604925E-16,0.));
#2222 = ADVANCED_FACE('',(#2223),#2250,.T.);
#2223 = FACE_BOUND('',#2224,.T.);
#2224 = EDGE_LOOP('',(#2225,#2226,#2235,#2243));
#2225 = ORIENTED_EDGE('',*,*,#2204,.T.);
#2226 = ORIENTED_EDGE('',*,*,#2227,.T.);
#2227 = EDGE_CURVE('',#2197,#2228,#2230,.T.);
#2228 = VERTEX_POINT('',#2229);
#2229 = CARTESIAN_POINT('',(7.85,2.85995,-1.6));
#2230 = CIRCLE('',#2231,0.55995);
#2231 = AXIS2_PLACEMENT_3D('',#2232,#2233,#2234);
#2232 = CARTESIAN_POINT('',(7.85,2.3,-1.6));
#2233 = DIRECTION('',(0.,-0.,1.));
#2234 = DIRECTION('',(2.22044604925E-16,1.,0.));
#2235 = ORIENTED_EDGE('',*,*,#2236,.F.);
#2236 = EDGE_CURVE('',#2237,#2228,#2239,.T.);
#2237 = VERTEX_POINT('',#2238);
#2238 = CARTESIAN_POINT('',(7.85,2.85995,0.));
#2239 = LINE('',#2240,#2241);
#2240 = CARTESIAN_POINT('',(7.85,2.85995,0.));
#2241 = VECTOR('',#2242,1.);
#2242 = DIRECTION('',(-0.,-0.,-1.));
#2243 = ORIENTED_EDGE('',*,*,#2244,.F.);
#2244 = EDGE_CURVE('',#2205,#2237,#2245,.T.);
#2245 = CIRCLE('',#2246,0.55995);
#2246 = AXIS2_PLACEMENT_3D('',#2247,#2248,#2249);
#2247 = CARTESIAN_POINT('',(7.85,2.3,0.));
#2248 = DIRECTION('',(0.,-0.,1.));
#2249 = DIRECTION('',(2.22044604925E-16,1.,0.));
#2250 = CYLINDRICAL_SURFACE('',#2251,0.55995);
#2251 = AXIS2_PLACEMENT_3D('',#2252,#2253,#2254);
#2252 = CARTESIAN_POINT('',(7.85,2.3,0.));
#2253 = DIRECTION('',(0.,0.,1.));
#2254 = DIRECTION('',(2.22044604925E-16,1.,0.));
#2255 = ADVANCED_FACE('',(#2256),#2272,.T.);
#2256 = FACE_BOUND('',#2257,.T.);
#2257 = EDGE_LOOP('',(#2258,#2259,#2265,#2266));
#2258 = ORIENTED_EDGE('',*,*,#2236,.T.);
#2259 = ORIENTED_EDGE('',*,*,#2260,.T.);
#2260 = EDGE_CURVE('',#2228,#2156,#2261,.T.);
#2261 = LINE('',#2262,#2263);
#2262 = CARTESIAN_POINT('',(7.85,2.85995,-1.6));
#2263 = VECTOR('',#2264,1.);
#2264 = DIRECTION('',(-1.,2.22044604925E-16,0.));
#2265 = ORIENTED_EDGE('',*,*,#2153,.F.);
#2266 = ORIENTED_EDGE('',*,*,#2267,.F.);
#2267 = EDGE_CURVE('',#2237,#2154,#2268,.T.);
#2268 = LINE('',#2269,#2270);
#2269 = CARTESIAN_POINT('',(7.85,2.85995,0.));
#2270 = VECTOR('',#2271,1.);
#2271 = DIRECTION('',(-1.,2.22044604925E-16,0.));
#2272 = PLANE('',#2273);
#2273 = AXIS2_PLACEMENT_3D('',#2274,#2275,#2276);
#2274 = CARTESIAN_POINT('',(7.85,2.85995,0.));
#2275 = DIRECTION('',(2.22044604925E-16,1.,0.));
#2276 = DIRECTION('',(-1.,2.22044604925E-16,0.));
#2277 = ADVANCED_FACE('',(#2278),#2314,.F.);
#2278 = FACE_BOUND('',#2279,.F.);
#2279 = EDGE_LOOP('',(#2280,#2290,#2299,#2307));
#2280 = ORIENTED_EDGE('',*,*,#2281,.T.);
#2281 = EDGE_CURVE('',#2282,#2284,#2286,.T.);
#2282 = VERTEX_POINT('',#2283);
#2283 = CARTESIAN_POINT('',(7.15,2.84995,0.));
#2284 = VERTEX_POINT('',#2285);
#2285 = CARTESIAN_POINT('',(7.15,2.84995,-1.6));
#2286 = LINE('',#2287,#2288);
#2287 = CARTESIAN_POINT('',(7.15,2.84995,0.));
#2288 = VECTOR('',#2289,1.);
#2289 = DIRECTION('',(-0.,-0.,-1.));
#2290 = ORIENTED_EDGE('',*,*,#2291,.T.);
#2291 = EDGE_CURVE('',#2284,#2292,#2294,.T.);
#2292 = VERTEX_POINT('',#2293);
#2293 = CARTESIAN_POINT('',(7.15,1.75005,-1.6));
#2294 = CIRCLE('',#2295,0.54995);
#2295 = AXIS2_PLACEMENT_3D('',#2296,#2297,#2298);
#2296 = CARTESIAN_POINT('',(7.15,2.3,-1.6));
#2297 = DIRECTION('',(0.,-0.,1.));
#2298 = DIRECTION('',(1.110223024625E-16,1.,0.));
#2299 = ORIENTED_EDGE('',*,*,#2300,.F.);
#2300 = EDGE_CURVE('',#2301,#2292,#2303,.T.);
#2301 = VERTEX_POINT('',#2302);
#2302 = CARTESIAN_POINT('',(7.15,1.75005,0.));
#2303 = LINE('',#2304,#2305);
#2304 = CARTESIAN_POINT('',(7.15,1.75005,0.));
#2305 = VECTOR('',#2306,1.);
#2306 = DIRECTION('',(-0.,-0.,-1.));
#2307 = ORIENTED_EDGE('',*,*,#2308,.F.);
#2308 = EDGE_CURVE('',#2282,#2301,#2309,.T.);
#2309 = CIRCLE('',#2310,0.54995);
#2310 = AXIS2_PLACEMENT_3D('',#2311,#2312,#2313);
#2311 = CARTESIAN_POINT('',(7.15,2.3,0.));
#2312 = DIRECTION('',(0.,-0.,1.));
#2313 = DIRECTION('',(1.110223024625E-16,1.,0.));
#2314 = CYLINDRICAL_SURFACE('',#2315,0.54995);
#2315 = AXIS2_PLACEMENT_3D('',#2316,#2317,#2318);
#2316 = CARTESIAN_POINT('',(7.15,2.3,0.));
#2317 = DIRECTION('',(0.,0.,1.));
#2318 = DIRECTION('',(1.110223024625E-16,1.,0.));
#2319 = ADVANCED_FACE('',(#2320),#2345,.F.);
#2320 = FACE_BOUND('',#2321,.F.);
#2321 = EDGE_LOOP('',(#2322,#2323,#2331,#2339));
#2322 = ORIENTED_EDGE('',*,*,#2300,.T.);
#2323 = ORIENTED_EDGE('',*,*,#2324,.T.);
#2324 = EDGE_CURVE('',#2292,#2325,#2327,.T.);
#2325 = VERTEX_POINT('',#2326);
#2326 = CARTESIAN_POINT('',(7.85,1.75005,-1.6));
#2327 = LINE('',#2328,#2329);
#2328 = CARTESIAN_POINT('',(7.15,1.75005,-1.6));
#2329 = VECTOR('',#2330,1.);
#2330 = DIRECTION('',(1.,-1.110223024625E-16,0.));
#2331 = ORIENTED_EDGE('',*,*,#2332,.F.);
#2332 = EDGE_CURVE('',#2333,#2325,#2335,.T.);
#2333 = VERTEX_POINT('',#2334);
#2334 = CARTESIAN_POINT('',(7.85,1.75005,0.));
#2335 = LINE('',#2336,#2337);
#2336 = CARTESIAN_POINT('',(7.85,1.75005,0.));
#2337 = VECTOR('',#2338,1.);
#2338 = DIRECTION('',(-0.,-0.,-1.));
#2339 = ORIENTED_EDGE('',*,*,#2340,.F.);
#2340 = EDGE_CURVE('',#2301,#2333,#2341,.T.);
#2341 = LINE('',#2342,#2343);
#2342 = CARTESIAN_POINT('',(7.15,1.75005,0.));
#2343 = VECTOR('',#2344,1.);
#2344 = DIRECTION('',(1.,-1.110223024625E-16,0.));
#2345 = PLANE('',#2346);
#2346 = AXIS2_PLACEMENT_3D('',#2347,#2348,#2349);
#2347 = CARTESIAN_POINT('',(7.15,1.75005,0.));
#2348 = DIRECTION('',(-1.110223024625E-16,-1.,0.));
#2349 = DIRECTION('',(1.,-1.110223024625E-16,0.));
#2350 = ADVANCED_FACE('',(#2351),#2378,.F.);
#2351 = FACE_BOUND('',#2352,.F.);
#2352 = EDGE_LOOP('',(#2353,#2354,#2363,#2371));
#2353 = ORIENTED_EDGE('',*,*,#2332,.T.);
#2354 = ORIENTED_EDGE('',*,*,#2355,.T.);
#2355 = EDGE_CURVE('',#2325,#2356,#2358,.T.);
#2356 = VERTEX_POINT('',#2357);
#2357 = CARTESIAN_POINT('',(7.85,2.84995,-1.6));
#2358 = CIRCLE('',#2359,0.54995);
#2359 = AXIS2_PLACEMENT_3D('',#2360,#2361,#2362);
#2360 = CARTESIAN_POINT('',(7.85,2.3,-1.6));
#2361 = DIRECTION('',(0.,-0.,1.));
#2362 = DIRECTION('',(1.110223024625E-16,1.,0.));
#2363 = ORIENTED_EDGE('',*,*,#2364,.F.);
#2364 = EDGE_CURVE('',#2365,#2356,#2367,.T.);
#2365 = VERTEX_POINT('',#2366);
#2366 = CARTESIAN_POINT('',(7.85,2.84995,0.));
#2367 = LINE('',#2368,#2369);
#2368 = CARTESIAN_POINT('',(7.85,2.84995,0.));
#2369 = VECTOR('',#2370,1.);
#2370 = DIRECTION('',(-0.,-0.,-1.));
#2371 = ORIENTED_EDGE('',*,*,#2372,.F.);
#2372 = EDGE_CURVE('',#2333,#2365,#2373,.T.);
#2373 = CIRCLE('',#2374,0.54995);
#2374 = AXIS2_PLACEMENT_3D('',#2375,#2376,#2377);
#2375 = CARTESIAN_POINT('',(7.85,2.3,0.));
#2376 = DIRECTION('',(0.,-0.,1.));
#2377 = DIRECTION('',(1.110223024625E-16,1.,0.));
#2378 = CYLINDRICAL_SURFACE('',#2379,0.54995);
#2379 = AXIS2_PLACEMENT_3D('',#2380,#2381,#2382);
#2380 = CARTESIAN_POINT('',(7.85,2.3,0.));
#2381 = DIRECTION('',(0.,0.,1.));
#2382 = DIRECTION('',(1.110223024625E-16,1.,0.));
#2383 = ADVANCED_FACE('',(#2384),#2400,.F.);
#2384 = FACE_BOUND('',#2385,.F.);
#2385 = EDGE_LOOP('',(#2386,#2387,#2393,#2394));
#2386 = ORIENTED_EDGE('',*,*,#2364,.T.);
#2387 = ORIENTED_EDGE('',*,*,#2388,.T.);
#2388 = EDGE_CURVE('',#2356,#2284,#2389,.T.);
#2389 = LINE('',#2390,#2391);
#2390 = CARTESIAN_POINT('',(7.85,2.84995,-1.6));
#2391 = VECTOR('',#2392,1.);
#2392 = DIRECTION('',(-1.,1.110223024625E-16,0.));
#2393 = ORIENTED_EDGE('',*,*,#2281,.F.);
#2394 = ORIENTED_EDGE('',*,*,#2395,.F.);
#2395 = EDGE_CURVE('',#2365,#2282,#2396,.T.);
#2396 = LINE('',#2397,#2398);
#2397 = CARTESIAN_POINT('',(7.85,2.84995,0.));
#2398 = VECTOR('',#2399,1.);
#2399 = DIRECTION('',(-1.,1.110223024625E-16,0.));
#2400 = PLANE('',#2401);
#2401 = AXIS2_PLACEMENT_3D('',#2402,#2403,#2404);
#2402 = CARTESIAN_POINT('',(7.85,2.84995,0.));
#2403 = DIRECTION('',(1.110223024625E-16,1.,0.));
#2404 = DIRECTION('',(-1.,1.110223024625E-16,0.));
#2405 = ADVANCED_FACE('',(#2406,#2412),#2418,.T.);
#2406 = FACE_BOUND('',#2407,.T.);
#2407 = EDGE_LOOP('',(#2408,#2409,#2410,#2411));
#2408 = ORIENTED_EDGE('',*,*,#2180,.T.);
#2409 = ORIENTED_EDGE('',*,*,#2212,.T.);
#2410 = ORIENTED_EDGE('',*,*,#2244,.T.);
#2411 = ORIENTED_EDGE('',*,*,#2267,.T.);
#2412 = FACE_BOUND('',#2413,.F.);
#2413 = EDGE_LOOP('',(#2414,#2415,#2416,#2417));
#2414 = ORIENTED_EDGE('',*,*,#2308,.T.);
#2415 = ORIENTED_EDGE('',*,*,#2340,.T.);
#2416 = ORIENTED_EDGE('',*,*,#2372,.T.);
#2417 = ORIENTED_EDGE('',*,*,#2395,.T.);
#2418 = PLANE('',#2419);
#2419 = AXIS2_PLACEMENT_3D('',#2420,#2421,#2422);
#2420 = CARTESIAN_POINT('',(7.5,2.3,0.));
#2421 = DIRECTION('',(0.,0.,1.));
#2422 = DIRECTION('',(1.,0.,0.));
#2423 = ADVANCED_FACE('',(#2424,#2430),#2436,.F.);
#2424 = FACE_BOUND('',#2425,.F.);
#2425 = EDGE_LOOP('',(#2426,#2427,#2428,#2429));
#2426 = ORIENTED_EDGE('',*,*,#2163,.T.);
#2427 = ORIENTED_EDGE('',*,*,#2196,.T.);
#2428 = ORIENTED_EDGE('',*,*,#2227,.T.);
#2429 = ORIENTED_EDGE('',*,*,#2260,.T.);
#2430 = FACE_BOUND('',#2431,.T.);
#2431 = EDGE_LOOP('',(#2432,#2433,#2434,#2435));
#2432 = ORIENTED_EDGE('',*,*,#2291,.T.);
#2433 = ORIENTED_EDGE('',*,*,#2324,.T.);
#2434 = ORIENTED_EDGE('',*,*,#2355,.T.);
#2435 = ORIENTED_EDGE('',*,*,#2388,.T.);
#2436 = PLANE('',#2437);
#2437 = AXIS2_PLACEMENT_3D('',#2438,#2439,#2440);
#2438 = CARTESIAN_POINT('',(7.5,2.3,-1.6));
#2439 = DIRECTION('',(0.,0.,1.));
#2440 = DIRECTION('',(1.,0.,0.));
#2441 = MANIFOLD_SOLID_BREP('',#2442);
#2442 = CLOSED_SHELL('',(#2443,#2485,#2516,#2549,#2571,#2613,#2644,#2677
    ,#2699,#2717));
#2443 = ADVANCED_FACE('',(#2444),#2480,.T.);
#2444 = FACE_BOUND('',#2445,.T.);
#2445 = EDGE_LOOP('',(#2446,#2456,#2465,#2473));
#2446 = ORIENTED_EDGE('',*,*,#2447,.T.);
#2447 = EDGE_CURVE('',#2448,#2450,#2452,.T.);
#2448 = VERTEX_POINT('',#2449);
#2449 = CARTESIAN_POINT('',(7.15,-6.74005,0.));
#2450 = VERTEX_POINT('',#2451);
#2451 = CARTESIAN_POINT('',(7.15,-6.74005,-1.6));
#2452 = LINE('',#2453,#2454);
#2453 = CARTESIAN_POINT('',(7.15,-6.74005,0.));
#2454 = VECTOR('',#2455,1.);
#2455 = DIRECTION('',(-0.,-0.,-1.));
#2456 = ORIENTED_EDGE('',*,*,#2457,.T.);
#2457 = EDGE_CURVE('',#2450,#2458,#2460,.T.);
#2458 = VERTEX_POINT('',#2459);
#2459 = CARTESIAN_POINT('',(7.15,-7.85995,-1.6));
#2460 = CIRCLE('',#2461,0.55995);
#2461 = AXIS2_PLACEMENT_3D('',#2462,#2463,#2464);
#2462 = CARTESIAN_POINT('',(7.15,-7.3,-1.6));
#2463 = DIRECTION('',(0.,-0.,1.));
#2464 = DIRECTION('',(2.22044604925E-16,1.,0.));
#2465 = ORIENTED_EDGE('',*,*,#2466,.F.);
#2466 = EDGE_CURVE('',#2467,#2458,#2469,.T.);
#2467 = VERTEX_POINT('',#2468);
#2468 = CARTESIAN_POINT('',(7.15,-7.85995,0.));
#2469 = LINE('',#2470,#2471);
#2470 = CARTESIAN_POINT('',(7.15,-7.85995,0.));
#2471 = VECTOR('',#2472,1.);
#2472 = DIRECTION('',(-0.,-0.,-1.));
#2473 = ORIENTED_EDGE('',*,*,#2474,.F.);
#2474 = EDGE_CURVE('',#2448,#2467,#2475,.T.);
#2475 = CIRCLE('',#2476,0.55995);
#2476 = AXIS2_PLACEMENT_3D('',#2477,#2478,#2479);
#2477 = CARTESIAN_POINT('',(7.15,-7.3,0.));
#2478 = DIRECTION('',(0.,-0.,1.));
#2479 = DIRECTION('',(2.22044604925E-16,1.,0.));
#2480 = CYLINDRICAL_SURFACE('',#2481,0.55995);
#2481 = AXIS2_PLACEMENT_3D('',#2482,#2483,#2484);
#2482 = CARTESIAN_POINT('',(7.15,-7.3,0.));
#2483 = DIRECTION('',(0.,0.,1.));
#2484 = DIRECTION('',(2.22044604925E-16,1.,0.));
#2485 = ADVANCED_FACE('',(#2486),#2511,.T.);
#2486 = FACE_BOUND('',#2487,.T.);
#2487 = EDGE_LOOP('',(#2488,#2489,#2497,#2505));
#2488 = ORIENTED_EDGE('',*,*,#2466,.T.);
#2489 = ORIENTED_EDGE('',*,*,#2490,.T.);
#2490 = EDGE_CURVE('',#2458,#2491,#2493,.T.);
#2491 = VERTEX_POINT('',#2492);
#2492 = CARTESIAN_POINT('',(7.85,-7.85995,-1.6));
#2493 = LINE('',#2494,#2495);
#2494 = CARTESIAN_POINT('',(7.15,-7.85995,-1.6));
#2495 = VECTOR('',#2496,1.);
#2496 = DIRECTION('',(1.,-2.22044604925E-16,0.));
#2497 = ORIENTED_EDGE('',*,*,#2498,.F.);
#2498 = EDGE_CURVE('',#2499,#2491,#2501,.T.);
#2499 = VERTEX_POINT('',#2500);
#2500 = CARTESIAN_POINT('',(7.85,-7.85995,0.));
#2501 = LINE('',#2502,#2503);
#2502 = CARTESIAN_POINT('',(7.85,-7.85995,0.));
#2503 = VECTOR('',#2504,1.);
#2504 = DIRECTION('',(-0.,-0.,-1.));
#2505 = ORIENTED_EDGE('',*,*,#2506,.F.);
#2506 = EDGE_CURVE('',#2467,#2499,#2507,.T.);
#2507 = LINE('',#2508,#2509);
#2508 = CARTESIAN_POINT('',(7.15,-7.85995,0.));
#2509 = VECTOR('',#2510,1.);
#2510 = DIRECTION('',(1.,-2.22044604925E-16,0.));
#2511 = PLANE('',#2512);
#2512 = AXIS2_PLACEMENT_3D('',#2513,#2514,#2515);
#2513 = CARTESIAN_POINT('',(7.15,-7.85995,0.));
#2514 = DIRECTION('',(-2.22044604925E-16,-1.,0.));
#2515 = DIRECTION('',(1.,-2.22044604925E-16,0.));
#2516 = ADVANCED_FACE('',(#2517),#2544,.T.);
#2517 = FACE_BOUND('',#2518,.T.);
#2518 = EDGE_LOOP('',(#2519,#2520,#2529,#2537));
#2519 = ORIENTED_EDGE('',*,*,#2498,.T.);
#2520 = ORIENTED_EDGE('',*,*,#2521,.T.);
#2521 = EDGE_CURVE('',#2491,#2522,#2524,.T.);
#2522 = VERTEX_POINT('',#2523);
#2523 = CARTESIAN_POINT('',(7.85,-6.74005,-1.6));
#2524 = CIRCLE('',#2525,0.55995);
#2525 = AXIS2_PLACEMENT_3D('',#2526,#2527,#2528);
#2526 = CARTESIAN_POINT('',(7.85,-7.3,-1.6));
#2527 = DIRECTION('',(0.,-0.,1.));
#2528 = DIRECTION('',(2.22044604925E-16,1.,0.));
#2529 = ORIENTED_EDGE('',*,*,#2530,.F.);
#2530 = EDGE_CURVE('',#2531,#2522,#2533,.T.);
#2531 = VERTEX_POINT('',#2532);
#2532 = CARTESIAN_POINT('',(7.85,-6.74005,0.));
#2533 = LINE('',#2534,#2535);
#2534 = CARTESIAN_POINT('',(7.85,-6.74005,0.));
#2535 = VECTOR('',#2536,1.);
#2536 = DIRECTION('',(-0.,-0.,-1.));
#2537 = ORIENTED_EDGE('',*,*,#2538,.F.);
#2538 = EDGE_CURVE('',#2499,#2531,#2539,.T.);
#2539 = CIRCLE('',#2540,0.55995);
#2540 = AXIS2_PLACEMENT_3D('',#2541,#2542,#2543);
#2541 = CARTESIAN_POINT('',(7.85,-7.3,0.));
#2542 = DIRECTION('',(0.,-0.,1.));
#2543 = DIRECTION('',(2.22044604925E-16,1.,0.));
#2544 = CYLINDRICAL_SURFACE('',#2545,0.55995);
#2545 = AXIS2_PLACEMENT_3D('',#2546,#2547,#2548);
#2546 = CARTESIAN_POINT('',(7.85,-7.3,0.));
#2547 = DIRECTION('',(0.,0.,1.));
#2548 = DIRECTION('',(2.22044604925E-16,1.,0.));
#2549 = ADVANCED_FACE('',(#2550),#2566,.T.);
#2550 = FACE_BOUND('',#2551,.T.);
#2551 = EDGE_LOOP('',(#2552,#2553,#2559,#2560));
#2552 = ORIENTED_EDGE('',*,*,#2530,.T.);
#2553 = ORIENTED_EDGE('',*,*,#2554,.T.);
#2554 = EDGE_CURVE('',#2522,#2450,#2555,.T.);
#2555 = LINE('',#2556,#2557);
#2556 = CARTESIAN_POINT('',(7.85,-6.74005,-1.6));
#2557 = VECTOR('',#2558,1.);
#2558 = DIRECTION('',(-1.,2.22044604925E-16,0.));
#2559 = ORIENTED_EDGE('',*,*,#2447,.F.);
#2560 = ORIENTED_EDGE('',*,*,#2561,.F.);
#2561 = EDGE_CURVE('',#2531,#2448,#2562,.T.);
#2562 = LINE('',#2563,#2564);
#2563 = CARTESIAN_POINT('',(7.85,-6.74005,0.));
#2564 = VECTOR('',#2565,1.);
#2565 = DIRECTION('',(-1.,2.22044604925E-16,0.));
#2566 = PLANE('',#2567);
#2567 = AXIS2_PLACEMENT_3D('',#2568,#2569,#2570);
#2568 = CARTESIAN_POINT('',(7.85,-6.74005,0.));
#2569 = DIRECTION('',(2.22044604925E-16,1.,0.));
#2570 = DIRECTION('',(-1.,2.22044604925E-16,0.));
#2571 = ADVANCED_FACE('',(#2572),#2608,.F.);
#2572 = FACE_BOUND('',#2573,.F.);
#2573 = EDGE_LOOP('',(#2574,#2584,#2593,#2601));
#2574 = ORIENTED_EDGE('',*,*,#2575,.T.);
#2575 = EDGE_CURVE('',#2576,#2578,#2580,.T.);
#2576 = VERTEX_POINT('',#2577);
#2577 = CARTESIAN_POINT('',(7.15,-6.75005,0.));
#2578 = VERTEX_POINT('',#2579);
#2579 = CARTESIAN_POINT('',(7.15,-6.75005,-1.6));
#2580 = LINE('',#2581,#2582);
#2581 = CARTESIAN_POINT('',(7.15,-6.75005,0.));
#2582 = VECTOR('',#2583,1.);
#2583 = DIRECTION('',(-0.,-0.,-1.));
#2584 = ORIENTED_EDGE('',*,*,#2585,.T.);
#2585 = EDGE_CURVE('',#2578,#2586,#2588,.T.);
#2586 = VERTEX_POINT('',#2587);
#2587 = CARTESIAN_POINT('',(7.15,-7.84995,-1.6));
#2588 = CIRCLE('',#2589,0.54995);
#2589 = AXIS2_PLACEMENT_3D('',#2590,#2591,#2592);
#2590 = CARTESIAN_POINT('',(7.15,-7.3,-1.6));
#2591 = DIRECTION('',(0.,-0.,1.));
#2592 = DIRECTION('',(1.110223024625E-16,1.,0.));
#2593 = ORIENTED_EDGE('',*,*,#2594,.F.);
#2594 = EDGE_CURVE('',#2595,#2586,#2597,.T.);
#2595 = VERTEX_POINT('',#2596);
#2596 = CARTESIAN_POINT('',(7.15,-7.84995,0.));
#2597 = LINE('',#2598,#2599);
#2598 = CARTESIAN_POINT('',(7.15,-7.84995,0.));
#2599 = VECTOR('',#2600,1.);
#2600 = DIRECTION('',(-0.,-0.,-1.));
#2601 = ORIENTED_EDGE('',*,*,#2602,.F.);
#2602 = EDGE_CURVE('',#2576,#2595,#2603,.T.);
#2603 = CIRCLE('',#2604,0.54995);
#2604 = AXIS2_PLACEMENT_3D('',#2605,#2606,#2607);
#2605 = CARTESIAN_POINT('',(7.15,-7.3,0.));
#2606 = DIRECTION('',(0.,-0.,1.));
#2607 = DIRECTION('',(1.110223024625E-16,1.,0.));
#2608 = CYLINDRICAL_SURFACE('',#2609,0.54995);
#2609 = AXIS2_PLACEMENT_3D('',#2610,#2611,#2612);
#2610 = CARTESIAN_POINT('',(7.15,-7.3,0.));
#2611 = DIRECTION('',(0.,0.,1.));
#2612 = DIRECTION('',(1.110223024625E-16,1.,0.));
#2613 = ADVANCED_FACE('',(#2614),#2639,.F.);
#2614 = FACE_BOUND('',#2615,.F.);
#2615 = EDGE_LOOP('',(#2616,#2617,#2625,#2633));
#2616 = ORIENTED_EDGE('',*,*,#2594,.T.);
#2617 = ORIENTED_EDGE('',*,*,#2618,.T.);
#2618 = EDGE_CURVE('',#2586,#2619,#2621,.T.);
#2619 = VERTEX_POINT('',#2620);
#2620 = CARTESIAN_POINT('',(7.85,-7.84995,-1.6));
#2621 = LINE('',#2622,#2623);
#2622 = CARTESIAN_POINT('',(7.15,-7.84995,-1.6));
#2623 = VECTOR('',#2624,1.);
#2624 = DIRECTION('',(1.,-1.110223024625E-16,0.));
#2625 = ORIENTED_EDGE('',*,*,#2626,.F.);
#2626 = EDGE_CURVE('',#2627,#2619,#2629,.T.);
#2627 = VERTEX_POINT('',#2628);
#2628 = CARTESIAN_POINT('',(7.85,-7.84995,0.));
#2629 = LINE('',#2630,#2631);
#2630 = CARTESIAN_POINT('',(7.85,-7.84995,0.));
#2631 = VECTOR('',#2632,1.);
#2632 = DIRECTION('',(-0.,-0.,-1.));
#2633 = ORIENTED_EDGE('',*,*,#2634,.F.);
#2634 = EDGE_CURVE('',#2595,#2627,#2635,.T.);
#2635 = LINE('',#2636,#2637);
#2636 = CARTESIAN_POINT('',(7.15,-7.84995,0.));
#2637 = VECTOR('',#2638,1.);
#2638 = DIRECTION('',(1.,-1.110223024625E-16,0.));
#2639 = PLANE('',#2640);
#2640 = AXIS2_PLACEMENT_3D('',#2641,#2642,#2643);
#2641 = CARTESIAN_POINT('',(7.15,-7.84995,0.));
#2642 = DIRECTION('',(-1.110223024625E-16,-1.,0.));
#2643 = DIRECTION('',(1.,-1.110223024625E-16,0.));
#2644 = ADVANCED_FACE('',(#2645),#2672,.F.);
#2645 = FACE_BOUND('',#2646,.F.);
#2646 = EDGE_LOOP('',(#2647,#2648,#2657,#2665));
#2647 = ORIENTED_EDGE('',*,*,#2626,.T.);
#2648 = ORIENTED_EDGE('',*,*,#2649,.T.);
#2649 = EDGE_CURVE('',#2619,#2650,#2652,.T.);
#2650 = VERTEX_POINT('',#2651);
#2651 = CARTESIAN_POINT('',(7.85,-6.75005,-1.6));
#2652 = CIRCLE('',#2653,0.54995);
#2653 = AXIS2_PLACEMENT_3D('',#2654,#2655,#2656);
#2654 = CARTESIAN_POINT('',(7.85,-7.3,-1.6));
#2655 = DIRECTION('',(0.,-0.,1.));
#2656 = DIRECTION('',(1.110223024625E-16,1.,0.));
#2657 = ORIENTED_EDGE('',*,*,#2658,.F.);
#2658 = EDGE_CURVE('',#2659,#2650,#2661,.T.);
#2659 = VERTEX_POINT('',#2660);
#2660 = CARTESIAN_POINT('',(7.85,-6.75005,0.));
#2661 = LINE('',#2662,#2663);
#2662 = CARTESIAN_POINT('',(7.85,-6.75005,0.));
#2663 = VECTOR('',#2664,1.);
#2664 = DIRECTION('',(-0.,-0.,-1.));
#2665 = ORIENTED_EDGE('',*,*,#2666,.F.);
#2666 = EDGE_CURVE('',#2627,#2659,#2667,.T.);
#2667 = CIRCLE('',#2668,0.54995);
#2668 = AXIS2_PLACEMENT_3D('',#2669,#2670,#2671);
#2669 = CARTESIAN_POINT('',(7.85,-7.3,0.));
#2670 = DIRECTION('',(0.,-0.,1.));
#2671 = DIRECTION('',(1.110223024625E-16,1.,0.));
#2672 = CYLINDRICAL_SURFACE('',#2673,0.54995);
#2673 = AXIS2_PLACEMENT_3D('',#2674,#2675,#2676);
#2674 = CARTESIAN_POINT('',(7.85,-7.3,0.));
#2675 = DIRECTION('',(0.,0.,1.));
#2676 = DIRECTION('',(1.110223024625E-16,1.,0.));
#2677 = ADVANCED_FACE('',(#2678),#2694,.F.);
#2678 = FACE_BOUND('',#2679,.F.);
#2679 = EDGE_LOOP('',(#2680,#2681,#2687,#2688));
#2680 = ORIENTED_EDGE('',*,*,#2658,.T.);
#2681 = ORIENTED_EDGE('',*,*,#2682,.T.);
#2682 = EDGE_CURVE('',#2650,#2578,#2683,.T.);
#2683 = LINE('',#2684,#2685);
#2684 = CARTESIAN_POINT('',(7.85,-6.75005,-1.6));
#2685 = VECTOR('',#2686,1.);
#2686 = DIRECTION('',(-1.,1.110223024625E-16,0.));
#2687 = ORIENTED_EDGE('',*,*,#2575,.F.);
#2688 = ORIENTED_EDGE('',*,*,#2689,.F.);
#2689 = EDGE_CURVE('',#2659,#2576,#2690,.T.);
#2690 = LINE('',#2691,#2692);
#2691 = CARTESIAN_POINT('',(7.85,-6.75005,0.));
#2692 = VECTOR('',#2693,1.);
#2693 = DIRECTION('',(-1.,1.110223024625E-16,0.));
#2694 = PLANE('',#2695);
#2695 = AXIS2_PLACEMENT_3D('',#2696,#2697,#2698);
#2696 = CARTESIAN_POINT('',(7.85,-6.75005,0.));
#2697 = DIRECTION('',(1.110223024625E-16,1.,0.));
#2698 = DIRECTION('',(-1.,1.110223024625E-16,0.));
#2699 = ADVANCED_FACE('',(#2700,#2706),#2712,.T.);
#2700 = FACE_BOUND('',#2701,.T.);
#2701 = EDGE_LOOP('',(#2702,#2703,#2704,#2705));
#2702 = ORIENTED_EDGE('',*,*,#2474,.T.);
#2703 = ORIENTED_EDGE('',*,*,#2506,.T.);
#2704 = ORIENTED_EDGE('',*,*,#2538,.T.);
#2705 = ORIENTED_EDGE('',*,*,#2561,.T.);
#2706 = FACE_BOUND('',#2707,.F.);
#2707 = EDGE_LOOP('',(#2708,#2709,#2710,#2711));
#2708 = ORIENTED_EDGE('',*,*,#2602,.T.);
#2709 = ORIENTED_EDGE('',*,*,#2634,.T.);
#2710 = ORIENTED_EDGE('',*,*,#2666,.T.);
#2711 = ORIENTED_EDGE('',*,*,#2689,.T.);
#2712 = PLANE('',#2713);
#2713 = AXIS2_PLACEMENT_3D('',#2714,#2715,#2716);
#2714 = CARTESIAN_POINT('',(7.5,-7.3,0.));
#2715 = DIRECTION('',(0.,0.,1.));
#2716 = DIRECTION('',(1.,0.,0.));
#2717 = ADVANCED_FACE('',(#2718,#2724),#2730,.F.);
#2718 = FACE_BOUND('',#2719,.F.);
#2719 = EDGE_LOOP('',(#2720,#2721,#2722,#2723));
#2720 = ORIENTED_EDGE('',*,*,#2457,.T.);
#2721 = ORIENTED_EDGE('',*,*,#2490,.T.);
#2722 = ORIENTED_EDGE('',*,*,#2521,.T.);
#2723 = ORIENTED_EDGE('',*,*,#2554,.T.);
#2724 = FACE_BOUND('',#2725,.T.);
#2725 = EDGE_LOOP('',(#2726,#2727,#2728,#2729));
#2726 = ORIENTED_EDGE('',*,*,#2585,.T.);
#2727 = ORIENTED_EDGE('',*,*,#2618,.T.);
#2728 = ORIENTED_EDGE('',*,*,#2649,.T.);
#2729 = ORIENTED_EDGE('',*,*,#2682,.T.);
#2730 = PLANE('',#2731);
#2731 = AXIS2_PLACEMENT_3D('',#2732,#2733,#2734);
#2732 = CARTESIAN_POINT('',(7.5,-7.3,-1.6));
#2733 = DIRECTION('',(0.,0.,1.));
#2734 = DIRECTION('',(1.,0.,0.));
#2735 = MANIFOLD_SOLID_BREP('',#2736);
#2736 = CLOSED_SHELL('',(#2737,#2770,#2803,#2815));
#2737 = ADVANCED_FACE('',(#2738),#2765,.T.);
#2738 = FACE_BOUND('',#2739,.T.);
#2739 = EDGE_LOOP('',(#2740,#2750,#2757,#2758));
#2740 = ORIENTED_EDGE('',*,*,#2741,.T.);
#2741 = EDGE_CURVE('',#2742,#2744,#2746,.T.);
#2742 = VERTEX_POINT('',#2743);
#2743 = CARTESIAN_POINT('',(1.132316462815E-16,0.50995,0.));
#2744 = VERTEX_POINT('',#2745);
#2745 = CARTESIAN_POINT('',(1.132316462815E-16,0.50995,-1.6));
#2746 = LINE('',#2747,#2748);
#2747 = CARTESIAN_POINT('',(1.132316462815E-16,0.50995,0.));
#2748 = VECTOR('',#2749,1.);
#2749 = DIRECTION('',(-0.,-0.,-1.));
#2750 = ORIENTED_EDGE('',*,*,#2751,.T.);
#2751 = EDGE_CURVE('',#2744,#2744,#2752,.T.);
#2752 = CIRCLE('',#2753,0.50995);
#2753 = AXIS2_PLACEMENT_3D('',#2754,#2755,#2756);
#2754 = CARTESIAN_POINT('',(0.,0.,-1.6));
#2755 = DIRECTION('',(0.,-0.,1.));
#2756 = DIRECTION('',(2.22044604925E-16,1.,0.));
#2757 = ORIENTED_EDGE('',*,*,#2741,.F.);
#2758 = ORIENTED_EDGE('',*,*,#2759,.F.);
#2759 = EDGE_CURVE('',#2742,#2742,#2760,.T.);
#2760 = CIRCLE('',#2761,0.50995);
#2761 = AXIS2_PLACEMENT_3D('',#2762,#2763,#2764);
#2762 = CARTESIAN_POINT('',(0.,0.,0.));
#2763 = DIRECTION('',(0.,-0.,1.));
#2764 = DIRECTION('',(2.22044604925E-16,1.,0.));
#2765 = CYLINDRICAL_SURFACE('',#2766,0.50995);
#2766 = AXIS2_PLACEMENT_3D('',#2767,#2768,#2769);
#2767 = CARTESIAN_POINT('',(0.,0.,0.));
#2768 = DIRECTION('',(0.,0.,1.));
#2769 = DIRECTION('',(2.22044604925E-16,1.,0.));
#2770 = ADVANCED_FACE('',(#2771),#2798,.F.);
#2771 = FACE_BOUND('',#2772,.F.);
#2772 = EDGE_LOOP('',(#2773,#2783,#2790,#2791));
#2773 = ORIENTED_EDGE('',*,*,#2774,.T.);
#2774 = EDGE_CURVE('',#2775,#2777,#2779,.T.);
#2775 = VERTEX_POINT('',#2776);
#2776 = CARTESIAN_POINT('',(5.550560011613E-17,0.49995,0.));
#2777 = VERTEX_POINT('',#2778);
#2778 = CARTESIAN_POINT('',(5.550560011613E-17,0.49995,-1.6));
#2779 = LINE('',#2780,#2781);
#2780 = CARTESIAN_POINT('',(5.550560011613E-17,0.49995,0.));
#2781 = VECTOR('',#2782,1.);
#2782 = DIRECTION('',(-0.,-0.,-1.));
#2783 = ORIENTED_EDGE('',*,*,#2784,.T.);
#2784 = EDGE_CURVE('',#2777,#2777,#2785,.T.);
#2785 = CIRCLE('',#2786,0.49995);
#2786 = AXIS2_PLACEMENT_3D('',#2787,#2788,#2789);
#2787 = CARTESIAN_POINT('',(0.,0.,-1.6));
#2788 = DIRECTION('',(0.,-0.,1.));
#2789 = DIRECTION('',(1.110223024625E-16,1.,0.));
#2790 = ORIENTED_EDGE('',*,*,#2774,.F.);
#2791 = ORIENTED_EDGE('',*,*,#2792,.F.);
#2792 = EDGE_CURVE('',#2775,#2775,#2793,.T.);
#2793 = CIRCLE('',#2794,0.49995);
#2794 = AXIS2_PLACEMENT_3D('',#2795,#2796,#2797);
#2795 = CARTESIAN_POINT('',(0.,0.,0.));
#2796 = DIRECTION('',(0.,-0.,1.));
#2797 = DIRECTION('',(1.110223024625E-16,1.,0.));
#2798 = CYLINDRICAL_SURFACE('',#2799,0.49995);
#2799 = AXIS2_PLACEMENT_3D('',#2800,#2801,#2802);
#2800 = CARTESIAN_POINT('',(0.,0.,0.));
#2801 = DIRECTION('',(0.,0.,1.));
#2802 = DIRECTION('',(1.110223024625E-16,1.,0.));
#2803 = ADVANCED_FACE('',(#2804,#2807),#2810,.T.);
#2804 = FACE_BOUND('',#2805,.F.);
#2805 = EDGE_LOOP('',(#2806));
#2806 = ORIENTED_EDGE('',*,*,#2759,.F.);
#2807 = FACE_BOUND('',#2808,.F.);
#2808 = EDGE_LOOP('',(#2809));
#2809 = ORIENTED_EDGE('',*,*,#2792,.T.);
#2810 = PLANE('',#2811);
#2811 = AXIS2_PLACEMENT_3D('',#2812,#2813,#2814);
#2812 = CARTESIAN_POINT('',(-1.705220809958E-17,-3.173519963006E-17,0.)
  );
#2813 = DIRECTION('',(0.,0.,1.));
#2814 = DIRECTION('',(1.,0.,0.));
#2815 = ADVANCED_FACE('',(#2816,#2819),#2822,.F.);
#2816 = FACE_BOUND('',#2817,.T.);
#2817 = EDGE_LOOP('',(#2818));
#2818 = ORIENTED_EDGE('',*,*,#2751,.F.);
#2819 = FACE_BOUND('',#2820,.T.);
#2820 = EDGE_LOOP('',(#2821));
#2821 = ORIENTED_EDGE('',*,*,#2784,.T.);
#2822 = PLANE('',#2823);
#2823 = AXIS2_PLACEMENT_3D('',#2824,#2825,#2826);
#2824 = CARTESIAN_POINT('',(-1.705220809958E-17,-3.173519963006E-17,-1.6
    ));
#2825 = DIRECTION('',(0.,0.,1.));
#2826 = DIRECTION('',(1.,0.,0.));
#2827 = MANIFOLD_SOLID_BREP('',#2828);
#2828 = CLOSED_SHELL('',(#2829,#2862,#2895,#2907));
#2829 = ADVANCED_FACE('',(#2830),#2857,.T.);
#2830 = FACE_BOUND('',#2831,.T.);
#2831 = EDGE_LOOP('',(#2832,#2842,#2849,#2850));
#2832 = ORIENTED_EDGE('',*,*,#2833,.T.);
#2833 = EDGE_CURVE('',#2834,#2836,#2838,.T.);
#2834 = VERTEX_POINT('',#2835);
#2835 = CARTESIAN_POINT('',(1.132316462815E-16,-1.99005,0.));
#2836 = VERTEX_POINT('',#2837);
#2837 = CARTESIAN_POINT('',(1.132316462815E-16,-1.99005,-1.6));
#2838 = LINE('',#2839,#2840);
#2839 = CARTESIAN_POINT('',(1.132316462815E-16,-1.99005,0.));
#2840 = VECTOR('',#2841,1.);
#2841 = DIRECTION('',(-0.,-0.,-1.));
#2842 = ORIENTED_EDGE('',*,*,#2843,.T.);
#2843 = EDGE_CURVE('',#2836,#2836,#2844,.T.);
#2844 = CIRCLE('',#2845,0.50995);
#2845 = AXIS2_PLACEMENT_3D('',#2846,#2847,#2848);
#2846 = CARTESIAN_POINT('',(0.,-2.5,-1.6));
#2847 = DIRECTION('',(0.,-0.,1.));
#2848 = DIRECTION('',(2.22044604925E-16,1.,0.));
#2849 = ORIENTED_EDGE('',*,*,#2833,.F.);
#2850 = ORIENTED_EDGE('',*,*,#2851,.F.);
#2851 = EDGE_CURVE('',#2834,#2834,#2852,.T.);
#2852 = CIRCLE('',#2853,0.50995);
#2853 = AXIS2_PLACEMENT_3D('',#2854,#2855,#2856);
#2854 = CARTESIAN_POINT('',(0.,-2.5,0.));
#2855 = DIRECTION('',(0.,-0.,1.));
#2856 = DIRECTION('',(2.22044604925E-16,1.,0.));
#2857 = CYLINDRICAL_SURFACE('',#2858,0.50995);
#2858 = AXIS2_PLACEMENT_3D('',#2859,#2860,#2861);
#2859 = CARTESIAN_POINT('',(0.,-2.5,0.));
#2860 = DIRECTION('',(0.,0.,1.));
#2861 = DIRECTION('',(2.22044604925E-16,1.,0.));
#2862 = ADVANCED_FACE('',(#2863),#2890,.F.);
#2863 = FACE_BOUND('',#2864,.F.);
#2864 = EDGE_LOOP('',(#2865,#2875,#2882,#2883));
#2865 = ORIENTED_EDGE('',*,*,#2866,.T.);
#2866 = EDGE_CURVE('',#2867,#2869,#2871,.T.);
#2867 = VERTEX_POINT('',#2868);
#2868 = CARTESIAN_POINT('',(5.550560011613E-17,-2.00005,0.));
#2869 = VERTEX_POINT('',#2870);
#2870 = CARTESIAN_POINT('',(5.550560011613E-17,-2.00005,-1.6));
#2871 = LINE('',#2872,#2873);
#2872 = CARTESIAN_POINT('',(5.550560011613E-17,-2.00005,0.));
#2873 = VECTOR('',#2874,1.);
#2874 = DIRECTION('',(-0.,-0.,-1.));
#2875 = ORIENTED_EDGE('',*,*,#2876,.T.);
#2876 = EDGE_CURVE('',#2869,#2869,#2877,.T.);
#2877 = CIRCLE('',#2878,0.49995);
#2878 = AXIS2_PLACEMENT_3D('',#2879,#2880,#2881);
#2879 = CARTESIAN_POINT('',(0.,-2.5,-1.6));
#2880 = DIRECTION('',(0.,-0.,1.));
#2881 = DIRECTION('',(1.110223024625E-16,1.,0.));
#2882 = ORIENTED_EDGE('',*,*,#2866,.F.);
#2883 = ORIENTED_EDGE('',*,*,#2884,.F.);
#2884 = EDGE_CURVE('',#2867,#2867,#2885,.T.);
#2885 = CIRCLE('',#2886,0.49995);
#2886 = AXIS2_PLACEMENT_3D('',#2887,#2888,#2889);
#2887 = CARTESIAN_POINT('',(0.,-2.5,0.));
#2888 = DIRECTION('',(0.,-0.,1.));
#2889 = DIRECTION('',(1.110223024625E-16,1.,0.));
#2890 = CYLINDRICAL_SURFACE('',#2891,0.49995);
#2891 = AXIS2_PLACEMENT_3D('',#2892,#2893,#2894);
#2892 = CARTESIAN_POINT('',(0.,-2.5,0.));
#2893 = DIRECTION('',(0.,0.,1.));
#2894 = DIRECTION('',(1.110223024625E-16,1.,0.));
#2895 = ADVANCED_FACE('',(#2896,#2899),#2902,.T.);
#2896 = FACE_BOUND('',#2897,.F.);
#2897 = EDGE_LOOP('',(#2898));
#2898 = ORIENTED_EDGE('',*,*,#2851,.F.);
#2899 = FACE_BOUND('',#2900,.F.);
#2900 = EDGE_LOOP('',(#2901));
#2901 = ORIENTED_EDGE('',*,*,#2884,.T.);
#2902 = PLANE('',#2903);
#2903 = AXIS2_PLACEMENT_3D('',#2904,#2905,#2906);
#2904 = CARTESIAN_POINT('',(-3.820900785295E-17,-2.5,0.));
#2905 = DIRECTION('',(0.,0.,1.));
#2906 = DIRECTION('',(1.,0.,0.));
#2907 = ADVANCED_FACE('',(#2908,#2911),#2914,.F.);
#2908 = FACE_BOUND('',#2909,.T.);
#2909 = EDGE_LOOP('',(#2910));
#2910 = ORIENTED_EDGE('',*,*,#2843,.F.);
#2911 = FACE_BOUND('',#2912,.T.);
#2912 = EDGE_LOOP('',(#2913));
#2913 = ORIENTED_EDGE('',*,*,#2876,.T.);
#2914 = PLANE('',#2915);
#2915 = AXIS2_PLACEMENT_3D('',#2916,#2917,#2918);
#2916 = CARTESIAN_POINT('',(-3.820900785295E-17,-2.5,-1.6));
#2917 = DIRECTION('',(0.,0.,1.));
#2918 = DIRECTION('',(1.,0.,0.));
#2919 = MANIFOLD_SOLID_BREP('',#2920);
#2920 = CLOSED_SHELL('',(#2921,#2954,#2987,#2999));
#2921 = ADVANCED_FACE('',(#2922),#2949,.T.);
#2922 = FACE_BOUND('',#2923,.T.);
#2923 = EDGE_LOOP('',(#2924,#2934,#2941,#2942));
#2924 = ORIENTED_EDGE('',*,*,#2925,.T.);
#2925 = EDGE_CURVE('',#2926,#2928,#2930,.T.);
#2926 = VERTEX_POINT('',#2927);
#2927 = CARTESIAN_POINT('',(1.132316462815E-16,-4.49005,0.));
#2928 = VERTEX_POINT('',#2929);
#2929 = CARTESIAN_POINT('',(1.132316462815E-16,-4.49005,-1.6));
#2930 = LINE('',#2931,#2932);
#2931 = CARTESIAN_POINT('',(1.132316462815E-16,-4.49005,0.));
#2932 = VECTOR('',#2933,1.);
#2933 = DIRECTION('',(-0.,-0.,-1.));
#2934 = ORIENTED_EDGE('',*,*,#2935,.T.);
#2935 = EDGE_CURVE('',#2928,#2928,#2936,.T.);
#2936 = CIRCLE('',#2937,0.50995);
#2937 = AXIS2_PLACEMENT_3D('',#2938,#2939,#2940);
#2938 = CARTESIAN_POINT('',(0.,-5.,-1.6));
#2939 = DIRECTION('',(0.,-0.,1.));
#2940 = DIRECTION('',(2.22044604925E-16,1.,0.));
#2941 = ORIENTED_EDGE('',*,*,#2925,.F.);
#2942 = ORIENTED_EDGE('',*,*,#2943,.F.);
#2943 = EDGE_CURVE('',#2926,#2926,#2944,.T.);
#2944 = CIRCLE('',#2945,0.50995);
#2945 = AXIS2_PLACEMENT_3D('',#2946,#2947,#2948);
#2946 = CARTESIAN_POINT('',(0.,-5.,0.));
#2947 = DIRECTION('',(0.,-0.,1.));
#2948 = DIRECTION('',(2.22044604925E-16,1.,0.));
#2949 = CYLINDRICAL_SURFACE('',#2950,0.50995);
#2950 = AXIS2_PLACEMENT_3D('',#2951,#2952,#2953);
#2951 = CARTESIAN_POINT('',(0.,-5.,0.));
#2952 = DIRECTION('',(0.,0.,1.));
#2953 = DIRECTION('',(2.22044604925E-16,1.,0.));
#2954 = ADVANCED_FACE('',(#2955),#2982,.F.);
#2955 = FACE_BOUND('',#2956,.F.);
#2956 = EDGE_LOOP('',(#2957,#2967,#2974,#2975));
#2957 = ORIENTED_EDGE('',*,*,#2958,.T.);
#2958 = EDGE_CURVE('',#2959,#2961,#2963,.T.);
#2959 = VERTEX_POINT('',#2960);
#2960 = CARTESIAN_POINT('',(5.550560011613E-17,-4.50005,0.));
#2961 = VERTEX_POINT('',#2962);
#2962 = CARTESIAN_POINT('',(5.550560011613E-17,-4.50005,-1.6));
#2963 = LINE('',#2964,#2965);
#2964 = CARTESIAN_POINT('',(5.550560011613E-17,-4.50005,0.));
#2965 = VECTOR('',#2966,1.);
#2966 = DIRECTION('',(-0.,-0.,-1.));
#2967 = ORIENTED_EDGE('',*,*,#2968,.T.);
#2968 = EDGE_CURVE('',#2961,#2961,#2969,.T.);
#2969 = CIRCLE('',#2970,0.49995);
#2970 = AXIS2_PLACEMENT_3D('',#2971,#2972,#2973);
#2971 = CARTESIAN_POINT('',(0.,-5.,-1.6));
#2972 = DIRECTION('',(0.,-0.,1.));
#2973 = DIRECTION('',(1.110223024625E-16,1.,0.));
#2974 = ORIENTED_EDGE('',*,*,#2958,.F.);
#2975 = ORIENTED_EDGE('',*,*,#2976,.F.);
#2976 = EDGE_CURVE('',#2959,#2959,#2977,.T.);
#2977 = CIRCLE('',#2978,0.49995);
#2978 = AXIS2_PLACEMENT_3D('',#2979,#2980,#2981);
#2979 = CARTESIAN_POINT('',(0.,-5.,0.));
#2980 = DIRECTION('',(0.,-0.,1.));
#2981 = DIRECTION('',(1.110223024625E-16,1.,0.));
#2982 = CYLINDRICAL_SURFACE('',#2983,0.49995);
#2983 = AXIS2_PLACEMENT_3D('',#2984,#2985,#2986);
#2984 = CARTESIAN_POINT('',(0.,-5.,0.));
#2985 = DIRECTION('',(0.,0.,1.));
#2986 = DIRECTION('',(1.110223024625E-16,1.,0.));
#2987 = ADVANCED_FACE('',(#2988,#2991),#2994,.T.);
#2988 = FACE_BOUND('',#2989,.F.);
#2989 = EDGE_LOOP('',(#2990));
#2990 = ORIENTED_EDGE('',*,*,#2943,.F.);
#2991 = FACE_BOUND('',#2992,.F.);
#2992 = EDGE_LOOP('',(#2993));
#2993 = ORIENTED_EDGE('',*,*,#2976,.T.);
#2994 = PLANE('',#2995);
#2995 = AXIS2_PLACEMENT_3D('',#2996,#2997,#2998);
#2996 = CARTESIAN_POINT('',(-5.936580760632E-17,-5.,0.));
#2997 = DIRECTION('',(0.,0.,1.));
#2998 = DIRECTION('',(1.,0.,0.));
#2999 = ADVANCED_FACE('',(#3000,#3003),#3006,.F.);
#3000 = FACE_BOUND('',#3001,.T.);
#3001 = EDGE_LOOP('',(#3002));
#3002 = ORIENTED_EDGE('',*,*,#2935,.F.);
#3003 = FACE_BOUND('',#3004,.T.);
#3004 = EDGE_LOOP('',(#3005));
#3005 = ORIENTED_EDGE('',*,*,#2968,.T.);
#3006 = PLANE('',#3007);
#3007 = AXIS2_PLACEMENT_3D('',#3008,#3009,#3010);
#3008 = CARTESIAN_POINT('',(-5.936580760632E-17,-5.,-1.6));
#3009 = DIRECTION('',(0.,0.,1.));
#3010 = DIRECTION('',(1.,0.,0.));
#3011 = MANIFOLD_SOLID_BREP('',#3012);
#3012 = CLOSED_SHELL('',(#3013,#3053,#3084,#3119,#3143,#3160,#3172,#3197
    ));
#3013 = ADVANCED_FACE('',(#3014),#3048,.F.);
#3014 = FACE_BOUND('',#3015,.F.);
#3015 = EDGE_LOOP('',(#3016,#3026,#3034,#3042));
#3016 = ORIENTED_EDGE('',*,*,#3017,.F.);
#3017 = EDGE_CURVE('',#3018,#3020,#3022,.T.);
#3018 = VERTEX_POINT('',#3019);
#3019 = CARTESIAN_POINT('',(0.,-7.62,1.5875));
#3020 = VERTEX_POINT('',#3021);
#3021 = CARTESIAN_POINT('',(0.,-7.62,9.4615));
#3022 = LINE('',#3023,#3024);
#3023 = CARTESIAN_POINT('',(8.881784197001E-16,-7.62,1.5875));
#3024 = VECTOR('',#3025,1.);
#3025 = DIRECTION('',(0.,0.,1.));
#3026 = ORIENTED_EDGE('',*,*,#3027,.T.);
#3027 = EDGE_CURVE('',#3018,#3028,#3030,.T.);
#3028 = VERTEX_POINT('',#3029);
#3029 = CARTESIAN_POINT('',(0.,2.794,1.5875));
#3030 = LINE('',#3031,#3032);
#3031 = CARTESIAN_POINT('',(8.881784197001E-16,-7.62,1.5875));
#3032 = VECTOR('',#3033,1.);
#3033 = DIRECTION('',(0.,1.,0.));
#3034 = ORIENTED_EDGE('',*,*,#3035,.T.);
#3035 = EDGE_CURVE('',#3028,#3036,#3038,.T.);
#3036 = VERTEX_POINT('',#3037);
#3037 = CARTESIAN_POINT('',(0.,2.794,9.4615));
#3038 = LINE('',#3039,#3040);
#3039 = CARTESIAN_POINT('',(8.881784197001E-16,2.794,1.5875));
#3040 = VECTOR('',#3041,1.);
#3041 = DIRECTION('',(0.,0.,1.));
#3042 = ORIENTED_EDGE('',*,*,#3043,.F.);
#3043 = EDGE_CURVE('',#3020,#3036,#3044,.T.);
#3044 = LINE('',#3045,#3046);
#3045 = CARTESIAN_POINT('',(8.881784197001E-16,-7.62,9.4615));
#3046 = VECTOR('',#3047,1.);
#3047 = DIRECTION('',(0.,1.,0.));
#3048 = PLANE('',#3049);
#3049 = AXIS2_PLACEMENT_3D('',#3050,#3051,#3052);
#3050 = CARTESIAN_POINT('',(8.881784197001E-16,-7.62,1.5875));
#3051 = DIRECTION('',(1.,0.,0.));
#3052 = DIRECTION('',(0.,0.,1.));
#3053 = ADVANCED_FACE('',(#3054),#3079,.F.);
#3054 = FACE_BOUND('',#3055,.F.);
#3055 = EDGE_LOOP('',(#3056,#3064,#3065,#3073));
#3056 = ORIENTED_EDGE('',*,*,#3057,.F.);
#3057 = EDGE_CURVE('',#3018,#3058,#3060,.T.);
#3058 = VERTEX_POINT('',#3059);
#3059 = CARTESIAN_POINT('',(11.176,-7.62,1.5875));
#3060 = LINE('',#3061,#3062);
#3061 = CARTESIAN_POINT('',(8.881784197001E-16,-7.62,1.5875));
#3062 = VECTOR('',#3063,1.);
#3063 = DIRECTION('',(1.,0.,0.));
#3064 = ORIENTED_EDGE('',*,*,#3017,.T.);
#3065 = ORIENTED_EDGE('',*,*,#3066,.T.);
#3066 = EDGE_CURVE('',#3020,#3067,#3069,.T.);
#3067 = VERTEX_POINT('',#3068);
#3068 = CARTESIAN_POINT('',(11.176,-7.62,9.4615));
#3069 = LINE('',#3070,#3071);
#3070 = CARTESIAN_POINT('',(8.881784197001E-16,-7.62,9.4615));
#3071 = VECTOR('',#3072,1.);
#3072 = DIRECTION('',(1.,0.,0.));
#3073 = ORIENTED_EDGE('',*,*,#3074,.F.);
#3074 = EDGE_CURVE('',#3058,#3067,#3075,.T.);
#3075 = LINE('',#3076,#3077);
#3076 = CARTESIAN_POINT('',(11.176,-7.62,1.5875));
#3077 = VECTOR('',#3078,1.);
#3078 = DIRECTION('',(0.,0.,1.));
#3079 = PLANE('',#3080);
#3080 = AXIS2_PLACEMENT_3D('',#3081,#3082,#3083);
#3081 = CARTESIAN_POINT('',(8.881784197001E-16,-7.62,1.5875));
#3082 = DIRECTION('',(0.,1.,0.));
#3083 = DIRECTION('',(0.,0.,1.));
#3084 = ADVANCED_FACE('',(#3085,#3103),#3114,.T.);
#3085 = FACE_BOUND('',#3086,.T.);
#3086 = EDGE_LOOP('',(#3087,#3088,#3089,#3097));
#3087 = ORIENTED_EDGE('',*,*,#3043,.F.);
#3088 = ORIENTED_EDGE('',*,*,#3066,.T.);
#3089 = ORIENTED_EDGE('',*,*,#3090,.T.);
#3090 = EDGE_CURVE('',#3067,#3091,#3093,.T.);
#3091 = VERTEX_POINT('',#3092);
#3092 = CARTESIAN_POINT('',(11.176,2.794,9.4615));
#3093 = LINE('',#3094,#3095);
#3094 = CARTESIAN_POINT('',(11.176,-7.62,9.4615));
#3095 = VECTOR('',#3096,1.);
#3096 = DIRECTION('',(0.,1.,0.));
#3097 = ORIENTED_EDGE('',*,*,#3098,.F.);
#3098 = EDGE_CURVE('',#3036,#3091,#3099,.T.);
#3099 = LINE('',#3100,#3101);
#3100 = CARTESIAN_POINT('',(8.881784197001E-16,2.794,9.4615));
#3101 = VECTOR('',#3102,1.);
#3102 = DIRECTION('',(1.,0.,0.));
#3103 = FACE_BOUND('',#3104,.T.);
#3104 = EDGE_LOOP('',(#3105));
#3105 = ORIENTED_EDGE('',*,*,#3106,.F.);
#3106 = EDGE_CURVE('',#3107,#3107,#3109,.T.);
#3107 = VERTEX_POINT('',#3108);
#3108 = CARTESIAN_POINT('',(5.588,0.889,9.4615));
#3109 = CIRCLE('',#3110,3.302);
#3110 = AXIS2_PLACEMENT_3D('',#3111,#3112,#3113);
#3111 = CARTESIAN_POINT('',(5.588,-2.413,9.4615));
#3112 = DIRECTION('',(0.,-0.,1.));
#3113 = DIRECTION('',(5.884182030513E-15,1.,0.));
#3114 = PLANE('',#3115);
#3115 = AXIS2_PLACEMENT_3D('',#3116,#3117,#3118);
#3116 = CARTESIAN_POINT('',(8.881784197001E-16,-7.62,9.4615));
#3117 = DIRECTION('',(0.,0.,1.));
#3118 = DIRECTION('',(1.,0.,0.));
#3119 = ADVANCED_FACE('',(#3120),#3138,.T.);
#3120 = FACE_BOUND('',#3121,.T.);
#3121 = EDGE_LOOP('',(#3122,#3130,#3131,#3132));
#3122 = ORIENTED_EDGE('',*,*,#3123,.F.);
#3123 = EDGE_CURVE('',#3028,#3124,#3126,.T.);
#3124 = VERTEX_POINT('',#3125);
#3125 = CARTESIAN_POINT('',(11.176,2.794,1.5875));
#3126 = LINE('',#3127,#3128);
#3127 = CARTESIAN_POINT('',(8.881784197001E-16,2.794,1.5875));
#3128 = VECTOR('',#3129,1.);
#3129 = DIRECTION('',(1.,0.,0.));
#3130 = ORIENTED_EDGE('',*,*,#3035,.T.);
#3131 = ORIENTED_EDGE('',*,*,#3098,.T.);
#3132 = ORIENTED_EDGE('',*,*,#3133,.F.);
#3133 = EDGE_CURVE('',#3124,#3091,#3134,.T.);
#3134 = LINE('',#3135,#3136);
#3135 = CARTESIAN_POINT('',(11.176,2.794,1.5875));
#3136 = VECTOR('',#3137,1.);
#3137 = DIRECTION('',(0.,0.,1.));
#3138 = PLANE('',#3139);
#3139 = AXIS2_PLACEMENT_3D('',#3140,#3141,#3142);
#3140 = CARTESIAN_POINT('',(8.881784197001E-16,2.794,1.5875));
#3141 = DIRECTION('',(0.,1.,0.));
#3142 = DIRECTION('',(0.,0.,1.));
#3143 = ADVANCED_FACE('',(#3144),#3155,.F.);
#3144 = FACE_BOUND('',#3145,.F.);
#3145 = EDGE_LOOP('',(#3146,#3147,#3148,#3154));
#3146 = ORIENTED_EDGE('',*,*,#3027,.F.);
#3147 = ORIENTED_EDGE('',*,*,#3057,.T.);
#3148 = ORIENTED_EDGE('',*,*,#3149,.T.);
#3149 = EDGE_CURVE('',#3058,#3124,#3150,.T.);
#3150 = LINE('',#3151,#3152);
#3151 = CARTESIAN_POINT('',(11.176,-7.62,1.5875));
#3152 = VECTOR('',#3153,1.);
#3153 = DIRECTION('',(0.,1.,0.));
#3154 = ORIENTED_EDGE('',*,*,#3123,.F.);
#3155 = PLANE('',#3156);
#3156 = AXIS2_PLACEMENT_3D('',#3157,#3158,#3159);
#3157 = CARTESIAN_POINT('',(8.881784197001E-16,-7.62,1.5875));
#3158 = DIRECTION('',(0.,0.,1.));
#3159 = DIRECTION('',(1.,0.,0.));
#3160 = ADVANCED_FACE('',(#3161),#3167,.T.);
#3161 = FACE_BOUND('',#3162,.T.);
#3162 = EDGE_LOOP('',(#3163,#3164,#3165,#3166));
#3163 = ORIENTED_EDGE('',*,*,#3074,.F.);
#3164 = ORIENTED_EDGE('',*,*,#3149,.T.);
#3165 = ORIENTED_EDGE('',*,*,#3133,.T.);
#3166 = ORIENTED_EDGE('',*,*,#3090,.F.);
#3167 = PLANE('',#3168);
#3168 = AXIS2_PLACEMENT_3D('',#3169,#3170,#3171);
#3169 = CARTESIAN_POINT('',(11.176,-7.62,1.5875));
#3170 = DIRECTION('',(1.,0.,0.));
#3171 = DIRECTION('',(0.,0.,1.));
#3172 = ADVANCED_FACE('',(#3173),#3192,.T.);
#3173 = FACE_BOUND('',#3174,.F.);
#3174 = EDGE_LOOP('',(#3175,#3183,#3190,#3191));
#3175 = ORIENTED_EDGE('',*,*,#3176,.T.);
#3176 = EDGE_CURVE('',#3107,#3177,#3179,.T.);
#3177 = VERTEX_POINT('',#3178);
#3178 = CARTESIAN_POINT('',(5.588,0.889,22.1615));
#3179 = LINE('',#3180,#3181);
#3180 = CARTESIAN_POINT('',(5.588,0.889,9.4615));
#3181 = VECTOR('',#3182,1.);
#3182 = DIRECTION('',(0.,0.,1.));
#3183 = ORIENTED_EDGE('',*,*,#3184,.T.);
#3184 = EDGE_CURVE('',#3177,#3177,#3185,.T.);
#3185 = CIRCLE('',#3186,3.302);
#3186 = AXIS2_PLACEMENT_3D('',#3187,#3188,#3189);
#3187 = CARTESIAN_POINT('',(5.588,-2.413,22.1615));
#3188 = DIRECTION('',(0.,-0.,1.));
#3189 = DIRECTION('',(5.884182030513E-15,1.,0.));
#3190 = ORIENTED_EDGE('',*,*,#3176,.F.);
#3191 = ORIENTED_EDGE('',*,*,#3106,.F.);
#3192 = CYLINDRICAL_SURFACE('',#3193,3.302);
#3193 = AXIS2_PLACEMENT_3D('',#3194,#3195,#3196);
#3194 = CARTESIAN_POINT('',(5.588,-2.413,9.4615));
#3195 = DIRECTION('',(0.,0.,-1.));
#3196 = DIRECTION('',(5.884182030513E-15,1.,0.));
#3197 = ADVANCED_FACE('',(#3198),#3201,.T.);
#3198 = FACE_BOUND('',#3199,.F.);
#3199 = EDGE_LOOP('',(#3200));
#3200 = ORIENTED_EDGE('',*,*,#3184,.F.);
#3201 = PLANE('',#3202);
#3202 = AXIS2_PLACEMENT_3D('',#3203,#3204,#3205);
#3203 = CARTESIAN_POINT('',(5.588,-2.413,22.1615));
#3204 = DIRECTION('',(0.,0.,1.));
#3205 = DIRECTION('',(5.884182030513E-15,1.,0.));
#3206 = GEOMETRIC_CURVE_SET('',(#3207));
#3207 = TRIMMED_CURVE('',#3208,(#3212,PARAMETER_VALUE(0.)),(#3213,
    PARAMETER_VALUE(4.72)),.T.,.PARAMETER.);
#3208 = LINE('',#3209,#3210);
#3209 = CARTESIAN_POINT('',(0.88,2.38,1.E-02));
#3210 = VECTOR('',#3211,1.);
#3211 = DIRECTION('',(1.,0.,0.));
#3212 = CARTESIAN_POINT('',(0.88,2.38,1.E-02));
#3213 = CARTESIAN_POINT('',(5.6,2.38,1.E-02));
#3214 = GEOMETRIC_CURVE_SET('',(#3215));
#3215 = TRIMMED_CURVE('',#3216,(#3220,PARAMETER_VALUE(0.)),(#3221,
    PARAMETER_VALUE(1.18)),.T.,.PARAMETER.);
#3216 = LINE('',#3217,#3218);
#3217 = CARTESIAN_POINT('',(0.88,1.19,1.E-02));
#3218 = VECTOR('',#3219,1.);
#3219 = DIRECTION('',(0.,1.,0.));
#3220 = CARTESIAN_POINT('',(0.88,1.19,1.E-02));
#3221 = CARTESIAN_POINT('',(0.88,2.37,1.E-02));
#3222 = GEOMETRIC_CURVE_SET('',(#3223));
#3223 = TRIMMED_CURVE('',#3224,(#3228,PARAMETER_VALUE(0.)),(#3229,
    PARAMETER_VALUE(0.53)),.T.,.PARAMETER.);
#3224 = LINE('',#3225,#3226);
#3225 = CARTESIAN_POINT('',(0.88,-1.71,1.E-02));
#3226 = VECTOR('',#3227,1.);
#3227 = DIRECTION('',(0.,1.,0.));
#3228 = CARTESIAN_POINT('',(0.88,-1.71,1.E-02));
#3229 = CARTESIAN_POINT('',(0.88,-1.18,1.E-02));
#3230 = GEOMETRIC_CURVE_SET('',(#3231));
#3231 = TRIMMED_CURVE('',#3232,(#3236,PARAMETER_VALUE(0.)),(#3237,
    PARAMETER_VALUE(0.83)),.T.,.PARAMETER.);
#3232 = LINE('',#3233,#3234);
#3233 = CARTESIAN_POINT('',(0.88,-4.16,1.E-02));
#3234 = VECTOR('',#3235,1.);
#3235 = DIRECTION('',(0.,1.,0.));
#3236 = CARTESIAN_POINT('',(0.88,-4.16,1.E-02));
#3237 = CARTESIAN_POINT('',(0.88,-3.33,1.E-02));
#3238 = GEOMETRIC_CURVE_SET('',(#3239,#3246));
#3239 = TRIMMED_CURVE('',#3240,(#3244,PARAMETER_VALUE(0.)),(#3245,
    PARAMETER_VALUE(4.72)),.T.,.PARAMETER.);
#3240 = LINE('',#3241,#3242);
#3241 = CARTESIAN_POINT('',(0.88,-7.37,1.E-02));
#3242 = VECTOR('',#3243,1.);
#3243 = DIRECTION('',(1.,0.,0.));
#3244 = CARTESIAN_POINT('',(0.88,-7.37,1.E-02));
#3245 = CARTESIAN_POINT('',(5.6,-7.37,1.E-02));
#3246 = TRIMMED_CURVE('',#3247,(#3251,PARAMETER_VALUE(0.)),(#3252,
    PARAMETER_VALUE(1.49)),.T.,.PARAMETER.);
#3247 = LINE('',#3248,#3249);
#3248 = CARTESIAN_POINT('',(0.88,-7.37,1.E-02));
#3249 = VECTOR('',#3250,1.);
#3250 = DIRECTION('',(0.,1.,0.));
#3251 = CARTESIAN_POINT('',(0.88,-7.37,1.E-02));
#3252 = CARTESIAN_POINT('',(0.88,-5.88,1.E-02));
#3253 = GEOMETRIC_CURVE_SET('',(#3254,#3261,#3268));
#3254 = TRIMMED_CURVE('',#3255,(#3259,PARAMETER_VALUE(0.)),(#3260,
    PARAMETER_VALUE(3.06)),.T.,.PARAMETER.);
#3255 = LINE('',#3256,#3257);
#3256 = CARTESIAN_POINT('',(9.41,2.37,1.E-02));
#3257 = VECTOR('',#3258,1.);
#3258 = DIRECTION('',(1.,0.,0.));
#3259 = CARTESIAN_POINT('',(9.41,2.37,1.E-02));
#3260 = CARTESIAN_POINT('',(12.47,2.37,1.E-02));
#3261 = TRIMMED_CURVE('',#3262,(#3266,PARAMETER_VALUE(0.)),(#3267,
    PARAMETER_VALUE(9.74)),.T.,.PARAMETER.);
#3262 = LINE('',#3263,#3264);
#3263 = CARTESIAN_POINT('',(12.47,-7.37,1.E-02));
#3264 = VECTOR('',#3265,1.);
#3265 = DIRECTION('',(0.,1.,0.));
#3266 = CARTESIAN_POINT('',(12.47,-7.37,1.E-02));
#3267 = CARTESIAN_POINT('',(12.47,2.37,1.E-02));
#3268 = TRIMMED_CURVE('',#3269,(#3273,PARAMETER_VALUE(0.)),(#3274,
    PARAMETER_VALUE(3.06)),.T.,.PARAMETER.);
#3269 = LINE('',#3270,#3271);
#3270 = CARTESIAN_POINT('',(9.41,-7.37,1.E-02));
#3271 = VECTOR('',#3272,1.);
#3272 = DIRECTION('',(1.,0.,0.));
#3273 = CARTESIAN_POINT('',(9.41,-7.37,1.E-02));
#3274 = CARTESIAN_POINT('',(12.47,-7.37,1.E-02));
#3275 = GEOMETRIC_CURVE_SET('',(#3276,#3284,#3291,#3299));
#3276 = TRIMMED_CURVE('',#3277,(#3282,PARAMETER_VALUE(1.570796326795)),(
    #3283,PARAMETER_VALUE(4.712388980385)),.T.,.PARAMETER.);
#3277 = CIRCLE('',#3278,6.E-02);
#3278 = AXIS2_PLACEMENT_3D('',#3279,#3280,#3281);
#3279 = CARTESIAN_POINT('',(0.88,2.38,1.E-02));
#3280 = DIRECTION('',(0.,0.,1.));
#3281 = DIRECTION('',(1.,0.,0.));
#3282 = CARTESIAN_POINT('',(0.88,2.44,1.E-02));
#3283 = CARTESIAN_POINT('',(0.88,2.32,1.E-02));
#3284 = TRIMMED_CURVE('',#3285,(#3289,PARAMETER_VALUE(0.)),(#3290,
    PARAMETER_VALUE(4.72)),.T.,.PARAMETER.);
#3285 = LINE('',#3286,#3287);
#3286 = CARTESIAN_POINT('',(0.88,2.32,1.E-02));
#3287 = VECTOR('',#3288,1.);
#3288 = DIRECTION('',(1.,0.,0.));
#3289 = CARTESIAN_POINT('',(0.88,2.32,1.E-02));
#3290 = CARTESIAN_POINT('',(5.6,2.32,1.E-02));
#3291 = TRIMMED_CURVE('',#3292,(#3297,PARAMETER_VALUE(4.712388980385)),(
    #3298,PARAMETER_VALUE(7.853981633974)),.T.,.PARAMETER.);
#3292 = CIRCLE('',#3293,6.E-02);
#3293 = AXIS2_PLACEMENT_3D('',#3294,#3295,#3296);
#3294 = CARTESIAN_POINT('',(5.6,2.38,1.E-02));
#3295 = DIRECTION('',(0.,0.,1.));
#3296 = DIRECTION('',(1.,0.,0.));
#3297 = CARTESIAN_POINT('',(5.6,2.32,1.E-02));
#3298 = CARTESIAN_POINT('',(5.6,2.44,1.E-02));
#3299 = TRIMMED_CURVE('',#3300,(#3304,PARAMETER_VALUE(0.)),(#3305,
    PARAMETER_VALUE(4.72)),.T.,.PARAMETER.);
#3300 = LINE('',#3301,#3302);
#3301 = CARTESIAN_POINT('',(5.6,2.44,1.E-02));
#3302 = VECTOR('',#3303,1.);
#3303 = DIRECTION('',(-1.,0.,0.));
#3304 = CARTESIAN_POINT('',(5.6,2.44,1.E-02));
#3305 = CARTESIAN_POINT('',(0.88,2.44,1.E-02));
#3306 = GEOMETRIC_CURVE_SET('',(#3307,#3315,#3322,#3330));
#3307 = TRIMMED_CURVE('',#3308,(#3313,PARAMETER_VALUE(1.570796326795)),(
    #3314,PARAMETER_VALUE(4.712388980385)),.T.,.PARAMETER.);
#3308 = CIRCLE('',#3309,6.E-02);
#3309 = AXIS2_PLACEMENT_3D('',#3310,#3311,#3312);
#3310 = CARTESIAN_POINT('',(0.88,1.19,1.E-02));
#3311 = DIRECTION('',(0.,-0.,1.));
#3312 = DIRECTION('',(1.110223024625E-16,1.,0.));
#3313 = CARTESIAN_POINT('',(0.82,1.19,1.E-02));
#3314 = CARTESIAN_POINT('',(0.94,1.19,1.E-02));
#3315 = TRIMMED_CURVE('',#3316,(#3320,PARAMETER_VALUE(0.)),(#3321,
    PARAMETER_VALUE(1.18)),.T.,.PARAMETER.);
#3316 = LINE('',#3317,#3318);
#3317 = CARTESIAN_POINT('',(0.94,1.19,1.E-02));
#3318 = VECTOR('',#3319,1.);
#3319 = DIRECTION('',(1.110223024625E-16,1.,0.));
#3320 = CARTESIAN_POINT('',(0.94,1.19,1.E-02));
#3321 = CARTESIAN_POINT('',(0.94,2.37,1.E-02));
#3322 = TRIMMED_CURVE('',#3323,(#3328,PARAMETER_VALUE(4.712388980385)),(
    #3329,PARAMETER_VALUE(7.853981633974)),.T.,.PARAMETER.);
#3323 = CIRCLE('',#3324,6.E-02);
#3324 = AXIS2_PLACEMENT_3D('',#3325,#3326,#3327);
#3325 = CARTESIAN_POINT('',(0.88,2.37,1.E-02));
#3326 = DIRECTION('',(0.,-0.,1.));
#3327 = DIRECTION('',(1.110223024625E-16,1.,0.));
#3328 = CARTESIAN_POINT('',(0.94,2.37,1.E-02));
#3329 = CARTESIAN_POINT('',(0.82,2.37,1.E-02));
#3330 = TRIMMED_CURVE('',#3331,(#3335,PARAMETER_VALUE(0.)),(#3336,
    PARAMETER_VALUE(1.18)),.T.,.PARAMETER.);
#3331 = LINE('',#3332,#3333);
#3332 = CARTESIAN_POINT('',(0.82,2.37,1.E-02));
#3333 = VECTOR('',#3334,1.);
#3334 = DIRECTION('',(-1.110223024625E-16,-1.,0.));
#3335 = CARTESIAN_POINT('',(0.82,2.37,1.E-02));
#3336 = CARTESIAN_POINT('',(0.82,1.19,1.E-02));
#3337 = GEOMETRIC_CURVE_SET('',(#3338,#3346,#3353,#3361));
#3338 = TRIMMED_CURVE('',#3339,(#3344,PARAMETER_VALUE(1.570796326795)),(
    #3345,PARAMETER_VALUE(4.712388980385)),.T.,.PARAMETER.);
#3339 = CIRCLE('',#3340,6.E-02);
#3340 = AXIS2_PLACEMENT_3D('',#3341,#3342,#3343);
#3341 = CARTESIAN_POINT('',(0.88,-1.71,1.E-02));
#3342 = DIRECTION('',(0.,-0.,1.));
#3343 = DIRECTION('',(1.110223024625E-16,1.,0.));
#3344 = CARTESIAN_POINT('',(0.82,-1.71,1.E-02));
#3345 = CARTESIAN_POINT('',(0.94,-1.71,1.E-02));
#3346 = TRIMMED_CURVE('',#3347,(#3351,PARAMETER_VALUE(0.)),(#3352,
    PARAMETER_VALUE(0.53)),.T.,.PARAMETER.);
#3347 = LINE('',#3348,#3349);
#3348 = CARTESIAN_POINT('',(0.94,-1.71,1.E-02));
#3349 = VECTOR('',#3350,1.);
#3350 = DIRECTION('',(1.110223024625E-16,1.,0.));
#3351 = CARTESIAN_POINT('',(0.94,-1.71,1.E-02));
#3352 = CARTESIAN_POINT('',(0.94,-1.18,1.E-02));
#3353 = TRIMMED_CURVE('',#3354,(#3359,PARAMETER_VALUE(4.712388980385)),(
    #3360,PARAMETER_VALUE(7.853981633974)),.T.,.PARAMETER.);
#3354 = CIRCLE('',#3355,6.E-02);
#3355 = AXIS2_PLACEMENT_3D('',#3356,#3357,#3358);
#3356 = CARTESIAN_POINT('',(0.88,-1.18,1.E-02));
#3357 = DIRECTION('',(0.,-0.,1.));
#3358 = DIRECTION('',(1.110223024625E-16,1.,0.));
#3359 = CARTESIAN_POINT('',(0.94,-1.18,1.E-02));
#3360 = CARTESIAN_POINT('',(0.82,-1.18,1.E-02));
#3361 = TRIMMED_CURVE('',#3362,(#3366,PARAMETER_VALUE(0.)),(#3367,
    PARAMETER_VALUE(0.53)),.T.,.PARAMETER.);
#3362 = LINE('',#3363,#3364);
#3363 = CARTESIAN_POINT('',(0.82,-1.18,1.E-02));
#3364 = VECTOR('',#3365,1.);
#3365 = DIRECTION('',(-1.110223024625E-16,-1.,0.));
#3366 = CARTESIAN_POINT('',(0.82,-1.18,1.E-02));
#3367 = CARTESIAN_POINT('',(0.82,-1.71,1.E-02));
#3368 = GEOMETRIC_CURVE_SET('',(#3369,#3377,#3384,#3392));
#3369 = TRIMMED_CURVE('',#3370,(#3375,PARAMETER_VALUE(1.570796326795)),(
    #3376,PARAMETER_VALUE(4.712388980385)),.T.,.PARAMETER.);
#3370 = CIRCLE('',#3371,6.E-02);
#3371 = AXIS2_PLACEMENT_3D('',#3372,#3373,#3374);
#3372 = CARTESIAN_POINT('',(0.88,-4.16,1.E-02));
#3373 = DIRECTION('',(0.,-0.,1.));
#3374 = DIRECTION('',(1.110223024625E-16,1.,0.));
#3375 = CARTESIAN_POINT('',(0.82,-4.16,1.E-02));
#3376 = CARTESIAN_POINT('',(0.94,-4.16,1.E-02));
#3377 = TRIMMED_CURVE('',#3378,(#3382,PARAMETER_VALUE(0.)),(#3383,
    PARAMETER_VALUE(0.83)),.T.,.PARAMETER.);
#3378 = LINE('',#3379,#3380);
#3379 = CARTESIAN_POINT('',(0.94,-4.16,1.E-02));
#3380 = VECTOR('',#3381,1.);
#3381 = DIRECTION('',(1.110223024625E-16,1.,0.));
#3382 = CARTESIAN_POINT('',(0.94,-4.16,1.E-02));
#3383 = CARTESIAN_POINT('',(0.94,-3.33,1.E-02));
#3384 = TRIMMED_CURVE('',#3385,(#3390,PARAMETER_VALUE(4.712388980385)),(
    #3391,PARAMETER_VALUE(7.853981633974)),.T.,.PARAMETER.);
#3385 = CIRCLE('',#3386,6.E-02);
#3386 = AXIS2_PLACEMENT_3D('',#3387,#3388,#3389);
#3387 = CARTESIAN_POINT('',(0.88,-3.33,1.E-02));
#3388 = DIRECTION('',(0.,-0.,1.));
#3389 = DIRECTION('',(1.110223024625E-16,1.,0.));
#3390 = CARTESIAN_POINT('',(0.94,-3.33,1.E-02));
#3391 = CARTESIAN_POINT('',(0.82,-3.33,1.E-02));
#3392 = TRIMMED_CURVE('',#3393,(#3397,PARAMETER_VALUE(0.)),(#3398,
    PARAMETER_VALUE(0.83)),.T.,.PARAMETER.);
#3393 = LINE('',#3394,#3395);
#3394 = CARTESIAN_POINT('',(0.82,-3.33,1.E-02));
#3395 = VECTOR('',#3396,1.);
#3396 = DIRECTION('',(-1.110223024625E-16,-1.,0.));
#3397 = CARTESIAN_POINT('',(0.82,-3.33,1.E-02));
#3398 = CARTESIAN_POINT('',(0.82,-4.16,1.E-02));
#3399 = GEOMETRIC_CURVE_SET('',(#3400,#3408,#3415,#3423));
#3400 = TRIMMED_CURVE('',#3401,(#3406,PARAMETER_VALUE(1.570796326795)),(
    #3407,PARAMETER_VALUE(4.712388980385)),.T.,.PARAMETER.);
#3401 = CIRCLE('',#3402,6.E-02);
#3402 = AXIS2_PLACEMENT_3D('',#3403,#3404,#3405);
#3403 = CARTESIAN_POINT('',(0.88,-7.37,1.E-02));
#3404 = DIRECTION('',(0.,-0.,1.));
#3405 = DIRECTION('',(1.110223024625E-16,1.,0.));
#3406 = CARTESIAN_POINT('',(0.82,-7.37,1.E-02));
#3407 = CARTESIAN_POINT('',(0.94,-7.37,1.E-02));
#3408 = TRIMMED_CURVE('',#3409,(#3413,PARAMETER_VALUE(0.)),(#3414,
    PARAMETER_VALUE(1.49)),.T.,.PARAMETER.);
#3409 = LINE('',#3410,#3411);
#3410 = CARTESIAN_POINT('',(0.94,-7.37,1.E-02));
#3411 = VECTOR('',#3412,1.);
#3412 = DIRECTION('',(1.110223024625E-16,1.,0.));
#3413 = CARTESIAN_POINT('',(0.94,-7.37,1.E-02));
#3414 = CARTESIAN_POINT('',(0.94,-5.88,1.E-02));
#3415 = TRIMMED_CURVE('',#3416,(#3421,PARAMETER_VALUE(4.712388980385)),(
    #3422,PARAMETER_VALUE(7.853981633974)),.T.,.PARAMETER.);
#3416 = CIRCLE('',#3417,6.E-02);
#3417 = AXIS2_PLACEMENT_3D('',#3418,#3419,#3420);
#3418 = CARTESIAN_POINT('',(0.88,-5.88,1.E-02));
#3419 = DIRECTION('',(0.,-0.,1.));
#3420 = DIRECTION('',(1.110223024625E-16,1.,0.));
#3421 = CARTESIAN_POINT('',(0.94,-5.88,1.E-02));
#3422 = CARTESIAN_POINT('',(0.82,-5.88,1.E-02));
#3423 = TRIMMED_CURVE('',#3424,(#3428,PARAMETER_VALUE(0.)),(#3429,
    PARAMETER_VALUE(1.49)),.T.,.PARAMETER.);
#3424 = LINE('',#3425,#3426);
#3425 = CARTESIAN_POINT('',(0.82,-5.88,1.E-02));
#3426 = VECTOR('',#3427,1.);
#3427 = DIRECTION('',(-1.110223024625E-16,-1.,0.));
#3428 = CARTESIAN_POINT('',(0.82,-5.88,1.E-02));
#3429 = CARTESIAN_POINT('',(0.82,-7.37,1.E-02));
#3430 = GEOMETRIC_CURVE_SET('',(#3431,#3439,#3446,#3454));
#3431 = TRIMMED_CURVE('',#3432,(#3437,PARAMETER_VALUE(1.570796326795)),(
    #3438,PARAMETER_VALUE(4.712388980385)),.T.,.PARAMETER.);
#3432 = CIRCLE('',#3433,6.E-02);
#3433 = AXIS2_PLACEMENT_3D('',#3434,#3435,#3436);
#3434 = CARTESIAN_POINT('',(0.88,-7.37,1.E-02));
#3435 = DIRECTION('',(0.,0.,1.));
#3436 = DIRECTION('',(1.,0.,0.));
#3437 = CARTESIAN_POINT('',(0.88,-7.31,1.E-02));
#3438 = CARTESIAN_POINT('',(0.88,-7.43,1.E-02));
#3439 = TRIMMED_CURVE('',#3440,(#3444,PARAMETER_VALUE(0.)),(#3445,
    PARAMETER_VALUE(4.72)),.T.,.PARAMETER.);
#3440 = LINE('',#3441,#3442);
#3441 = CARTESIAN_POINT('',(0.88,-7.43,1.E-02));
#3442 = VECTOR('',#3443,1.);
#3443 = DIRECTION('',(1.,0.,0.));
#3444 = CARTESIAN_POINT('',(0.88,-7.43,1.E-02));
#3445 = CARTESIAN_POINT('',(5.6,-7.43,1.E-02));
#3446 = TRIMMED_CURVE('',#3447,(#3452,PARAMETER_VALUE(4.712388980385)),(
    #3453,PARAMETER_VALUE(7.853981633974)),.T.,.PARAMETER.);
#3447 = CIRCLE('',#3448,6.E-02);
#3448 = AXIS2_PLACEMENT_3D('',#3449,#3450,#3451);
#3449 = CARTESIAN_POINT('',(5.6,-7.37,1.E-02));
#3450 = DIRECTION('',(0.,0.,1.));
#3451 = DIRECTION('',(1.,0.,0.));
#3452 = CARTESIAN_POINT('',(5.6,-7.43,1.E-02));
#3453 = CARTESIAN_POINT('',(5.6,-7.31,1.E-02));
#3454 = TRIMMED_CURVE('',#3455,(#3459,PARAMETER_VALUE(0.)),(#3460,
    PARAMETER_VALUE(4.72)),.T.,.PARAMETER.);
#3455 = LINE('',#3456,#3457);
#3456 = CARTESIAN_POINT('',(5.6,-7.31,1.E-02));
#3457 = VECTOR('',#3458,1.);
#3458 = DIRECTION('',(-1.,0.,0.));
#3459 = CARTESIAN_POINT('',(5.6,-7.31,1.E-02));
#3460 = CARTESIAN_POINT('',(0.88,-7.31,1.E-02));
#3461 = GEOMETRIC_CURVE_SET('',(#3462,#3470,#3477,#3485));
#3462 = TRIMMED_CURVE('',#3463,(#3468,PARAMETER_VALUE(1.570796326795)),(
    #3469,PARAMETER_VALUE(4.712388980385)),.T.,.PARAMETER.);
#3463 = CIRCLE('',#3464,6.E-02);
#3464 = AXIS2_PLACEMENT_3D('',#3465,#3466,#3467);
#3465 = CARTESIAN_POINT('',(9.41,2.37,1.E-02));
#3466 = DIRECTION('',(0.,0.,1.));
#3467 = DIRECTION('',(1.,0.,0.));
#3468 = CARTESIAN_POINT('',(9.41,2.43,1.E-02));
#3469 = CARTESIAN_POINT('',(9.41,2.31,1.E-02));
#3470 = TRIMMED_CURVE('',#3471,(#3475,PARAMETER_VALUE(0.)),(#3476,
    PARAMETER_VALUE(3.06)),.T.,.PARAMETER.);
#3471 = LINE('',#3472,#3473);
#3472 = CARTESIAN_POINT('',(9.41,2.31,1.E-02));
#3473 = VECTOR('',#3474,1.);
#3474 = DIRECTION('',(1.,0.,0.));
#3475 = CARTESIAN_POINT('',(9.41,2.31,1.E-02));
#3476 = CARTESIAN_POINT('',(12.47,2.31,1.E-02));
#3477 = TRIMMED_CURVE('',#3478,(#3483,PARAMETER_VALUE(4.712388980385)),(
    #3484,PARAMETER_VALUE(7.853981633974)),.T.,.PARAMETER.);
#3478 = CIRCLE('',#3479,6.E-02);
#3479 = AXIS2_PLACEMENT_3D('',#3480,#3481,#3482);
#3480 = CARTESIAN_POINT('',(12.47,2.37,1.E-02));
#3481 = DIRECTION('',(0.,0.,1.));
#3482 = DIRECTION('',(1.,0.,0.));
#3483 = CARTESIAN_POINT('',(12.47,2.31,1.E-02));
#3484 = CARTESIAN_POINT('',(12.47,2.43,1.E-02));
#3485 = TRIMMED_CURVE('',#3486,(#3490,PARAMETER_VALUE(0.)),(#3491,
    PARAMETER_VALUE(3.06)),.T.,.PARAMETER.);
#3486 = LINE('',#3487,#3488);
#3487 = CARTESIAN_POINT('',(12.47,2.43,1.E-02));
#3488 = VECTOR('',#3489,1.);
#3489 = DIRECTION('',(-1.,0.,0.));
#3490 = CARTESIAN_POINT('',(12.47,2.43,1.E-02));
#3491 = CARTESIAN_POINT('',(9.41,2.43,1.E-02));
#3492 = GEOMETRIC_CURVE_SET('',(#3493,#3501,#3508,#3516));
#3493 = TRIMMED_CURVE('',#3494,(#3499,PARAMETER_VALUE(1.570796326795)),(
    #3500,PARAMETER_VALUE(4.712388980385)),.T.,.PARAMETER.);
#3494 = CIRCLE('',#3495,6.E-02);
#3495 = AXIS2_PLACEMENT_3D('',#3496,#3497,#3498);
#3496 = CARTESIAN_POINT('',(9.41,-7.37,1.E-02));
#3497 = DIRECTION('',(0.,0.,1.));
#3498 = DIRECTION('',(1.,0.,0.));
#3499 = CARTESIAN_POINT('',(9.41,-7.31,1.E-02));
#3500 = CARTESIAN_POINT('',(9.41,-7.43,1.E-02));
#3501 = TRIMMED_CURVE('',#3502,(#3506,PARAMETER_VALUE(0.)),(#3507,
    PARAMETER_VALUE(3.06)),.T.,.PARAMETER.);
#3502 = LINE('',#3503,#3504);
#3503 = CARTESIAN_POINT('',(9.41,-7.43,1.E-02));
#3504 = VECTOR('',#3505,1.);
#3505 = DIRECTION('',(1.,0.,0.));
#3506 = CARTESIAN_POINT('',(9.41,-7.43,1.E-02));
#3507 = CARTESIAN_POINT('',(12.47,-7.43,1.E-02));
#3508 = TRIMMED_CURVE('',#3509,(#3514,PARAMETER_VALUE(4.712388980385)),(
    #3515,PARAMETER_VALUE(7.853981633974)),.T.,.PARAMETER.);
#3509 = CIRCLE('',#3510,6.E-02);
#3510 = AXIS2_PLACEMENT_3D('',#3511,#3512,#3513);
#3511 = CARTESIAN_POINT('',(12.47,-7.37,1.E-02));
#3512 = DIRECTION('',(0.,0.,1.));
#3513 = DIRECTION('',(1.,0.,0.));
#3514 = CARTESIAN_POINT('',(12.47,-7.43,1.E-02));
#3515 = CARTESIAN_POINT('',(12.47,-7.31,1.E-02));
#3516 = TRIMMED_CURVE('',#3517,(#3521,PARAMETER_VALUE(0.)),(#3522,
    PARAMETER_VALUE(3.06)),.T.,.PARAMETER.);
#3517 = LINE('',#3518,#3519);
#3518 = CARTESIAN_POINT('',(12.47,-7.31,1.E-02));
#3519 = VECTOR('',#3520,1.);
#3520 = DIRECTION('',(-1.,0.,0.));
#3521 = CARTESIAN_POINT('',(12.47,-7.31,1.E-02));
#3522 = CARTESIAN_POINT('',(9.41,-7.31,1.E-02));
#3523 = GEOMETRIC_CURVE_SET('',(#3524,#3532,#3539,#3547));
#3524 = TRIMMED_CURVE('',#3525,(#3530,PARAMETER_VALUE(1.570796326795)),(
    #3531,PARAMETER_VALUE(4.712388980385)),.T.,.PARAMETER.);
#3525 = CIRCLE('',#3526,6.E-02);
#3526 = AXIS2_PLACEMENT_3D('',#3527,#3528,#3529);
#3527 = CARTESIAN_POINT('',(12.47,-7.37,1.E-02));
#3528 = DIRECTION('',(0.,-0.,1.));
#3529 = DIRECTION('',(1.110223024625E-16,1.,0.));
#3530 = CARTESIAN_POINT('',(12.41,-7.37,1.E-02));
#3531 = CARTESIAN_POINT('',(12.53,-7.37,1.E-02));
#3532 = TRIMMED_CURVE('',#3533,(#3537,PARAMETER_VALUE(0.)),(#3538,
    PARAMETER_VALUE(9.74)),.T.,.PARAMETER.);
#3533 = LINE('',#3534,#3535);
#3534 = CARTESIAN_POINT('',(12.53,-7.37,1.E-02));
#3535 = VECTOR('',#3536,1.);
#3536 = DIRECTION('',(1.110223024625E-16,1.,0.));
#3537 = CARTESIAN_POINT('',(12.53,-7.37,1.E-02));
#3538 = CARTESIAN_POINT('',(12.53,2.37,1.E-02));
#3539 = TRIMMED_CURVE('',#3540,(#3545,PARAMETER_VALUE(4.712388980385)),(
    #3546,PARAMETER_VALUE(7.853981633974)),.T.,.PARAMETER.);
#3540 = CIRCLE('',#3541,6.E-02);
#3541 = AXIS2_PLACEMENT_3D('',#3542,#3543,#3544);
#3542 = CARTESIAN_POINT('',(12.47,2.37,1.E-02));
#3543 = DIRECTION('',(0.,-0.,1.));
#3544 = DIRECTION('',(1.110223024625E-16,1.,0.));
#3545 = CARTESIAN_POINT('',(12.53,2.37,1.E-02));
#3546 = CARTESIAN_POINT('',(12.41,2.37,1.E-02));
#3547 = TRIMMED_CURVE('',#3548,(#3552,PARAMETER_VALUE(0.)),(#3553,
    PARAMETER_VALUE(9.74)),.T.,.PARAMETER.);
#3548 = LINE('',#3549,#3550);
#3549 = CARTESIAN_POINT('',(12.41,2.37,1.E-02));
#3550 = VECTOR('',#3551,1.);
#3551 = DIRECTION('',(-1.110223024625E-16,-1.,0.));
#3552 = CARTESIAN_POINT('',(12.41,2.37,1.E-02));
#3553 = CARTESIAN_POINT('',(12.41,-7.37,1.E-02));
#3554 = GEOMETRIC_CURVE_SET('',(#3555,#3562,#3569,#3576));
#3555 = TRIMMED_CURVE('',#3556,(#3560,PARAMETER_VALUE(0.)),(#3561,
    PARAMETER_VALUE(12.82)),.T.,.PARAMETER.);
#3556 = LINE('',#3557,#3558);
#3557 = CARTESIAN_POINT('',(-1.15,3.91,1.E-02));
#3558 = VECTOR('',#3559,1.);
#3559 = DIRECTION('',(0.,-1.,0.));
#3560 = CARTESIAN_POINT('',(-1.15,3.91,1.E-02));
#3561 = CARTESIAN_POINT('',(-1.15,-8.91,1.E-02));
#3562 = TRIMMED_CURVE('',#3563,(#3567,PARAMETER_VALUE(0.)),(#3568,
    PARAMETER_VALUE(13.75)),.T.,.PARAMETER.);
#3563 = LINE('',#3564,#3565);
#3564 = CARTESIAN_POINT('',(-1.15,-8.91,1.E-02));
#3565 = VECTOR('',#3566,1.);
#3566 = DIRECTION('',(1.,0.,0.));
#3567 = CARTESIAN_POINT('',(-1.15,-8.91,1.E-02));
#3568 = CARTESIAN_POINT('',(12.6,-8.91,1.E-02));
#3569 = TRIMMED_CURVE('',#3570,(#3574,PARAMETER_VALUE(0.)),(#3575,
    PARAMETER_VALUE(12.82)),.T.,.PARAMETER.);
#3570 = LINE('',#3571,#3572);
#3571 = CARTESIAN_POINT('',(12.6,-8.91,1.E-02));
#3572 = VECTOR('',#3573,1.);
#3573 = DIRECTION('',(0.,1.,0.));
#3574 = CARTESIAN_POINT('',(12.6,-8.91,1.E-02));
#3575 = CARTESIAN_POINT('',(12.6,3.91,1.E-02));
#3576 = TRIMMED_CURVE('',#3577,(#3581,PARAMETER_VALUE(0.)),(#3582,
    PARAMETER_VALUE(13.75)),.T.,.PARAMETER.);
#3577 = LINE('',#3578,#3579);
#3578 = CARTESIAN_POINT('',(12.6,3.91,1.E-02));
#3579 = VECTOR('',#3580,1.);
#3580 = DIRECTION('',(-1.,0.,0.));
#3581 = CARTESIAN_POINT('',(12.6,3.91,1.E-02));
#3582 = CARTESIAN_POINT('',(-1.15,3.91,1.E-02));
#3583 = GEOMETRIC_CURVE_SET('',(#3584,#3592,#3599,#3607));
#3584 = TRIMMED_CURVE('',#3585,(#3590,PARAMETER_VALUE(1.570796326795)),(
    #3591,PARAMETER_VALUE(4.712388980385)),.T.,.PARAMETER.);
#3585 = CIRCLE('',#3586,2.5E-02);
#3586 = AXIS2_PLACEMENT_3D('',#3587,#3588,#3589);
#3587 = CARTESIAN_POINT('',(-1.15,3.91,1.E-02));
#3588 = DIRECTION('',(-0.,0.,1.));
#3589 = DIRECTION('',(1.110223024625E-16,-1.,0.));
#3590 = CARTESIAN_POINT('',(-1.125,3.91,1.E-02));
#3591 = CARTESIAN_POINT('',(-1.175,3.91,1.E-02));
#3592 = TRIMMED_CURVE('',#3593,(#3597,PARAMETER_VALUE(0.)),(#3598,
    PARAMETER_VALUE(12.82)),.T.,.PARAMETER.);
#3593 = LINE('',#3594,#3595);
#3594 = CARTESIAN_POINT('',(-1.175,3.91,1.E-02));
#3595 = VECTOR('',#3596,1.);
#3596 = DIRECTION('',(1.110223024625E-16,-1.,0.));
#3597 = CARTESIAN_POINT('',(-1.175,3.91,1.E-02));
#3598 = CARTESIAN_POINT('',(-1.175,-8.91,1.E-02));
#3599 = TRIMMED_CURVE('',#3600,(#3605,PARAMETER_VALUE(4.712388980385)),(
    #3606,PARAMETER_VALUE(7.853981633974)),.T.,.PARAMETER.);
#3600 = CIRCLE('',#3601,2.5E-02);
#3601 = AXIS2_PLACEMENT_3D('',#3602,#3603,#3604);
#3602 = CARTESIAN_POINT('',(-1.15,-8.91,1.E-02));
#3603 = DIRECTION('',(-0.,0.,1.));
#3604 = DIRECTION('',(1.110223024625E-16,-1.,0.));
#3605 = CARTESIAN_POINT('',(-1.175,-8.91,1.E-02));
#3606 = CARTESIAN_POINT('',(-1.125,-8.91,1.E-02));
#3607 = TRIMMED_CURVE('',#3608,(#3612,PARAMETER_VALUE(0.)),(#3613,
    PARAMETER_VALUE(12.82)),.T.,.PARAMETER.);
#3608 = LINE('',#3609,#3610);
#3609 = CARTESIAN_POINT('',(-1.125,-8.91,1.E-02));
#3610 = VECTOR('',#3611,1.);
#3611 = DIRECTION('',(-1.110223024625E-16,1.,0.));
#3612 = CARTESIAN_POINT('',(-1.125,-8.91,1.E-02));
#3613 = CARTESIAN_POINT('',(-1.125,3.91,1.E-02));
#3614 = GEOMETRIC_CURVE_SET('',(#3615,#3623,#3630,#3638));
#3615 = TRIMMED_CURVE('',#3616,(#3621,PARAMETER_VALUE(1.570796326795)),(
    #3622,PARAMETER_VALUE(4.712388980385)),.T.,.PARAMETER.);
#3616 = CIRCLE('',#3617,2.5E-02);
#3617 = AXIS2_PLACEMENT_3D('',#3618,#3619,#3620);
#3618 = CARTESIAN_POINT('',(-1.15,-8.91,1.E-02));
#3619 = DIRECTION('',(0.,0.,1.));
#3620 = DIRECTION('',(1.,0.,0.));
#3621 = CARTESIAN_POINT('',(-1.15,-8.885,1.E-02));
#3622 = CARTESIAN_POINT('',(-1.15,-8.935,1.E-02));
#3623 = TRIMMED_CURVE('',#3624,(#3628,PARAMETER_VALUE(0.)),(#3629,
    PARAMETER_VALUE(13.75)),.T.,.PARAMETER.);
#3624 = LINE('',#3625,#3626);
#3625 = CARTESIAN_POINT('',(-1.15,-8.935,1.E-02));
#3626 = VECTOR('',#3627,1.);
#3627 = DIRECTION('',(1.,0.,0.));
#3628 = CARTESIAN_POINT('',(-1.15,-8.935,1.E-02));
#3629 = CARTESIAN_POINT('',(12.6,-8.935,1.E-02));
#3630 = TRIMMED_CURVE('',#3631,(#3636,PARAMETER_VALUE(4.712388980385)),(
    #3637,PARAMETER_VALUE(7.853981633974)),.T.,.PARAMETER.);
#3631 = CIRCLE('',#3632,2.5E-02);
#3632 = AXIS2_PLACEMENT_3D('',#3633,#3634,#3635);
#3633 = CARTESIAN_POINT('',(12.6,-8.91,1.E-02));
#3634 = DIRECTION('',(0.,0.,1.));
#3635 = DIRECTION('',(1.,0.,0.));
#3636 = CARTESIAN_POINT('',(12.6,-8.935,1.E-02));
#3637 = CARTESIAN_POINT('',(12.6,-8.885,1.E-02));
#3638 = TRIMMED_CURVE('',#3639,(#3643,PARAMETER_VALUE(0.)),(#3644,
    PARAMETER_VALUE(13.75)),.T.,.PARAMETER.);
#3639 = LINE('',#3640,#3641);
#3640 = CARTESIAN_POINT('',(12.6,-8.885,1.E-02));
#3641 = VECTOR('',#3642,1.);
#3642 = DIRECTION('',(-1.,0.,0.));
#3643 = CARTESIAN_POINT('',(12.6,-8.885,1.E-02));
#3644 = CARTESIAN_POINT('',(-1.15,-8.885,1.E-02));
#3645 = GEOMETRIC_CURVE_SET('',(#3646,#3654,#3661,#3669));
#3646 = TRIMMED_CURVE('',#3647,(#3652,PARAMETER_VALUE(1.570796326795)),(
    #3653,PARAMETER_VALUE(4.712388980385)),.T.,.PARAMETER.);
#3647 = CIRCLE('',#3648,2.5E-02);
#3648 = AXIS2_PLACEMENT_3D('',#3649,#3650,#3651);
#3649 = CARTESIAN_POINT('',(12.6,3.91,1.E-02));
#3650 = DIRECTION('',(0.,0.,1.));
#3651 = DIRECTION('',(-1.,-1.224646799147E-16,0.));
#3652 = CARTESIAN_POINT('',(12.6,3.885,1.E-02));
#3653 = CARTESIAN_POINT('',(12.6,3.935,1.E-02));
#3654 = TRIMMED_CURVE('',#3655,(#3659,PARAMETER_VALUE(0.)),(#3660,
    PARAMETER_VALUE(13.75)),.T.,.PARAMETER.);
#3655 = LINE('',#3656,#3657);
#3656 = CARTESIAN_POINT('',(12.6,3.935,1.E-02));
#3657 = VECTOR('',#3658,1.);
#3658 = DIRECTION('',(-1.,-1.224646799147E-16,0.));
#3659 = CARTESIAN_POINT('',(12.6,3.935,1.E-02));
#3660 = CARTESIAN_POINT('',(-1.15,3.935,1.E-02));
#3661 = TRIMMED_CURVE('',#3662,(#3667,PARAMETER_VALUE(4.712388980385)),(
    #3668,PARAMETER_VALUE(7.853981633974)),.T.,.PARAMETER.);
#3662 = CIRCLE('',#3663,2.5E-02);
#3663 = AXIS2_PLACEMENT_3D('',#3664,#3665,#3666);
#3664 = CARTESIAN_POINT('',(-1.15,3.91,1.E-02));
#3665 = DIRECTION('',(0.,0.,1.));
#3666 = DIRECTION('',(-1.,-1.224646799147E-16,0.));
#3667 = CARTESIAN_POINT('',(-1.15,3.935,1.E-02));
#3668 = CARTESIAN_POINT('',(-1.15,3.885,1.E-02));
#3669 = TRIMMED_CURVE('',#3670,(#3674,PARAMETER_VALUE(0.)),(#3675,
    PARAMETER_VALUE(13.75)),.T.,.PARAMETER.);
#3670 = LINE('',#3671,#3672);
#3671 = CARTESIAN_POINT('',(-1.15,3.885,1.E-02));
#3672 = VECTOR('',#3673,1.);
#3673 = DIRECTION('',(1.,1.224646799147E-16,0.));
#3674 = CARTESIAN_POINT('',(-1.15,3.885,1.E-02));
#3675 = CARTESIAN_POINT('',(12.6,3.885,1.E-02));
#3676 = GEOMETRIC_CURVE_SET('',(#3677,#3685,#3692,#3700));
#3677 = TRIMMED_CURVE('',#3678,(#3683,PARAMETER_VALUE(1.570796326795)),(
    #3684,PARAMETER_VALUE(4.712388980385)),.T.,.PARAMETER.);
#3678 = CIRCLE('',#3679,2.5E-02);
#3679 = AXIS2_PLACEMENT_3D('',#3680,#3681,#3682);
#3680 = CARTESIAN_POINT('',(12.6,-8.91,1.E-02));
#3681 = DIRECTION('',(0.,-0.,1.));
#3682 = DIRECTION('',(1.110223024625E-16,1.,0.));
#3683 = CARTESIAN_POINT('',(12.575,-8.91,1.E-02));
#3684 = CARTESIAN_POINT('',(12.625,-8.91,1.E-02));
#3685 = TRIMMED_CURVE('',#3686,(#3690,PARAMETER_VALUE(0.)),(#3691,
    PARAMETER_VALUE(12.82)),.T.,.PARAMETER.);
#3686 = LINE('',#3687,#3688);
#3687 = CARTESIAN_POINT('',(12.625,-8.91,1.E-02));
#3688 = VECTOR('',#3689,1.);
#3689 = DIRECTION('',(1.110223024625E-16,1.,0.));
#3690 = CARTESIAN_POINT('',(12.625,-8.91,1.E-02));
#3691 = CARTESIAN_POINT('',(12.625,3.91,1.E-02));
#3692 = TRIMMED_CURVE('',#3693,(#3698,PARAMETER_VALUE(4.712388980385)),(
    #3699,PARAMETER_VALUE(7.853981633974)),.T.,.PARAMETER.);
#3693 = CIRCLE('',#3694,2.5E-02);
#3694 = AXIS2_PLACEMENT_3D('',#3695,#3696,#3697);
#3695 = CARTESIAN_POINT('',(12.6,3.91,1.E-02));
#3696 = DIRECTION('',(0.,-0.,1.));
#3697 = DIRECTION('',(1.110223024625E-16,1.,0.));
#3698 = CARTESIAN_POINT('',(12.625,3.91,1.E-02));
#3699 = CARTESIAN_POINT('',(12.575,3.91,1.E-02));
#3700 = TRIMMED_CURVE('',#3701,(#3705,PARAMETER_VALUE(0.)),(#3706,
    PARAMETER_VALUE(12.82)),.T.,.PARAMETER.);
#3701 = LINE('',#3702,#3703);
#3702 = CARTESIAN_POINT('',(12.575,3.91,1.E-02));
#3703 = VECTOR('',#3704,1.);
#3704 = DIRECTION('',(-1.110223024625E-16,-1.,0.));
#3705 = CARTESIAN_POINT('',(12.575,3.91,1.E-02));
#3706 = CARTESIAN_POINT('',(12.575,-8.91,1.E-02));
#3707 = GEOMETRIC_CURVE_SET('',(#3708,#3715,#3722,#3729));
#3708 = TRIMMED_CURVE('',#3709,(#3713,PARAMETER_VALUE(0.)),(#3714,
    PARAMETER_VALUE(11.35)),.T.,.PARAMETER.);
#3709 = LINE('',#3710,#3711);
#3710 = CARTESIAN_POINT('',(1.,2.25,1.E-02));
#3711 = VECTOR('',#3712,1.);
#3712 = DIRECTION('',(1.,0.,0.));
#3713 = CARTESIAN_POINT('',(1.,2.25,1.E-02));
#3714 = CARTESIAN_POINT('',(12.35,2.25,1.E-02));
#3715 = TRIMMED_CURVE('',#3716,(#3720,PARAMETER_VALUE(0.)),(#3721,
    PARAMETER_VALUE(9.5)),.T.,.PARAMETER.);
#3716 = LINE('',#3717,#3718);
#3717 = CARTESIAN_POINT('',(12.35,-7.25,1.E-02));
#3718 = VECTOR('',#3719,1.);
#3719 = DIRECTION('',(0.,1.,0.));
#3720 = CARTESIAN_POINT('',(12.35,-7.25,1.E-02));
#3721 = CARTESIAN_POINT('',(12.35,2.25,1.E-02));
#3722 = TRIMMED_CURVE('',#3723,(#3727,PARAMETER_VALUE(0.)),(#3728,
    PARAMETER_VALUE(11.35)),.T.,.PARAMETER.);
#3723 = LINE('',#3724,#3725);
#3724 = CARTESIAN_POINT('',(1.,-7.25,1.E-02));
#3725 = VECTOR('',#3726,1.);
#3726 = DIRECTION('',(1.,0.,0.));
#3727 = CARTESIAN_POINT('',(1.,-7.25,1.E-02));
#3728 = CARTESIAN_POINT('',(12.35,-7.25,1.E-02));
#3729 = TRIMMED_CURVE('',#3730,(#3734,PARAMETER_VALUE(0.)),(#3735,
    PARAMETER_VALUE(9.5)),.T.,.PARAMETER.);
#3730 = LINE('',#3731,#3732);
#3731 = CARTESIAN_POINT('',(1.,-7.25,1.E-02));
#3732 = VECTOR('',#3733,1.);
#3733 = DIRECTION('',(0.,1.,0.));
#3734 = CARTESIAN_POINT('',(1.,-7.25,1.E-02));
#3735 = CARTESIAN_POINT('',(1.,2.25,1.E-02));
#3736 = GEOMETRIC_CURVE_SET('',(#3737));
#3737 = TRIMMED_CURVE('',#3738,(#3743,PARAMETER_VALUE(0.)),(#3744,
    PARAMETER_VALUE(6.28318530718)),.T.,.PARAMETER.);
#3738 = CIRCLE('',#3739,3.5);
#3739 = AXIS2_PLACEMENT_3D('',#3740,#3741,#3742);
#3740 = CARTESIAN_POINT('',(7.5,-2.5,1.E-02));
#3741 = DIRECTION('',(0.,0.,1.));
#3742 = DIRECTION('',(1.,0.,0.));
#3743 = CARTESIAN_POINT('',(11.,-2.5,1.E-02));
#3744 = CARTESIAN_POINT('',(11.,-2.5,1.E-02));
#3745 = GEOMETRIC_CURVE_SET('',(#3746,#3754,#3761,#3769));
#3746 = TRIMMED_CURVE('',#3747,(#3752,PARAMETER_VALUE(1.570796326795)),(
    #3753,PARAMETER_VALUE(4.712388980385)),.T.,.PARAMETER.);
#3747 = CIRCLE('',#3748,5.E-02);
#3748 = AXIS2_PLACEMENT_3D('',#3749,#3750,#3751);
#3749 = CARTESIAN_POINT('',(1.,2.25,1.E-02));
#3750 = DIRECTION('',(0.,0.,1.));
#3751 = DIRECTION('',(1.,0.,0.));
#3752 = CARTESIAN_POINT('',(1.,2.3,1.E-02));
#3753 = CARTESIAN_POINT('',(1.,2.2,1.E-02));
#3754 = TRIMMED_CURVE('',#3755,(#3759,PARAMETER_VALUE(0.)),(#3760,
    PARAMETER_VALUE(11.35)),.T.,.PARAMETER.);
#3755 = LINE('',#3756,#3757);
#3756 = CARTESIAN_POINT('',(1.,2.2,1.E-02));
#3757 = VECTOR('',#3758,1.);
#3758 = DIRECTION('',(1.,0.,0.));
#3759 = CARTESIAN_POINT('',(1.,2.2,1.E-02));
#3760 = CARTESIAN_POINT('',(12.35,2.2,1.E-02));
#3761 = TRIMMED_CURVE('',#3762,(#3767,PARAMETER_VALUE(4.712388980385)),(
    #3768,PARAMETER_VALUE(7.853981633974)),.T.,.PARAMETER.);
#3762 = CIRCLE('',#3763,5.E-02);
#3763 = AXIS2_PLACEMENT_3D('',#3764,#3765,#3766);
#3764 = CARTESIAN_POINT('',(12.35,2.25,1.E-02));
#3765 = DIRECTION('',(0.,0.,1.));
#3766 = DIRECTION('',(1.,0.,0.));
#3767 = CARTESIAN_POINT('',(12.35,2.2,1.E-02));
#3768 = CARTESIAN_POINT('',(12.35,2.3,1.E-02));
#3769 = TRIMMED_CURVE('',#3770,(#3774,PARAMETER_VALUE(0.)),(#3775,
    PARAMETER_VALUE(11.35)),.T.,.PARAMETER.);
#3770 = LINE('',#3771,#3772);
#3771 = CARTESIAN_POINT('',(12.35,2.3,1.E-02));
#3772 = VECTOR('',#3773,1.);
#3773 = DIRECTION('',(-1.,0.,0.));
#3774 = CARTESIAN_POINT('',(12.35,2.3,1.E-02));
#3775 = CARTESIAN_POINT('',(1.,2.3,1.E-02));
#3776 = GEOMETRIC_CURVE_SET('',(#3777,#3785,#3792,#3800));
#3777 = TRIMMED_CURVE('',#3778,(#3783,PARAMETER_VALUE(1.570796326795)),(
    #3784,PARAMETER_VALUE(4.712388980385)),.T.,.PARAMETER.);
#3778 = CIRCLE('',#3779,5.E-02);
#3779 = AXIS2_PLACEMENT_3D('',#3780,#3781,#3782);
#3780 = CARTESIAN_POINT('',(1.,-7.25,1.E-02));
#3781 = DIRECTION('',(0.,-0.,1.));
#3782 = DIRECTION('',(1.110223024625E-16,1.,0.));
#3783 = CARTESIAN_POINT('',(0.95,-7.25,1.E-02));
#3784 = CARTESIAN_POINT('',(1.05,-7.25,1.E-02));
#3785 = TRIMMED_CURVE('',#3786,(#3790,PARAMETER_VALUE(0.)),(#3791,
    PARAMETER_VALUE(9.5)),.T.,.PARAMETER.);
#3786 = LINE('',#3787,#3788);
#3787 = CARTESIAN_POINT('',(1.05,-7.25,1.E-02));
#3788 = VECTOR('',#3789,1.);
#3789 = DIRECTION('',(1.110223024625E-16,1.,0.));
#3790 = CARTESIAN_POINT('',(1.05,-7.25,1.E-02));
#3791 = CARTESIAN_POINT('',(1.05,2.25,1.E-02));
#3792 = TRIMMED_CURVE('',#3793,(#3798,PARAMETER_VALUE(4.712388980385)),(
    #3799,PARAMETER_VALUE(7.853981633974)),.T.,.PARAMETER.);
#3793 = CIRCLE('',#3794,5.E-02);
#3794 = AXIS2_PLACEMENT_3D('',#3795,#3796,#3797);
#3795 = CARTESIAN_POINT('',(1.,2.25,1.E-02));
#3796 = DIRECTION('',(0.,-0.,1.));
#3797 = DIRECTION('',(1.110223024625E-16,1.,0.));
#3798 = CARTESIAN_POINT('',(1.05,2.25,1.E-02));
#3799 = CARTESIAN_POINT('',(0.95,2.25,1.E-02));
#3800 = TRIMMED_CURVE('',#3801,(#3805,PARAMETER_VALUE(0.)),(#3806,
    PARAMETER_VALUE(9.5)),.T.,.PARAMETER.);
#3801 = LINE('',#3802,#3803);
#3802 = CARTESIAN_POINT('',(0.95,2.25,1.E-02));
#3803 = VECTOR('',#3804,1.);
#3804 = DIRECTION('',(-1.110223024625E-16,-1.,0.));
#3805 = CARTESIAN_POINT('',(0.95,2.25,1.E-02));
#3806 = CARTESIAN_POINT('',(0.95,-7.25,1.E-02));
#3807 = GEOMETRIC_CURVE_SET('',(#3808,#3816,#3823,#3831));
#3808 = TRIMMED_CURVE('',#3809,(#3814,PARAMETER_VALUE(1.570796326795)),(
    #3815,PARAMETER_VALUE(4.712388980385)),.T.,.PARAMETER.);
#3809 = CIRCLE('',#3810,5.E-02);
#3810 = AXIS2_PLACEMENT_3D('',#3811,#3812,#3813);
#3811 = CARTESIAN_POINT('',(1.,-7.25,1.E-02));
#3812 = DIRECTION('',(0.,0.,1.));
#3813 = DIRECTION('',(1.,0.,0.));
#3814 = CARTESIAN_POINT('',(1.,-7.2,1.E-02));
#3815 = CARTESIAN_POINT('',(1.,-7.3,1.E-02));
#3816 = TRIMMED_CURVE('',#3817,(#3821,PARAMETER_VALUE(0.)),(#3822,
    PARAMETER_VALUE(11.35)),.T.,.PARAMETER.);
#3817 = LINE('',#3818,#3819);
#3818 = CARTESIAN_POINT('',(1.,-7.3,1.E-02));
#3819 = VECTOR('',#3820,1.);
#3820 = DIRECTION('',(1.,0.,0.));
#3821 = CARTESIAN_POINT('',(1.,-7.3,1.E-02));
#3822 = CARTESIAN_POINT('',(12.35,-7.3,1.E-02));
#3823 = TRIMMED_CURVE('',#3824,(#3829,PARAMETER_VALUE(4.712388980385)),(
    #3830,PARAMETER_VALUE(7.853981633974)),.T.,.PARAMETER.);
#3824 = CIRCLE('',#3825,5.E-02);
#3825 = AXIS2_PLACEMENT_3D('',#3826,#3827,#3828);
#3826 = CARTESIAN_POINT('',(12.35,-7.25,1.E-02));
#3827 = DIRECTION('',(0.,0.,1.));
#3828 = DIRECTION('',(1.,0.,0.));
#3829 = CARTESIAN_POINT('',(12.35,-7.3,1.E-02));
#3830 = CARTESIAN_POINT('',(12.35,-7.2,1.E-02));
#3831 = TRIMMED_CURVE('',#3832,(#3836,PARAMETER_VALUE(0.)),(#3837,
    PARAMETER_VALUE(11.35)),.T.,.PARAMETER.);
#3832 = LINE('',#3833,#3834);
#3833 = CARTESIAN_POINT('',(12.35,-7.2,1.E-02));
#3834 = VECTOR('',#3835,1.);
#3835 = DIRECTION('',(-1.,0.,0.));
#3836 = CARTESIAN_POINT('',(12.35,-7.2,1.E-02));
#3837 = CARTESIAN_POINT('',(1.,-7.2,1.E-02));
#3838 = GEOMETRIC_CURVE_SET('',(#3839,#3847,#3854,#3862));
#3839 = TRIMMED_CURVE('',#3840,(#3845,PARAMETER_VALUE(1.570796326795)),(
    #3846,PARAMETER_VALUE(4.712388980385)),.T.,.PARAMETER.);
#3840 = CIRCLE('',#3841,5.E-02);
#3841 = AXIS2_PLACEMENT_3D('',#3842,#3843,#3844);
#3842 = CARTESIAN_POINT('',(12.35,-7.25,1.E-02));
#3843 = DIRECTION('',(0.,-0.,1.));
#3844 = DIRECTION('',(1.110223024625E-16,1.,0.));
#3845 = CARTESIAN_POINT('',(12.3,-7.25,1.E-02));
#3846 = CARTESIAN_POINT('',(12.4,-7.25,1.E-02));
#3847 = TRIMMED_CURVE('',#3848,(#3852,PARAMETER_VALUE(0.)),(#3853,
    PARAMETER_VALUE(9.5)),.T.,.PARAMETER.);
#3848 = LINE('',#3849,#3850);
#3849 = CARTESIAN_POINT('',(12.4,-7.25,1.E-02));
#3850 = VECTOR('',#3851,1.);
#3851 = DIRECTION('',(1.110223024625E-16,1.,0.));
#3852 = CARTESIAN_POINT('',(12.4,-7.25,1.E-02));
#3853 = CARTESIAN_POINT('',(12.4,2.25,1.E-02));
#3854 = TRIMMED_CURVE('',#3855,(#3860,PARAMETER_VALUE(4.712388980385)),(
    #3861,PARAMETER_VALUE(7.853981633974)),.T.,.PARAMETER.);
#3855 = CIRCLE('',#3856,5.E-02);
#3856 = AXIS2_PLACEMENT_3D('',#3857,#3858,#3859);
#3857 = CARTESIAN_POINT('',(12.35,2.25,1.E-02));
#3858 = DIRECTION('',(0.,-0.,1.));
#3859 = DIRECTION('',(1.110223024625E-16,1.,0.));
#3860 = CARTESIAN_POINT('',(12.4,2.25,1.E-02));
#3861 = CARTESIAN_POINT('',(12.3,2.25,1.E-02));
#3862 = TRIMMED_CURVE('',#3863,(#3867,PARAMETER_VALUE(0.)),(#3868,
    PARAMETER_VALUE(9.5)),.T.,.PARAMETER.);
#3863 = LINE('',#3864,#3865);
#3864 = CARTESIAN_POINT('',(12.3,2.25,1.E-02));
#3865 = VECTOR('',#3866,1.);
#3866 = DIRECTION('',(-1.110223024625E-16,-1.,0.));
#3867 = CARTESIAN_POINT('',(12.3,2.25,1.E-02));
#3868 = CARTESIAN_POINT('',(12.3,-7.25,1.E-02));
#3869 = GEOMETRIC_CURVE_SET('',(#3870));
#3870 = TRIMMED_CURVE('',#3871,(#3876,PARAMETER_VALUE(0.)),(#3877,
    PARAMETER_VALUE(6.28318530718)),.T.,.PARAMETER.);
#3871 = CIRCLE('',#3872,3.55);
#3872 = AXIS2_PLACEMENT_3D('',#3873,#3874,#3875);
#3873 = CARTESIAN_POINT('',(7.5,-2.5,1.E-02));
#3874 = DIRECTION('',(0.,0.,1.));
#3875 = DIRECTION('',(1.,0.,0.));
#3876 = CARTESIAN_POINT('',(11.05,-2.5,1.E-02));
#3877 = CARTESIAN_POINT('',(11.05,-2.5,1.E-02));
#3878 = GEOMETRIC_CURVE_SET('',(#3879));
#3879 = TRIMMED_CURVE('',#3880,(#3885,PARAMETER_VALUE(0.)),(#3886,
    PARAMETER_VALUE(6.28318530718)),.T.,.PARAMETER.);
#3880 = CIRCLE('',#3881,3.45);
#3881 = AXIS2_PLACEMENT_3D('',#3882,#3883,#3884);
#3882 = CARTESIAN_POINT('',(7.5,-2.5,1.E-02));
#3883 = DIRECTION('',(0.,0.,1.));
#3884 = DIRECTION('',(1.,0.,0.));
#3885 = CARTESIAN_POINT('',(10.95,-2.5,1.E-02));
#3886 = CARTESIAN_POINT('',(10.95,-2.5,1.E-02));
#3887 = ( GEOMETRIC_REPRESENTATION_CONTEXT(3) 
GLOBAL_UNCERTAINTY_ASSIGNED_CONTEXT((#3891)) 
GLOBAL_UNIT_ASSIGNED_CONTEXT((#3888,#3889,#3890)) REPRESENTATION_CONTEXT
('Context #1','3D Context with UNIT and UNCERTAINTY') );
#3888 = ( LENGTH_UNIT() NAMED_UNIT(*) SI_UNIT(.MILLI.,.METRE.) );
#3889 = ( NAMED_UNIT(*) PLANE_ANGLE_UNIT() SI_UNIT($,.RADIAN.) );
#3890 = ( NAMED_UNIT(*) SI_UNIT($,.STERADIAN.) SOLID_ANGLE_UNIT() );
#3891 = UNCERTAINTY_MEASURE_WITH_UNIT(LENGTH_MEASURE(1.E-07),#3888,
  'distance_accuracy_value','confusion accuracy');
#3892 = PRODUCT_RELATED_PRODUCT_CATEGORY('part',$,(#7));
#3893 = MECHANICAL_DESIGN_GEOMETRIC_PRESENTATION_REPRESENTATION('',(
    #3894,#3905,#3914,#3923,#3932,#3941,#3950,#3959,#3968,#3977,#3986,
    #3995,#4004,#4013,#4022,#4031,#4040,#4049,#4058,#4067,#4076,#4085,
    #4094,#4103,#4112,#4121,#4130,#4139,#4148,#4157,#4166,#4175,#4184,
    #4193,#4202,#4211,#4220,#4229,#4238,#4247,#4256,#4265,#4274,#4283),
  #3887);
#3894 = STYLED_ITEM('color',(#3895),#15);
#3895 = PRESENTATION_STYLE_ASSIGNMENT((#3896,#3902));
#3896 = SURFACE_STYLE_USAGE(.BOTH.,#3897);
#3897 = SURFACE_SIDE_STYLE('',(#3898));
#3898 = SURFACE_STYLE_FILL_AREA(#3899);
#3899 = FILL_AREA_STYLE('',(#3900));
#3900 = FILL_AREA_STYLE_COLOUR('',#3901);
#3901 = COLOUR_RGB('',0.1599999992,0.1599999992,0.1599999992);
#3902 = CURVE_STYLE('',#3903,POSITIVE_LENGTH_MEASURE(0.1),#3904);
#3903 = DRAUGHTING_PRE_DEFINED_CURVE_FONT('continuous');
#3904 = COLOUR_RGB('',9.803921802644E-02,9.803921802644E-02,
  9.803921802644E-02);
#3905 = STYLED_ITEM('color',(#3906),#142);
#3906 = PRESENTATION_STYLE_ASSIGNMENT((#3907,#3912));
#3907 = SURFACE_STYLE_USAGE(.BOTH.,#3908);
#3908 = SURFACE_SIDE_STYLE('',(#3909));
#3909 = SURFACE_STYLE_FILL_AREA(#3910);
#3910 = FILL_AREA_STYLE('',(#3911));
#3911 = FILL_AREA_STYLE_COLOUR('',#3901);
#3912 = CURVE_STYLE('',#3913,POSITIVE_LENGTH_MEASURE(0.1),#3904);
#3913 = DRAUGHTING_PRE_DEFINED_CURVE_FONT('continuous');
#3914 = STYLED_ITEM('color',(#3915),#269);
#3915 = PRESENTATION_STYLE_ASSIGNMENT((#3916,#3921));
#3916 = SURFACE_STYLE_USAGE(.BOTH.,#3917);
#3917 = SURFACE_SIDE_STYLE('',(#3918));
#3918 = SURFACE_STYLE_FILL_AREA(#3919);
#3919 = FILL_AREA_STYLE('',(#3920));
#3920 = FILL_AREA_STYLE_COLOUR('',#3901);
#3921 = CURVE_STYLE('',#3922,POSITIVE_LENGTH_MEASURE(0.1),#3904);
#3922 = DRAUGHTING_PRE_DEFINED_CURVE_FONT('continuous');
#3923 = STYLED_ITEM('color',(#3924),#493);
#3924 = PRESENTATION_STYLE_ASSIGNMENT((#3925,#3930));
#3925 = SURFACE_STYLE_USAGE(.BOTH.,#3926);
#3926 = SURFACE_SIDE_STYLE('',(#3927));
#3927 = SURFACE_STYLE_FILL_AREA(#3928);
#3928 = FILL_AREA_STYLE('',(#3929));
#3929 = FILL_AREA_STYLE_COLOUR('',#3901);
#3930 = CURVE_STYLE('',#3931,POSITIVE_LENGTH_MEASURE(0.1),#3904);
#3931 = DRAUGHTING_PRE_DEFINED_CURVE_FONT('continuous');
#3932 = STYLED_ITEM('color',(#3933),#787);
#3933 = PRESENTATION_STYLE_ASSIGNMENT((#3934,#3939));
#3934 = SURFACE_STYLE_USAGE(.BOTH.,#3935);
#3935 = SURFACE_SIDE_STYLE('',(#3936));
#3936 = SURFACE_STYLE_FILL_AREA(#3937);
#3937 = FILL_AREA_STYLE('',(#3938));
#3938 = FILL_AREA_STYLE_COLOUR('',#3901);
#3939 = CURVE_STYLE('',#3940,POSITIVE_LENGTH_MEASURE(0.1),#3904);
#3940 = DRAUGHTING_PRE_DEFINED_CURVE_FONT('continuous');
#3941 = STYLED_ITEM('color',(#3942),#1081);
#3942 = PRESENTATION_STYLE_ASSIGNMENT((#3943,#3948));
#3943 = SURFACE_STYLE_USAGE(.BOTH.,#3944);
#3944 = SURFACE_SIDE_STYLE('',(#3945));
#3945 = SURFACE_STYLE_FILL_AREA(#3946);
#3946 = FILL_AREA_STYLE('',(#3947));
#3947 = FILL_AREA_STYLE_COLOUR('',#3901);
#3948 = CURVE_STYLE('',#3949,POSITIVE_LENGTH_MEASURE(0.1),#3904);
#3949 = DRAUGHTING_PRE_DEFINED_CURVE_FONT('continuous');
#3950 = STYLED_ITEM('color',(#3951),#1208);
#3951 = PRESENTATION_STYLE_ASSIGNMENT((#3952,#3957));
#3952 = SURFACE_STYLE_USAGE(.BOTH.,#3953);
#3953 = SURFACE_SIDE_STYLE('',(#3954));
#3954 = SURFACE_STYLE_FILL_AREA(#3955);
#3955 = FILL_AREA_STYLE('',(#3956));
#3956 = FILL_AREA_STYLE_COLOUR('',#3901);
#3957 = CURVE_STYLE('',#3958,POSITIVE_LENGTH_MEASURE(0.1),#3904);
#3958 = DRAUGHTING_PRE_DEFINED_CURVE_FONT('continuous');
#3959 = STYLED_ITEM('color',(#3960),#1335);
#3960 = PRESENTATION_STYLE_ASSIGNMENT((#3961,#3966));
#3961 = SURFACE_STYLE_USAGE(.BOTH.,#3962);
#3962 = SURFACE_SIDE_STYLE('',(#3963));
#3963 = SURFACE_STYLE_FILL_AREA(#3964);
#3964 = FILL_AREA_STYLE('',(#3965));
#3965 = FILL_AREA_STYLE_COLOUR('',#3901);
#3966 = CURVE_STYLE('',#3967,POSITIVE_LENGTH_MEASURE(0.1),#3904);
#3967 = DRAUGHTING_PRE_DEFINED_CURVE_FONT('continuous');
#3968 = STYLED_ITEM('color',(#3969),#1559);
#3969 = PRESENTATION_STYLE_ASSIGNMENT((#3970,#3975));
#3970 = SURFACE_STYLE_USAGE(.BOTH.,#3971);
#3971 = SURFACE_SIDE_STYLE('',(#3972));
#3972 = SURFACE_STYLE_FILL_AREA(#3973);
#3973 = FILL_AREA_STYLE('',(#3974));
#3974 = FILL_AREA_STYLE_COLOUR('',#3901);
#3975 = CURVE_STYLE('',#3976,POSITIVE_LENGTH_MEASURE(0.1),#3904);
#3976 = DRAUGHTING_PRE_DEFINED_CURVE_FONT('continuous');
#3977 = STYLED_ITEM('color',(#3978),#1853);
#3978 = PRESENTATION_STYLE_ASSIGNMENT((#3979,#3984));
#3979 = SURFACE_STYLE_USAGE(.BOTH.,#3980);
#3980 = SURFACE_SIDE_STYLE('',(#3981));
#3981 = SURFACE_STYLE_FILL_AREA(#3982);
#3982 = FILL_AREA_STYLE('',(#3983));
#3983 = FILL_AREA_STYLE_COLOUR('',#3901);
#3984 = CURVE_STYLE('',#3985,POSITIVE_LENGTH_MEASURE(0.1),#3904);
#3985 = DRAUGHTING_PRE_DEFINED_CURVE_FONT('continuous');
#3986 = STYLED_ITEM('color',(#3987),#2147);
#3987 = PRESENTATION_STYLE_ASSIGNMENT((#3988,#3993));
#3988 = SURFACE_STYLE_USAGE(.BOTH.,#3989);
#3989 = SURFACE_SIDE_STYLE('',(#3990));
#3990 = SURFACE_STYLE_FILL_AREA(#3991);
#3991 = FILL_AREA_STYLE('',(#3992));
#3992 = FILL_AREA_STYLE_COLOUR('',#3901);
#3993 = CURVE_STYLE('',#3994,POSITIVE_LENGTH_MEASURE(0.1),#3904);
#3994 = DRAUGHTING_PRE_DEFINED_CURVE_FONT('continuous');
#3995 = STYLED_ITEM('color',(#3996),#2441);
#3996 = PRESENTATION_STYLE_ASSIGNMENT((#3997,#4002));
#3997 = SURFACE_STYLE_USAGE(.BOTH.,#3998);
#3998 = SURFACE_SIDE_STYLE('',(#3999));
#3999 = SURFACE_STYLE_FILL_AREA(#4000);
#4000 = FILL_AREA_STYLE('',(#4001));
#4001 = FILL_AREA_STYLE_COLOUR('',#3901);
#4002 = CURVE_STYLE('',#4003,POSITIVE_LENGTH_MEASURE(0.1),#3904);
#4003 = DRAUGHTING_PRE_DEFINED_CURVE_FONT('continuous');
#4004 = STYLED_ITEM('color',(#4005),#2735);
#4005 = PRESENTATION_STYLE_ASSIGNMENT((#4006,#4011));
#4006 = SURFACE_STYLE_USAGE(.BOTH.,#4007);
#4007 = SURFACE_SIDE_STYLE('',(#4008));
#4008 = SURFACE_STYLE_FILL_AREA(#4009);
#4009 = FILL_AREA_STYLE('',(#4010));
#4010 = FILL_AREA_STYLE_COLOUR('',#3901);
#4011 = CURVE_STYLE('',#4012,POSITIVE_LENGTH_MEASURE(0.1),#3904);
#4012 = DRAUGHTING_PRE_DEFINED_CURVE_FONT('continuous');
#4013 = STYLED_ITEM('color',(#4014),#2827);
#4014 = PRESENTATION_STYLE_ASSIGNMENT((#4015,#4020));
#4015 = SURFACE_STYLE_USAGE(.BOTH.,#4016);
#4016 = SURFACE_SIDE_STYLE('',(#4017));
#4017 = SURFACE_STYLE_FILL_AREA(#4018);
#4018 = FILL_AREA_STYLE('',(#4019));
#4019 = FILL_AREA_STYLE_COLOUR('',#3901);
#4020 = CURVE_STYLE('',#4021,POSITIVE_LENGTH_MEASURE(0.1),#3904);
#4021 = DRAUGHTING_PRE_DEFINED_CURVE_FONT('continuous');
#4022 = STYLED_ITEM('color',(#4023),#2919);
#4023 = PRESENTATION_STYLE_ASSIGNMENT((#4024,#4029));
#4024 = SURFACE_STYLE_USAGE(.BOTH.,#4025);
#4025 = SURFACE_SIDE_STYLE('',(#4026));
#4026 = SURFACE_STYLE_FILL_AREA(#4027);
#4027 = FILL_AREA_STYLE('',(#4028));
#4028 = FILL_AREA_STYLE_COLOUR('',#3901);
#4029 = CURVE_STYLE('',#4030,POSITIVE_LENGTH_MEASURE(0.1),#3904);
#4030 = DRAUGHTING_PRE_DEFINED_CURVE_FONT('continuous');
#4031 = STYLED_ITEM('color',(#4032),#3206);
#4032 = PRESENTATION_STYLE_ASSIGNMENT((#4033,#4038));
#4033 = SURFACE_STYLE_USAGE(.BOTH.,#4034);
#4034 = SURFACE_SIDE_STYLE('',(#4035));
#4035 = SURFACE_STYLE_FILL_AREA(#4036);
#4036 = FILL_AREA_STYLE('',(#4037));
#4037 = FILL_AREA_STYLE_COLOUR('',#3901);
#4038 = CURVE_STYLE('',#4039,POSITIVE_LENGTH_MEASURE(0.1),#3904);
#4039 = DRAUGHTING_PRE_DEFINED_CURVE_FONT('continuous');
#4040 = STYLED_ITEM('color',(#4041),#3214);
#4041 = PRESENTATION_STYLE_ASSIGNMENT((#4042,#4047));
#4042 = SURFACE_STYLE_USAGE(.BOTH.,#4043);
#4043 = SURFACE_SIDE_STYLE('',(#4044));
#4044 = SURFACE_STYLE_FILL_AREA(#4045);
#4045 = FILL_AREA_STYLE('',(#4046));
#4046 = FILL_AREA_STYLE_COLOUR('',#3901);
#4047 = CURVE_STYLE('',#4048,POSITIVE_LENGTH_MEASURE(0.1),#3904);
#4048 = DRAUGHTING_PRE_DEFINED_CURVE_FONT('continuous');
#4049 = STYLED_ITEM('color',(#4050),#3222);
#4050 = PRESENTATION_STYLE_ASSIGNMENT((#4051,#4056));
#4051 = SURFACE_STYLE_USAGE(.BOTH.,#4052);
#4052 = SURFACE_SIDE_STYLE('',(#4053));
#4053 = SURFACE_STYLE_FILL_AREA(#4054);
#4054 = FILL_AREA_STYLE('',(#4055));
#4055 = FILL_AREA_STYLE_COLOUR('',#3901);
#4056 = CURVE_STYLE('',#4057,POSITIVE_LENGTH_MEASURE(0.1),#3904);
#4057 = DRAUGHTING_PRE_DEFINED_CURVE_FONT('continuous');
#4058 = STYLED_ITEM('color',(#4059),#3230);
#4059 = PRESENTATION_STYLE_ASSIGNMENT((#4060,#4065));
#4060 = SURFACE_STYLE_USAGE(.BOTH.,#4061);
#4061 = SURFACE_SIDE_STYLE('',(#4062));
#4062 = SURFACE_STYLE_FILL_AREA(#4063);
#4063 = FILL_AREA_STYLE('',(#4064));
#4064 = FILL_AREA_STYLE_COLOUR('',#3901);
#4065 = CURVE_STYLE('',#4066,POSITIVE_LENGTH_MEASURE(0.1),#3904);
#4066 = DRAUGHTING_PRE_DEFINED_CURVE_FONT('continuous');
#4067 = STYLED_ITEM('color',(#4068),#3238);
#4068 = PRESENTATION_STYLE_ASSIGNMENT((#4069,#4074));
#4069 = SURFACE_STYLE_USAGE(.BOTH.,#4070);
#4070 = SURFACE_SIDE_STYLE('',(#4071));
#4071 = SURFACE_STYLE_FILL_AREA(#4072);
#4072 = FILL_AREA_STYLE('',(#4073));
#4073 = FILL_AREA_STYLE_COLOUR('',#3901);
#4074 = CURVE_STYLE('',#4075,POSITIVE_LENGTH_MEASURE(0.1),#3904);
#4075 = DRAUGHTING_PRE_DEFINED_CURVE_FONT('continuous');
#4076 = STYLED_ITEM('color',(#4077),#3253);
#4077 = PRESENTATION_STYLE_ASSIGNMENT((#4078,#4083));
#4078 = SURFACE_STYLE_USAGE(.BOTH.,#4079);
#4079 = SURFACE_SIDE_STYLE('',(#4080));
#4080 = SURFACE_STYLE_FILL_AREA(#4081);
#4081 = FILL_AREA_STYLE('',(#4082));
#4082 = FILL_AREA_STYLE_COLOUR('',#3901);
#4083 = CURVE_STYLE('',#4084,POSITIVE_LENGTH_MEASURE(0.1),#3904);
#4084 = DRAUGHTING_PRE_DEFINED_CURVE_FONT('continuous');
#4085 = STYLED_ITEM('color',(#4086),#3275);
#4086 = PRESENTATION_STYLE_ASSIGNMENT((#4087,#4092));
#4087 = SURFACE_STYLE_USAGE(.BOTH.,#4088);
#4088 = SURFACE_SIDE_STYLE('',(#4089));
#4089 = SURFACE_STYLE_FILL_AREA(#4090);
#4090 = FILL_AREA_STYLE('',(#4091));
#4091 = FILL_AREA_STYLE_COLOUR('',#3901);
#4092 = CURVE_STYLE('',#4093,POSITIVE_LENGTH_MEASURE(0.1),#3904);
#4093 = DRAUGHTING_PRE_DEFINED_CURVE_FONT('continuous');
#4094 = STYLED_ITEM('color',(#4095),#3306);
#4095 = PRESENTATION_STYLE_ASSIGNMENT((#4096,#4101));
#4096 = SURFACE_STYLE_USAGE(.BOTH.,#4097);
#4097 = SURFACE_SIDE_STYLE('',(#4098));
#4098 = SURFACE_STYLE_FILL_AREA(#4099);
#4099 = FILL_AREA_STYLE('',(#4100));
#4100 = FILL_AREA_STYLE_COLOUR('',#3901);
#4101 = CURVE_STYLE('',#4102,POSITIVE_LENGTH_MEASURE(0.1),#3904);
#4102 = DRAUGHTING_PRE_DEFINED_CURVE_FONT('continuous');
#4103 = STYLED_ITEM('color',(#4104),#3337);
#4104 = PRESENTATION_STYLE_ASSIGNMENT((#4105,#4110));
#4105 = SURFACE_STYLE_USAGE(.BOTH.,#4106);
#4106 = SURFACE_SIDE_STYLE('',(#4107));
#4107 = SURFACE_STYLE_FILL_AREA(#4108);
#4108 = FILL_AREA_STYLE('',(#4109));
#4109 = FILL_AREA_STYLE_COLOUR('',#3901);
#4110 = CURVE_STYLE('',#4111,POSITIVE_LENGTH_MEASURE(0.1),#3904);
#4111 = DRAUGHTING_PRE_DEFINED_CURVE_FONT('continuous');
#4112 = STYLED_ITEM('color',(#4113),#3368);
#4113 = PRESENTATION_STYLE_ASSIGNMENT((#4114,#4119));
#4114 = SURFACE_STYLE_USAGE(.BOTH.,#4115);
#4115 = SURFACE_SIDE_STYLE('',(#4116));
#4116 = SURFACE_STYLE_FILL_AREA(#4117);
#4117 = FILL_AREA_STYLE('',(#4118));
#4118 = FILL_AREA_STYLE_COLOUR('',#3901);
#4119 = CURVE_STYLE('',#4120,POSITIVE_LENGTH_MEASURE(0.1),#3904);
#4120 = DRAUGHTING_PRE_DEFINED_CURVE_FONT('continuous');
#4121 = STYLED_ITEM('color',(#4122),#3399);
#4122 = PRESENTATION_STYLE_ASSIGNMENT((#4123,#4128));
#4123 = SURFACE_STYLE_USAGE(.BOTH.,#4124);
#4124 = SURFACE_SIDE_STYLE('',(#4125));
#4125 = SURFACE_STYLE_FILL_AREA(#4126);
#4126 = FILL_AREA_STYLE('',(#4127));
#4127 = FILL_AREA_STYLE_COLOUR('',#3901);
#4128 = CURVE_STYLE('',#4129,POSITIVE_LENGTH_MEASURE(0.1),#3904);
#4129 = DRAUGHTING_PRE_DEFINED_CURVE_FONT('continuous');
#4130 = STYLED_ITEM('color',(#4131),#3430);
#4131 = PRESENTATION_STYLE_ASSIGNMENT((#4132,#4137));
#4132 = SURFACE_STYLE_USAGE(.BOTH.,#4133);
#4133 = SURFACE_SIDE_STYLE('',(#4134));
#4134 = SURFACE_STYLE_FILL_AREA(#4135);
#4135 = FILL_AREA_STYLE('',(#4136));
#4136 = FILL_AREA_STYLE_COLOUR('',#3901);
#4137 = CURVE_STYLE('',#4138,POSITIVE_LENGTH_MEASURE(0.1),#3904);
#4138 = DRAUGHTING_PRE_DEFINED_CURVE_FONT('continuous');
#4139 = STYLED_ITEM('color',(#4140),#3461);
#4140 = PRESENTATION_STYLE_ASSIGNMENT((#4141,#4146));
#4141 = SURFACE_STYLE_USAGE(.BOTH.,#4142);
#4142 = SURFACE_SIDE_STYLE('',(#4143));
#4143 = SURFACE_STYLE_FILL_AREA(#4144);
#4144 = FILL_AREA_STYLE('',(#4145));
#4145 = FILL_AREA_STYLE_COLOUR('',#3901);
#4146 = CURVE_STYLE('',#4147,POSITIVE_LENGTH_MEASURE(0.1),#3904);
#4147 = DRAUGHTING_PRE_DEFINED_CURVE_FONT('continuous');
#4148 = STYLED_ITEM('color',(#4149),#3492);
#4149 = PRESENTATION_STYLE_ASSIGNMENT((#4150,#4155));
#4150 = SURFACE_STYLE_USAGE(.BOTH.,#4151);
#4151 = SURFACE_SIDE_STYLE('',(#4152));
#4152 = SURFACE_STYLE_FILL_AREA(#4153);
#4153 = FILL_AREA_STYLE('',(#4154));
#4154 = FILL_AREA_STYLE_COLOUR('',#3901);
#4155 = CURVE_STYLE('',#4156,POSITIVE_LENGTH_MEASURE(0.1),#3904);
#4156 = DRAUGHTING_PRE_DEFINED_CURVE_FONT('continuous');
#4157 = STYLED_ITEM('color',(#4158),#3523);
#4158 = PRESENTATION_STYLE_ASSIGNMENT((#4159,#4164));
#4159 = SURFACE_STYLE_USAGE(.BOTH.,#4160);
#4160 = SURFACE_SIDE_STYLE('',(#4161));
#4161 = SURFACE_STYLE_FILL_AREA(#4162);
#4162 = FILL_AREA_STYLE('',(#4163));
#4163 = FILL_AREA_STYLE_COLOUR('',#3901);
#4164 = CURVE_STYLE('',#4165,POSITIVE_LENGTH_MEASURE(0.1),#3904);
#4165 = DRAUGHTING_PRE_DEFINED_CURVE_FONT('continuous');
#4166 = STYLED_ITEM('color',(#4167),#3554);
#4167 = PRESENTATION_STYLE_ASSIGNMENT((#4168,#4173));
#4168 = SURFACE_STYLE_USAGE(.BOTH.,#4169);
#4169 = SURFACE_SIDE_STYLE('',(#4170));
#4170 = SURFACE_STYLE_FILL_AREA(#4171);
#4171 = FILL_AREA_STYLE('',(#4172));
#4172 = FILL_AREA_STYLE_COLOUR('',#3901);
#4173 = CURVE_STYLE('',#4174,POSITIVE_LENGTH_MEASURE(0.1),#3904);
#4174 = DRAUGHTING_PRE_DEFINED_CURVE_FONT('continuous');
#4175 = STYLED_ITEM('color',(#4176),#3583);
#4176 = PRESENTATION_STYLE_ASSIGNMENT((#4177,#4182));
#4177 = SURFACE_STYLE_USAGE(.BOTH.,#4178);
#4178 = SURFACE_SIDE_STYLE('',(#4179));
#4179 = SURFACE_STYLE_FILL_AREA(#4180);
#4180 = FILL_AREA_STYLE('',(#4181));
#4181 = FILL_AREA_STYLE_COLOUR('',#3901);
#4182 = CURVE_STYLE('',#4183,POSITIVE_LENGTH_MEASURE(0.1),#3904);
#4183 = DRAUGHTING_PRE_DEFINED_CURVE_FONT('continuous');
#4184 = STYLED_ITEM('color',(#4185),#3614);
#4185 = PRESENTATION_STYLE_ASSIGNMENT((#4186,#4191));
#4186 = SURFACE_STYLE_USAGE(.BOTH.,#4187);
#4187 = SURFACE_SIDE_STYLE('',(#4188));
#4188 = SURFACE_STYLE_FILL_AREA(#4189);
#4189 = FILL_AREA_STYLE('',(#4190));
#4190 = FILL_AREA_STYLE_COLOUR('',#3901);
#4191 = CURVE_STYLE('',#4192,POSITIVE_LENGTH_MEASURE(0.1),#3904);
#4192 = DRAUGHTING_PRE_DEFINED_CURVE_FONT('continuous');
#4193 = STYLED_ITEM('color',(#4194),#3645);
#4194 = PRESENTATION_STYLE_ASSIGNMENT((#4195,#4200));
#4195 = SURFACE_STYLE_USAGE(.BOTH.,#4196);
#4196 = SURFACE_SIDE_STYLE('',(#4197));
#4197 = SURFACE_STYLE_FILL_AREA(#4198);
#4198 = FILL_AREA_STYLE('',(#4199));
#4199 = FILL_AREA_STYLE_COLOUR('',#3901);
#4200 = CURVE_STYLE('',#4201,POSITIVE_LENGTH_MEASURE(0.1),#3904);
#4201 = DRAUGHTING_PRE_DEFINED_CURVE_FONT('continuous');
#4202 = STYLED_ITEM('color',(#4203),#3676);
#4203 = PRESENTATION_STYLE_ASSIGNMENT((#4204,#4209));
#4204 = SURFACE_STYLE_USAGE(.BOTH.,#4205);
#4205 = SURFACE_SIDE_STYLE('',(#4206));
#4206 = SURFACE_STYLE_FILL_AREA(#4207);
#4207 = FILL_AREA_STYLE('',(#4208));
#4208 = FILL_AREA_STYLE_COLOUR('',#3901);
#4209 = CURVE_STYLE('',#4210,POSITIVE_LENGTH_MEASURE(0.1),#3904);
#4210 = DRAUGHTING_PRE_DEFINED_CURVE_FONT('continuous');
#4211 = STYLED_ITEM('color',(#4212),#3707);
#4212 = PRESENTATION_STYLE_ASSIGNMENT((#4213,#4218));
#4213 = SURFACE_STYLE_USAGE(.BOTH.,#4214);
#4214 = SURFACE_SIDE_STYLE('',(#4215));
#4215 = SURFACE_STYLE_FILL_AREA(#4216);
#4216 = FILL_AREA_STYLE('',(#4217));
#4217 = FILL_AREA_STYLE_COLOUR('',#3901);
#4218 = CURVE_STYLE('',#4219,POSITIVE_LENGTH_MEASURE(0.1),#3904);
#4219 = DRAUGHTING_PRE_DEFINED_CURVE_FONT('continuous');
#4220 = STYLED_ITEM('color',(#4221),#3736);
#4221 = PRESENTATION_STYLE_ASSIGNMENT((#4222,#4227));
#4222 = SURFACE_STYLE_USAGE(.BOTH.,#4223);
#4223 = SURFACE_SIDE_STYLE('',(#4224));
#4224 = SURFACE_STYLE_FILL_AREA(#4225);
#4225 = FILL_AREA_STYLE('',(#4226));
#4226 = FILL_AREA_STYLE_COLOUR('',#3901);
#4227 = CURVE_STYLE('',#4228,POSITIVE_LENGTH_MEASURE(0.1),#3904);
#4228 = DRAUGHTING_PRE_DEFINED_CURVE_FONT('continuous');
#4229 = STYLED_ITEM('color',(#4230),#3745);
#4230 = PRESENTATION_STYLE_ASSIGNMENT((#4231,#4236));
#4231 = SURFACE_STYLE_USAGE(.BOTH.,#4232);
#4232 = SURFACE_SIDE_STYLE('',(#4233));
#4233 = SURFACE_STYLE_FILL_AREA(#4234);
#4234 = FILL_AREA_STYLE('',(#4235));
#4235 = FILL_AREA_STYLE_COLOUR('',#3901);
#4236 = CURVE_STYLE('',#4237,POSITIVE_LENGTH_MEASURE(0.1),#3904);
#4237 = DRAUGHTING_PRE_DEFINED_CURVE_FONT('continuous');
#4238 = STYLED_ITEM('color',(#4239),#3776);
#4239 = PRESENTATION_STYLE_ASSIGNMENT((#4240,#4245));
#4240 = SURFACE_STYLE_USAGE(.BOTH.,#4241);
#4241 = SURFACE_SIDE_STYLE('',(#4242));
#4242 = SURFACE_STYLE_FILL_AREA(#4243);
#4243 = FILL_AREA_STYLE('',(#4244));
#4244 = FILL_AREA_STYLE_COLOUR('',#3901);
#4245 = CURVE_STYLE('',#4246,POSITIVE_LENGTH_MEASURE(0.1),#3904);
#4246 = DRAUGHTING_PRE_DEFINED_CURVE_FONT('continuous');
#4247 = STYLED_ITEM('color',(#4248),#3807);
#4248 = PRESENTATION_STYLE_ASSIGNMENT((#4249,#4254));
#4249 = SURFACE_STYLE_USAGE(.BOTH.,#4250);
#4250 = SURFACE_SIDE_STYLE('',(#4251));
#4251 = SURFACE_STYLE_FILL_AREA(#4252);
#4252 = FILL_AREA_STYLE('',(#4253));
#4253 = FILL_AREA_STYLE_COLOUR('',#3901);
#4254 = CURVE_STYLE('',#4255,POSITIVE_LENGTH_MEASURE(0.1),#3904);
#4255 = DRAUGHTING_PRE_DEFINED_CURVE_FONT('continuous');
#4256 = STYLED_ITEM('color',(#4257),#3838);
#4257 = PRESENTATION_STYLE_ASSIGNMENT((#4258,#4263));
#4258 = SURFACE_STYLE_USAGE(.BOTH.,#4259);
#4259 = SURFACE_SIDE_STYLE('',(#4260));
#4260 = SURFACE_STYLE_FILL_AREA(#4261);
#4261 = FILL_AREA_STYLE('',(#4262));
#4262 = FILL_AREA_STYLE_COLOUR('',#3901);
#4263 = CURVE_STYLE('',#4264,POSITIVE_LENGTH_MEASURE(0.1),#3904);
#4264 = DRAUGHTING_PRE_DEFINED_CURVE_FONT('continuous');
#4265 = STYLED_ITEM('color',(#4266),#3869);
#4266 = PRESENTATION_STYLE_ASSIGNMENT((#4267,#4272));
#4267 = SURFACE_STYLE_USAGE(.BOTH.,#4268);
#4268 = SURFACE_SIDE_STYLE('',(#4269));
#4269 = SURFACE_STYLE_FILL_AREA(#4270);
#4270 = FILL_AREA_STYLE('',(#4271));
#4271 = FILL_AREA_STYLE_COLOUR('',#3901);
#4272 = CURVE_STYLE('',#4273,POSITIVE_LENGTH_MEASURE(0.1),#3904);
#4273 = DRAUGHTING_PRE_DEFINED_CURVE_FONT('continuous');
#4274 = STYLED_ITEM('color',(#4275),#3878);
#4275 = PRESENTATION_STYLE_ASSIGNMENT((#4276,#4281));
#4276 = SURFACE_STYLE_USAGE(.BOTH.,#4277);
#4277 = SURFACE_SIDE_STYLE('',(#4278));
#4278 = SURFACE_STYLE_FILL_AREA(#4279);
#4279 = FILL_AREA_STYLE('',(#4280));
#4280 = FILL_AREA_STYLE_COLOUR('',#3901);
#4281 = CURVE_STYLE('',#4282,POSITIVE_LENGTH_MEASURE(0.1),#3904);
#4282 = DRAUGHTING_PRE_DEFINED_CURVE_FONT('continuous');
#4283 = STYLED_ITEM('color',(#4284),#3011);
#4284 = PRESENTATION_STYLE_ASSIGNMENT((#4285,#4290));
#4285 = SURFACE_STYLE_USAGE(.BOTH.,#4286);
#4286 = SURFACE_SIDE_STYLE('',(#4287));
#4287 = SURFACE_STYLE_FILL_AREA(#4288);
#4288 = FILL_AREA_STYLE('',(#4289));
#4289 = FILL_AREA_STYLE_COLOUR('',#3901);
#4290 = CURVE_STYLE('',#4291,POSITIVE_LENGTH_MEASURE(0.1),#3904);
#4291 = DRAUGHTING_PRE_DEFINED_CURVE_FONT('continuous');
ENDSEC;
END-ISO-10303-21;
