#VRML V2.0 utf8
#kicad StepUp wrl exported

Shape {
    appearance Appearance {material DEF PIN-01 Material {
        ambientIntensity 0.271
        diffuseColor 0.824 0.820 0.781
        specularColor 0.328 0.258 0.172
        emissiveColor 0.0 0.0 0.0
        shininess 0.70
        transparency 0.0
        }
    }
}
Shape {
    appearance Appearance {material DEF MET-01 Material {
        ambientIntensity 0.249999
        diffuseColor 0.298 0.298 0.298
        specularColor 0.398 0.398 0.398
        emissiveColor 0.0 0.0 0.0
        shininess 0.056122
        transparency 0.0
        }
    }
}
Shape {
    appearance Appearance {material DEF PIN-02 Material {
        ambientIntensity 0.379
        diffuseColor 0.859 0.738 0.496
        specularColor 0.137 0.145 0.184
        emissiveColor 0.0 0.0 0.0
        shininess 0.40
        transparency 0.0
        }
    }
}
Shape {
    appearance Appearance {material DEF IC-BODY-EPOXY-04 Material {
        ambientIntensity 0.293
        diffuseColor 0.148 0.145 0.145
        specularColor 0.180 0.168 0.160
        emissiveColor 0.0 0.0 0.0
        shininess 0.35
        transparency 0.0
        }
    }
}
Shape {
    appearance Appearance {material DEF RES-SMD-01 Material {
        diffuseColor 0.082 0.086 0.094
        emissiveColor 0.000 0.000 0.000
        specularColor 0.066 0.063 0.063
        ambientIntensity 0.638
        transparency 0.0
        shininess 0.3
        }
    }
}
Shape {
    appearance Appearance {material DEF IC-BODY-EPOXY-01 Material {
        ambientIntensity 0.117
        diffuseColor 0.250 0.262 0.281
        specularColor 0.316 0.281 0.176
        emissiveColor 0.0 0.0 0.0
        shininess 0.25
        transparency 0.0
        }
    }
}
Shape {
    appearance Appearance {material DEF CAP-CERAMIC-05 Material {
        ambientIntensity 0.179
        diffuseColor 0.273 0.273 0.273
        specularColor 0.203 0.188 0.176
        emissiveColor 0.0 0.0 0.0
        shininess 0.15
        transparency 0.0
        }
    }
}
Shape {
    appearance Appearance {material DEF CAP-CERAMIC-06 Material {
        ambientIntensity 0.453
        diffuseColor 0.379 0.270 0.215
        specularColor 0.223 0.223 0.223
        emissiveColor 0.0 0.0 0.0
        shininess 0.15
        transparency 0.0
        }
    }
}
Shape {
    appearance Appearance {material DEF RES-THT-01 Material {
        ambientIntensity 0.149
        diffuseColor 0.883 0.711 0.492
        specularColor 0.043 0.121 0.281
        emissiveColor 0.0 0.0 0.0
        shininess 0.40
        transparency 0.0
        }
    }
}
Shape {
    appearance Appearance {material DEF PLASTIC-BLUE-01 Material {
        ambientIntensity 0.565
        diffuseColor 0.137 0.402 0.727
        specularColor 0.359 0.379 0.270
        emissiveColor 0.0 0.0 0.0
        shininess 0.25
        transparency 0.0
        }
    }
}
Shape {
    appearance Appearance {material DEF PLASTIC-GREEN-01 Material {
        ambientIntensity 0.315
        diffuseColor 0.340 0.680 0.445
        specularColor 0.176 0.105 0.195
        emissiveColor 0.0 0.0 0.0
        shininess 0.25
        transparency 0.0
        }
    }
}
Shape {
    appearance Appearance {material DEF PLASTIC-ORANGE-01 Material {
        ambientIntensity 0.284
        diffuseColor 0.809 0.426 0.148
        specularColor 0.039 0.102 0.145
        emissiveColor 0.0 0.0 0.0
        shininess 0.25
        transparency 0.0
        }
    }
}
Shape {
    appearance Appearance {material DEF RED-BODY Material {
        ambientIntensity 0.683
        diffuseColor 0.700 0.100 0.050
        emissiveColor 0.000 0.000 0.000
        specularColor 0.300 0.400 0.150
        shininess 0.25
        transparency 0.0
        }
    }
}
Shape {
    appearance Appearance {material DEF CAP-CERAMIC-02 Material {
        ambientIntensity 0.683
        diffuseColor 0.578 0.336 0.352
        specularColor 0.105 0.273 0.270
        emissiveColor 0.0 0.0 0.0
        shininess 0.25
        transparency 0.0
        }
    }
}
Shape {
    appearance Appearance {material DEF PLASTIC-YELLOW-01 Material {
        ambientIntensity 0.522
        diffuseColor 0.832 0.680 0.066
        specularColor 0.160 0.203 0.320
        emissiveColor 0.0 0.0 0.0
        shininess 0.25
        transparency 0.0
        }
    }
}
Shape {
    appearance Appearance {material DEF PLASTIC-WHITE-01 Material {
        ambientIntensity 0.494
        diffuseColor 0.895 0.891 0.813
        specularColor 0.047 0.055 0.109
        emissiveColor 0.0 0.0 0.0
        shininess 0.25
        transparency 0.0
        }
    }
}
Shape {
    appearance Appearance {material DEF IC-LABEL-01 Material {
        ambientIntensity 0.082
        diffuseColor 0.691 0.664 0.598
        specularColor 0.000 0.000 0.000
        emissiveColor 0.0 0.0 0.0
        shininess 0.01
        transparency 0.0
        }
    }
}
Shape {
    appearance Appearance {material DEF LED-RED Material {
        ambientIntensity 0.789
        diffuseColor 0.700 0.100 0.050
        emissiveColor 0.000 0.000 0.000
        specularColor 0.300 0.400 0.150
        shininess 0.125
        transparency 0.15
        }
    }
}
Shape {
    appearance Appearance {material DEF LED-GREEN Material {
        ambientIntensity 0.789
        diffuseColor 0.400 0.700 0.150
        emissiveColor 0.000 0.000 0.000
        specularColor 0.600 0.300 0.100
        shininess 0.05
        transparency 0.15
        }
    }
}
Shape {
    appearance Appearance {material DEF LED-BLUE Material {
        ambientIntensity 0.789
        diffuseColor 0.100 0.250 0.700
        emissiveColor 0.000 0.000 0.000
        specularColor 0.500 0.600 0.300
        shininess 0.125
        transparency 0.15
        }
    }
}
Shape {
    appearance Appearance {material DEF LED-YELLOW Material {
        ambientIntensity 0.522
        diffuseColor 0.98 0.840 0.066
        specularColor 0.160 0.203 0.320
        emissiveColor 0.0 0.0 0.0
        shininess 0.125
        transparency 0.15
        }
    }
}
Shape {
    appearance Appearance {material DEF LED-WHITE Material {
        ambientIntensity 0.494
        diffuseColor 0.895 0.891 0.813
        specularColor 0.047 0.055 0.109
        emissiveColor 0.0 0.0 0.0
        shininess 0.125
        transparency 0.15
        }
    }
}
Shape {
    appearance Appearance {material DEF LED-GREY Material {
        ambientIntensity 0.494
        diffuseColor 0.27 0.25 0.27
        specularColor 0.5 0.5 0.6
        emissiveColor 0.0 0.0 0.0
        shininess 0.35
        transparency 0.15
        }
    }
}
Shape {
    appearance Appearance {material DEF LED-BLACK Material {
        ambientIntensity 0.494
        diffuseColor 0.1 0.05 0.1
        specularColor 0.6 0.5 0.6
        emissiveColor 0.0 0.0 0.0
        shininess 0.5
        transparency 0.15
        }
    }
}
Shape {
    appearance Appearance {material DEF GLASS-19 Material {
        ambientIntensity 0.2018212
        diffuseColor 0.400769 0.441922 0.459091
        specularColor 0.573887 0.649271 0.810811
        emissiveColor 0.000000 0.000000 0.000000
        shininess 0.127273
        transparency 0.37
        }
    }
}
Shape {
    appearance Appearance {material DEF GLASS-29 Material {
        ambientIntensity 0.379
        diffuseColor 0.859 0.738 0.496
        specularColor 0.137 0.145 0.184
        emissiveColor 0.0 0.0 0.0
        shininess 0.40
        transparency 0.39
        }
    }
}
Shape {
    appearance Appearance {material DEF GLASS-13 Material {
        ambientIntensity 0.250000
        diffuseColor 0.000000 0.631244 0.748016
        specularColor 0.915152 0.915152 0.915152
        emissiveColor 0.000000 0.000000 0.000000
        shininess 0.642424
        transparency 0.39
        }
    }
}
Shape {
    appearance Appearance {material DEF GLASS-GREEN Material {
        ambientIntensity 0.250000
        diffuseColor 0.000000 0.75 0.44
        specularColor 0.915152 0.915152 0.915152
        emissiveColor 0.000000 0.000000 0.000000
        shininess 0.642424
        transparency 0.39
        }
    }
}
Shape {
    appearance Appearance {material DEF GLASS-ORANGE Material {
        ambientIntensity 0.250000
        diffuseColor 0.75 0.44 0.000000
        specularColor 0.915152 0.915152 0.915152
        emissiveColor 0.000000 0.000000 0.000000
        shininess 0.642424
        transparency 0.39
        }
    }
}
Shape {
    appearance Appearance {material DEF BOARD-GREEN-02 Material {
        ambientIntensity 1
        diffuseColor 0.07 0.3 0.12
        specularColor 0.07 0.3 0.12
        emissiveColor 0.0 0.0 0.0
        shininess 0.40
        transparency 0.0
        }
    }
}
Shape {
    appearance Appearance {material DEF BOARD-BLUE-01 Material {
        ambientIntensity 1
        diffuseColor 0.07 0.12 0.3
        specularColor 0.07 0.12 0.3
        emissiveColor 0.0 0.0 0.0
        shininess 0.40
        transparency 0.0
        }
    }
}
Shape {
    appearance Appearance {material DEF BOARD-BLACK-03 Material {
        ambientIntensity 1
        diffuseColor 0.16 0.16 0.16
        specularColor 0.16 0.16 0.16
        emissiveColor 0.0 0.0 0.0
        shininess 0.40
        transparency 0.0
        }
    }
}
Shape {
    appearance Appearance {material DEF MET-ALUMINUM Material {
        ambientIntensity 0.256000
        diffuseColor 0.372322 0.371574 0.373173
        specularColor 0.556122 0.554201 0.556122
        emissiveColor 0.0 0.0 0.0
        shininess 0.127551
        transparency 0.0
        }
    }
}
Shape {
    appearance Appearance {material DEF MET-BRONZE Material {
        ambientIntensity 0.022727
        diffuseColor 0.714 0.4284 0.18144
        specularColor 0.393548 0.271906 0.166721
        emissiveColor 0.000000 0.000000 0.000000
        shininess 0.2
        transparency 0.0
        }
    }
}
Shape {
    appearance Appearance {material DEF MET-SILVER Material {
        ambientIntensity 0.022727
        diffuseColor 0.50754 0.50754 0.50754
        specularColor 0.508273 0.508273 0.508273
        emissiveColor 0.000000 0.000000 0.000000
        shininess 0.4
        transparency 0.0
        }
    }
}
Shape {
    appearance Appearance {material DEF MET-COPPER Material {
        ambientIntensity 0.022727
        diffuseColor 0.7038 0.27048 0.0828
        specularColor 0.780612 0.37 0.000000
        emissiveColor 0.000000 0.000000 0.000000
        shininess 0.2
        transparency 0.0
        }
    }
}
Shape { geometry IndexedFaceSet 
{ creaseAngle 1.00 coordIndex [0,1,2,-1,2,1,3,-1,3,4,5,-1,1,4,3,-1,5,6,7,-1,4,6,5,-1,7,8,9,-1,6,8,7,-1,9,10,11,-1,8,10,9,-1,11,12,13,-1,10,12,11,-1,13,14,15,-1,12,14,13,-1,15,16,17,-1,14,16,15,-1,17,18,19,-1,16,18,17,-1,19,20,21,-1,18,20,19,-1,21,22,23,-1,20,22,21,-1,23,24,25,-1,22,24,23,-1,25,26,27,-1,24,26,25,-1,27,28,29,-1,26,28,27,-1,29,30,31,-1,28,30,29,-1,31,32,33,-1,30,32,31,-1,33,34,35,-1,32,34,33,-1,34,36,35,-1,35,36,37,-1,36,38,37,-1,37,38,39,-1,38,40,39,-1,39,40,41,-1,40,42,41,-1,41,42,43,-1,42,44,43,-1,43,44,45,-1,45,46,47,-1,44,46,45,-1,47,48,49,-1,46,48,47,-1,49,50,51,-1,48,50,49,-1,51,52,53,-1,50,52,51,-1,53,54,55,-1,52,54,53,-1,55,56,57,-1,54,56,55,-1,57,58,59,-1,56,58,57,-1,59,60,61,-1,58,60,59,-1,61,62,63,-1,60,62,61,-1,63,64,65,-1,62,64,63,-1,65,66,67,-1,64,66,65,-1,67,68,69,-1,66,68,67,-1,69,70,71,-1,68,70,69,-1,71,72,73,-1,70,72,71,-1,73,74,75,-1,72,74,73,-1,75,76,77,-1,77,76,78,-1,74,76,75,-1,76,79,78,-1,78,80,81,-1,79,80,78,-1,81,82,83,-1,83,82,84,-1,80,82,81,-1,82,85,84,-1,85,86,84,-1,84,86,87,-1,86,88,87,-1,87,88,89,-1,88,90,89,-1,89,90,91,-1,90,92,91,-1,91,92,93,-1,92,94,93,-1,93,94,95,-1,95,94,96,-1,94,97,96,-1,97,98,96,-1,96,98,99,-1,98,100,99,-1,99,100,101,-1,100,102,101,-1,101,102,103,-1,102,104,103,-1,103,104,105,-1,104,106,105,-1,105,106,107,-1,106,108,107,-1,107,108,109,-1,109,108,110,-1,108,111,110,-1,111,112,110,-1,110,112,113,-1,113,112,114,-1,112,115,114,-1,114,115,116,-1,115,117,116,-1,116,118,119,-1,119,118,120,-1,117,118,116,-1,118,121,120,-1,120,122,123,-1,123,122,124,-1,121,122,120,-1,122,125,124,-1,124,0,2,-1,125,0,124,-1]
coord Coordinate { point [3.93385e-17 -1.61417 -0.003937,-0.0352799 -1.61593 -0.003937,3.93385e-17 -1.61417 0,-0.0352799 -1.61593 0,-0.0702091 -1.6212 -0.003937,-0.0702091 -1.6212 0,-0.104441 -1.62991 -0.003937,-0.104441 -1.62991 0,-0.137634 -1.64199 -0.003937,-0.137634 -1.64199 0,-0.16946 -1.65732 -0.003937,-0.16946 -1.65732 0,-0.199601 -1.67574 -0.003937,-0.199601 -1.67574 0,-0.227759 -1.69707 -0.003937,-0.227759 -1.69707 0,-0.253653 -1.72109 -0.003937,-0.253653 -1.72109 0,-0.277026 -1.74758 -0.003937,-0.277026 -1.74758 0,-0.297646 -1.77626 -0.003937,-0.297646 -1.77626 0,-0.315308 -1.80685 -0.003937,-0.315308 -1.80685 0,-0.329836 -1.83905 -0.003937,-0.329836 -1.83905 0,-0.341087 -1.87253 -0.003937,-0.341087 -1.87253 0,-0.348947 -1.90697 -0.003937,-0.348947 -1.90697 0,-0.353339 -1.94202 -0.003937,-0.353339 -1.94202 0,-0.35422 -1.97733 -0.003937,-0.35422 -1.97733 0,-0.35158 -2.01256 -0.003937,-0.35158 -2.01256 0,-0.345446 -2.04735 -0.003937,-0.345446 -2.04735 0,-0.335879 -2.08135 -0.003937,-0.335879 -2.08135 0,-0.322974 -2.11423 -0.003937,-0.322974 -2.11423 0,-0.306859 -2.14566 -0.003937,-0.306859 -2.14566 0,-0.287694 -2.17534 -0.003937,-0.287694 -2.17534 0,-0.26567 -2.20296 -0.003937,-0.26567 -2.20296 0,-0.241006 -2.22824 -0.003937,-0.241006 -2.22824 0,-0.213946 -2.25095 -0.003937,-0.213946 -2.25095 0,-0.18476 -2.27085 -0.003937,-0.18476 -2.27085 0,-0.153738 -2.28774 -0.003937,-0.153738 -2.28774 0,-0.121188 -2.30146 -0.003937,-0.121188 -2.30146 0,-0.0874335 -2.31187 -0.003937,-0.0874335 -2.31187 0,-0.0528101 -2.31887 -0.003937,-0.0528101 -2.31887 0,-0.0176619 -2.32239 -0.003937,-0.0176619 -2.32239 0,0.0176619 -2.32239 -0.003937,0.0176619 -2.32239 0,0.0528101 -2.31887 -0.003937,0.0528101 -2.31887 0,0.0874335 -2.31187 -0.003937,0.0874335 -2.31187 0,0.121188 -2.30146 -0.003937,0.121188 -2.30146 0,0.153738 -2.28774 -0.003937,0.153738 -2.28774 0,0.18476 -2.27085 -0.003937,0.18476 -2.27085 0,0.213946 -2.25095 -0.003937,0.213946 -2.25095 0,0.241006 -2.22824 0,0.241006 -2.22824 -0.003937,0.26567 -2.20296 -0.003937,0.26567 -2.20296 0,0.287694 -2.17534 -0.003937,0.287694 -2.17534 0,0.306859 -2.14567 0,0.306859 -2.14567 -0.003937,0.322974 -2.11423 -0.003937,0.322974 -2.11423 0,0.335879 -2.08135 -0.003937,0.335879 -2.08135 0,0.345446 -2.04735 -0.003937,0.345446 -2.04735 0,0.35158 -2.01256 -0.003937,0.35158 -2.01256 0,0.35422 -1.97733 -0.003937,0.35422 -1.97733 0,0.353339 -1.94202 0,0.353339 -1.94202 -0.003937,0.348947 -1.90697 -0.003937,0.348947 -1.90697 0,0.341087 -1.87253 -0.003937,0.341087 -1.87253 0,0.329836 -1.83905 -0.003937,0.329836 -1.83905 0,0.315308 -1.80685 -0.003937,0.315308 -1.80685 0,0.297646 -1.77626 -0.003937,0.297646 -1.77626 0,0.277026 -1.74758 -0.003937,0.277026 -1.74758 0,0.253653 -1.72109 0,0.253653 -1.72109 -0.003937,0.227759 -1.69707 -0.003937,0.227759 -1.69707 0,0.199601 -1.67574 0,0.199601 -1.67574 -0.003937,0.16946 -1.65732 0,0.16946 -1.65732 -0.003937,0.137634 -1.64199 -0.003937,0.137634 -1.64199 0,0.104441 -1.62991 0,0.104441 -1.62991 -0.003937,0.0702091 -1.6212 -0.003937,0.0702091 -1.6212 0,0.0352799 -1.61593 0,0.0352799 -1.61593 -0.003937]
}}
appearance Appearance{material Material{diffuseColor 0.16 0.16 0.16
transparency 0}}}
Shape { geometry IndexedFaceSet 
{ creaseAngle 1.00 coordIndex [0,1,2,-1,2,1,3,-1,3,4,5,-1,1,4,3,-1,5,6,7,-1,4,6,5,-1,7,8,9,-1,6,8,7,-1,9,10,11,-1,8,10,9,-1,11,12,13,-1,10,12,11,-1,13,14,15,-1,12,14,13,-1,15,16,17,-1,14,16,15,-1,17,18,19,-1,16,18,17,-1,19,20,21,-1,18,20,19,-1,21,22,23,-1,20,22,21,-1,23,24,25,-1,22,24,23,-1,25,26,27,-1,24,26,25,-1,27,28,29,-1,26,28,27,-1,28,30,29,-1,29,30,31,-1,30,32,31,-1,31,32,33,-1,32,34,33,-1,33,34,35,-1,34,36,35,-1,35,36,37,-1]
coord Coordinate { point [-2.52357e-17 -1.77167 -0.003937,0.0341792 -1.77466 -0.003937,-2.52357e-17 -1.77167 0,0.0341792 -1.77466 0,0.0673199 -1.78354 -0.003937,0.0673199 -1.78354 0,0.0984152 -1.79804 -0.003937,0.0984152 -1.79804 0,0.12652 -1.81772 -0.003937,0.12652 -1.81772 0,0.150781 -1.84198 -0.003937,0.150781 -1.84198 0,0.17046 -1.87008 -0.003937,0.17046 -1.87008 0,0.18496 -1.90118 -0.003937,0.18496 -1.90118 0,0.19384 -1.93432 -0.003937,0.19384 -1.93432 0,0.19683 -1.9685 -0.003937,0.19683 -1.9685 0,0.19384 -2.00268 -0.003937,0.19384 -2.00268 0,0.18496 -2.03582 -0.003937,0.18496 -2.03582 0,0.17046 -2.06692 -0.003937,0.17046 -2.06692 0,0.150781 -2.09502 -0.003937,0.150781 -2.09502 0,0.12652 -2.11928 -0.003937,0.12652 -2.11928 0,0.0984152 -2.13896 -0.003937,0.0984152 -2.13896 0,0.0673199 -2.15346 -0.003937,0.0673199 -2.15346 0,0.0341792 -2.16234 -0.003937,0.0341792 -2.16234 0,-2.52357e-17 -2.16533 -0.003937,-2.52357e-17 -2.16533 0]
}}
appearance Appearance{material Material{diffuseColor 0.16 0.16 0.16
transparency 0}}}
Shape { geometry IndexedFaceSet 
{ creaseAngle 1.00 coordIndex [0,1,2,-1,2,1,3,-1,3,4,5,-1,1,4,3,-1,5,6,7,-1,4,6,5,-1,7,8,9,-1,6,8,7,-1,9,10,11,-1,8,10,9,-1,11,12,13,-1,10,12,11,-1,13,14,15,-1,12,14,13,-1,15,16,17,-1,14,16,15,-1,17,18,19,-1,16,18,17,-1,19,20,21,-1,18,20,19,-1,21,22,23,-1,20,22,21,-1,23,24,25,-1,22,24,23,-1,25,26,27,-1,24,26,25,-1,27,28,29,-1,26,28,27,-1,28,30,29,-1,29,30,31,-1,30,32,31,-1,31,32,33,-1,32,34,33,-1,33,34,35,-1,34,36,35,-1,35,36,37,-1]
coord Coordinate { point [-2.52357e-17 -2.16533 -0.003937,-0.0341792 -2.16234 -0.003937,-2.52357e-17 -2.16533 0,-0.0341792 -2.16234 0,-0.0673199 -2.15346 -0.003937,-0.0673199 -2.15346 0,-0.0984152 -2.13896 -0.003937,-0.0984152 -2.13896 0,-0.12652 -2.11928 -0.003937,-0.12652 -2.11928 0,-0.150781 -2.09502 -0.003937,-0.150781 -2.09502 0,-0.17046 -2.06692 -0.003937,-0.17046 -2.06692 0,-0.18496 -2.03582 -0.003937,-0.18496 -2.03582 0,-0.19384 -2.00268 -0.003937,-0.19384 -2.00268 0,-0.19683 -1.9685 -0.003937,-0.19683 -1.9685 0,-0.19384 -1.93432 -0.003937,-0.19384 -1.93432 0,-0.18496 -1.90118 -0.003937,-0.18496 -1.90118 0,-0.17046 -1.87008 -0.003937,-0.17046 -1.87008 0,-0.150781 -1.84198 -0.003937,-0.150781 -1.84198 0,-0.12652 -1.81772 -0.003937,-0.12652 -1.81772 0,-0.0984152 -1.79804 -0.003937,-0.0984152 -1.79804 0,-0.0673199 -1.78354 -0.003937,-0.0673199 -1.78354 0,-0.0341792 -1.77466 -0.003937,-0.0341792 -1.77466 0,-2.52357e-17 -1.77167 -0.003937,-2.52357e-17 -1.77167 0]
}}
appearance Appearance{material Material{diffuseColor 0.16 0.16 0.16
transparency 0}}}
Shape { geometry IndexedFaceSet 
{ creaseAngle 1.00 coordIndex [0,1,2,-1,2,1,3,-1,3,4,5,-1,1,4,3,-1,6,7,8,-1,8,7,0,-1,0,7,1,-1,5,9,10,-1,10,9,11,-1,4,9,5,-1,6,12,7,-1,13,12,14,-1,14,12,6,-1,11,15,16,-1,16,15,17,-1,9,15,11,-1,18,19,13,-1,13,19,12,-1,17,20,21,-1,21,20,22,-1,15,20,17,-1,23,24,25,-1,25,24,18,-1,18,24,19,-1,20,26,22,-1,22,26,27,-1,28,29,30,-1,30,29,23,-1,23,29,24,-1,27,31,32,-1,32,31,33,-1,26,31,27,-1,34,35,36,-1,36,35,28,-1,28,35,29,-1,33,37,38,-1,38,37,39,-1,31,37,33,-1,40,41,34,-1,34,41,35,-1,39,42,43,-1,37,42,39,-1,42,44,43,-1,45,46,40,-1,40,46,41,-1,42,47,44,-1,47,48,44,-1,45,49,46,-1,49,50,46,-1,47,51,48,-1,51,52,48,-1,49,53,50,-1,51,54,52,-1,55,54,51,-1,53,56,50,-1,50,56,57,-1,55,58,54,-1,56,59,57,-1,55,60,58,-1,61,60,55,-1,59,62,57,-1,57,62,63,-1,61,64,60,-1,62,65,63,-1,63,65,66,-1,61,67,64,-1,68,67,61,-1,65,69,66,-1,68,70,67,-1,71,70,68,-1,69,72,66,-1,66,72,73,-1,71,74,70,-1,72,75,73,-1,71,76,74,-1,77,76,71,-1,75,78,73,-1,73,78,79,-1,77,80,76,-1,78,81,79,-1,82,83,77,-1,77,83,80,-1,79,84,85,-1,81,84,79,-1,82,86,83,-1,85,87,88,-1,84,87,85,-1,89,90,82,-1,82,90,86,-1,87,91,88,-1,92,93,89,-1,89,93,90,-1,88,94,95,-1,91,94,88,-1,92,96,93,-1,94,97,95,-1,95,98,92,-1,92,98,96,-1,97,98,95,-1]
coord Coordinate { point [-0.287694 -2.17534 -0.003937,-0.150781 -2.09502 -0.003937,-0.26567 -2.20296 -0.003937,-0.241006 -2.22824 -0.003937,-0.12652 -2.11928 -0.003937,-0.213946 -2.25095 -0.003937,-0.322974 -2.11423 -0.003937,-0.17046 -2.06692 -0.003937,-0.306859 -2.14566 -0.003937,-0.0984152 -2.13896 -0.003937,-0.18476 -2.27085 -0.003937,-0.153738 -2.28774 -0.003937,-0.18496 -2.03582 -0.003937,-0.345446 -2.04735 -0.003937,-0.335879 -2.08135 -0.003937,-0.0673199 -2.15346 -0.003937,-0.121188 -2.30146 -0.003937,-0.0874335 -2.31187 -0.003937,-0.35158 -2.01256 -0.003937,-0.19384 -2.00268 -0.003937,-0.0341792 -2.16234 -0.003937,-0.0528101 -2.31887 -0.003937,-0.0176619 -2.32239 -0.003937,-0.353339 -1.94202 -0.003937,-0.19683 -1.9685 -0.003937,-0.35422 -1.97733 -0.003937,-2.52357e-17 -2.16533 -0.003937,0.0176619 -2.32239 -0.003937,-0.341087 -1.87253 -0.003937,-0.19384 -1.93432 -0.003937,-0.348947 -1.90697 -0.003937,0.0341792 -2.16234 -0.003937,0.0528101 -2.31887 -0.003937,0.0874335 -2.31187 -0.003937,-0.315308 -1.80685 -0.003937,-0.18496 -1.90118 -0.003937,-0.329836 -1.83905 -0.003937,0.0673199 -2.15346 -0.003937,0.121188 -2.30146 -0.003937,0.153738 -2.28774 -0.003937,-0.297646 -1.77626 -0.003937,-0.17046 -1.87008 -0.003937,0.0984152 -2.13896 -0.003937,0.18476 -2.27085 -0.003937,0.213946 -2.25095 -0.003937,-0.277026 -1.74758 -0.003937,-0.150781 -1.84198 -0.003937,0.12652 -2.11928 -0.003937,0.241006 -2.22824 -0.003937,-0.253653 -1.72109 -0.003937,-0.12652 -1.81772 -0.003937,0.150781 -2.09502 -0.003937,0.26567 -2.20296 -0.003937,-0.227759 -1.69707 -0.003937,0.287694 -2.17534 -0.003937,0.17046 -2.06692 -0.003937,-0.199601 -1.67574 -0.003937,-0.0984152 -1.79804 -0.003937,0.306859 -2.14567 -0.003937,-0.16946 -1.65732 -0.003937,0.322974 -2.11423 -0.003937,0.18496 -2.03582 -0.003937,-0.137634 -1.64199 -0.003937,-0.0673199 -1.78354 -0.003937,0.335879 -2.08135 -0.003937,-0.104441 -1.62991 -0.003937,-0.0341792 -1.77466 -0.003937,0.345446 -2.04735 -0.003937,0.19384 -2.00268 -0.003937,-0.0702091 -1.6212 -0.003937,0.35158 -2.01256 -0.003937,0.19683 -1.9685 -0.003937,-0.0352799 -1.61593 -0.003937,-2.52357e-17 -1.77167 -0.003937,0.35422 -1.97733 -0.003937,3.93385e-17 -1.61417 -0.003937,0.353339 -1.94202 -0.003937,0.19384 -1.93432 -0.003937,0.0352799 -1.61593 -0.003937,0.0341792 -1.77466 -0.003937,0.348947 -1.90697 -0.003937,0.0702091 -1.6212 -0.003937,0.18496 -1.90118 -0.003937,0.341087 -1.87253 -0.003937,0.104441 -1.62991 -0.003937,0.0673199 -1.78354 -0.003937,0.329836 -1.83905 -0.003937,0.137634 -1.64199 -0.003937,0.0984152 -1.79804 -0.003937,0.17046 -1.87008 -0.003937,0.315308 -1.80685 -0.003937,0.16946 -1.65732 -0.003937,0.150781 -1.84198 -0.003937,0.297646 -1.77626 -0.003937,0.199601 -1.67574 -0.003937,0.12652 -1.81772 -0.003937,0.277026 -1.74758 -0.003937,0.227759 -1.69707 -0.003937,0.253653 -1.72109 -0.003937]
}}
appearance Appearance{material Material{diffuseColor 0.16 0.16 0.16
transparency 0}}}
Shape { geometry IndexedFaceSet 
{ creaseAngle 1.00 coordIndex [0,1,2,-1,0,2,3,-1,4,3,5,-1,4,0,3,-1,6,7,8,-1,6,8,1,-1,6,1,0,-1,9,5,10,-1,9,10,11,-1,9,4,5,-1,12,7,6,-1,12,13,14,-1,12,14,7,-1,15,11,16,-1,15,16,17,-1,15,9,11,-1,18,19,13,-1,18,13,12,-1,20,17,21,-1,20,21,22,-1,20,15,17,-1,23,24,25,-1,23,25,19,-1,23,19,18,-1,26,20,22,-1,26,22,27,-1,28,29,30,-1,28,30,24,-1,28,24,23,-1,31,27,32,-1,31,32,33,-1,31,26,27,-1,34,35,36,-1,34,36,29,-1,34,29,28,-1,37,33,38,-1,37,38,39,-1,37,31,33,-1,40,41,35,-1,40,35,34,-1,42,39,43,-1,42,37,39,-1,44,42,43,-1,45,46,41,-1,45,41,40,-1,47,42,44,-1,48,47,44,-1,49,46,45,-1,50,49,45,-1,51,47,48,-1,52,51,48,-1,53,49,50,-1,54,51,52,-1,54,55,51,-1,56,53,50,-1,56,50,57,-1,58,55,54,-1,59,56,57,-1,60,55,58,-1,60,61,55,-1,62,59,57,-1,62,57,63,-1,64,61,60,-1,65,62,63,-1,65,63,66,-1,67,61,64,-1,67,68,61,-1,69,65,66,-1,70,68,67,-1,70,71,68,-1,72,69,66,-1,72,66,73,-1,74,71,70,-1,75,72,73,-1,76,71,74,-1,76,77,71,-1,78,75,73,-1,78,73,79,-1,80,77,76,-1,81,78,79,-1,82,83,77,-1,82,77,80,-1,84,79,85,-1,84,81,79,-1,86,83,82,-1,87,85,88,-1,87,84,85,-1,89,90,83,-1,89,83,86,-1,91,87,88,-1,92,93,90,-1,92,90,89,-1,94,88,95,-1,94,91,88,-1,96,93,92,-1,97,94,95,-1,98,95,93,-1,98,93,96,-1,98,97,95,-1]
coord Coordinate { point [-0.150781 -2.09502 0,-0.287694 -2.17534 0,-0.26567 -2.20296 0,-0.241006 -2.22824 0,-0.12652 -2.11928 0,-0.213946 -2.25095 0,-0.17046 -2.06692 0,-0.322974 -2.11423 0,-0.306859 -2.14566 0,-0.0984152 -2.13896 0,-0.18476 -2.27085 0,-0.153738 -2.28774 0,-0.18496 -2.03582 0,-0.345446 -2.04735 0,-0.335879 -2.08135 0,-0.0673199 -2.15346 0,-0.121188 -2.30146 0,-0.0874335 -2.31187 0,-0.19384 -2.00268 0,-0.35158 -2.01256 0,-0.0341792 -2.16234 0,-0.0528101 -2.31887 0,-0.0176619 -2.32239 0,-0.19683 -1.9685 0,-0.353339 -1.94202 0,-0.35422 -1.97733 0,-2.52357e-17 -2.16533 0,0.0176619 -2.32239 0,-0.19384 -1.93432 0,-0.341087 -1.87253 0,-0.348947 -1.90697 0,0.0341792 -2.16234 0,0.0528101 -2.31887 0,0.0874335 -2.31187 0,-0.18496 -1.90118 0,-0.315308 -1.80685 0,-0.329836 -1.83905 0,0.0673199 -2.15346 0,0.121188 -2.30146 0,0.153738 -2.28774 0,-0.17046 -1.87008 0,-0.297646 -1.77626 0,0.0984152 -2.13896 0,0.18476 -2.27085 0,0.213946 -2.25095 0,-0.150781 -1.84198 0,-0.277026 -1.74758 0,0.12652 -2.11928 0,0.241006 -2.22824 0,-0.253653 -1.72109 0,-0.12652 -1.81772 0,0.150781 -2.09502 0,0.26567 -2.20296 0,-0.227759 -1.69707 0,0.287694 -2.17534 0,0.17046 -2.06692 0,-0.199601 -1.67574 0,-0.0984152 -1.79804 0,0.306859 -2.14567 0,-0.16946 -1.65732 0,0.322974 -2.11423 0,0.18496 -2.03582 0,-0.137634 -1.64199 0,-0.0673199 -1.78354 0,0.335879 -2.08135 0,-0.104441 -1.62991 0,-0.0341792 -1.77466 0,0.345446 -2.04735 0,0.19384 -2.00268 0,-0.0702091 -1.6212 0,0.35158 -2.01256 0,0.19683 -1.9685 0,-0.0352799 -1.61593 0,-2.52357e-17 -1.77167 0,0.35422 -1.97733 0,3.93385e-17 -1.61417 0,0.353339 -1.94202 0,0.19384 -1.93432 0,0.0352799 -1.61593 0,0.0341792 -1.77466 0,0.348947 -1.90697 0,0.0702091 -1.6212 0,0.341087 -1.87253 0,0.18496 -1.90118 0,0.104441 -1.62991 0,0.0673199 -1.78354 0,0.329836 -1.83905 0,0.137634 -1.64199 0,0.0984152 -1.79804 0,0.315308 -1.80685 0,0.17046 -1.87008 0,0.16946 -1.65732 0,0.297646 -1.77626 0,0.150781 -1.84198 0,0.199601 -1.67574 0,0.12652 -1.81772 0,0.277026 -1.74758 0,0.227759 -1.69707 0,0.253653 -1.72109 0]
}}
appearance Appearance{material Material{diffuseColor 0.16 0.16 0.16
transparency 0}}}
Shape { geometry IndexedFaceSet 
{ creaseAngle 1.00 coordIndex [0,1,2,-1,2,1,3,-1,3,4,5,-1,1,4,3,-1,5,6,7,-1,4,6,5,-1,7,8,9,-1,6,8,7,-1,9,10,11,-1,8,10,9,-1,11,12,13,-1,10,12,11,-1,13,14,15,-1,12,14,13,-1,15,16,17,-1,14,16,15,-1,17,18,19,-1,16,18,17,-1,19,20,21,-1,18,20,19,-1,21,22,23,-1,20,22,21,-1,23,24,25,-1,22,24,23,-1,25,26,27,-1,24,26,25,-1,27,28,29,-1,26,28,27,-1,29,30,31,-1,28,30,29,-1,31,32,33,-1,30,32,31,-1,33,34,35,-1,32,34,33,-1,34,36,35,-1,35,36,37,-1,36,38,37,-1,37,38,39,-1,38,40,39,-1,39,40,41,-1,40,42,41,-1,41,42,43,-1,42,44,43,-1,43,44,45,-1,45,46,47,-1,44,46,45,-1,47,48,49,-1,46,48,47,-1,49,50,51,-1,48,50,49,-1,51,52,53,-1,50,52,51,-1,53,54,55,-1,52,54,53,-1,55,56,57,-1,54,56,55,-1,57,58,59,-1,56,58,57,-1,59,60,61,-1,58,60,59,-1,61,62,63,-1,60,62,61,-1,63,64,65,-1,62,64,63,-1,65,66,67,-1,64,66,65,-1,67,68,69,-1,66,68,67,-1,69,70,71,-1,68,70,69,-1,71,72,73,-1,70,72,71,-1,73,74,75,-1,72,74,73,-1,75,76,77,-1,77,76,78,-1,74,76,75,-1,76,79,78,-1,78,80,81,-1,79,80,78,-1,81,82,83,-1,83,82,84,-1,80,82,81,-1,82,85,84,-1,85,86,84,-1,84,86,87,-1,86,88,87,-1,87,88,89,-1,88,90,89,-1,89,90,91,-1,90,92,91,-1,91,92,93,-1,92,94,93,-1,93,94,95,-1,95,94,96,-1,94,97,96,-1,97,98,96,-1,96,98,99,-1,98,100,99,-1,99,100,101,-1,100,102,101,-1,101,102,103,-1,102,104,103,-1,103,104,105,-1,104,106,105,-1,105,106,107,-1,106,108,107,-1,107,108,109,-1,109,108,110,-1,108,111,110,-1,111,112,110,-1,110,112,113,-1,113,112,114,-1,112,115,114,-1,114,115,116,-1,115,117,116,-1,116,118,119,-1,119,118,120,-1,117,118,116,-1,118,121,120,-1,120,122,123,-1,123,122,124,-1,121,122,120,-1,122,125,124,-1,124,0,2,-1,125,0,124,-1]
coord Coordinate { point [3.93385e-17 -0.62992 -0.003937,-0.0352799 -0.631681 -0.003937,3.93385e-17 -0.62992 0,-0.0352799 -0.631681 0,-0.0702091 -0.636945 -0.003937,-0.0702091 -0.636945 0,-0.104441 -0.645662 -0.003937,-0.104441 -0.645662 0,-0.137634 -0.657743 -0.003937,-0.137634 -0.657743 0,-0.16946 -0.67307 -0.003937,-0.16946 -0.67307 0,-0.199601 -0.691489 -0.003937,-0.199601 -0.691489 0,-0.227759 -0.712817 -0.003937,-0.227759 -0.712817 0,-0.253653 -0.736844 -0.003937,-0.253653 -0.736844 0,-0.277026 -0.763329 -0.003937,-0.277026 -0.763329 0,-0.297646 -0.79201 -0.003937,-0.297646 -0.79201 0,-0.315308 -0.822601 -0.003937,-0.315308 -0.822601 0,-0.329836 -0.854799 -0.003937,-0.329836 -0.854799 0,-0.341087 -0.888283 -0.003937,-0.341087 -0.888283 0,-0.348947 -0.922721 -0.003937,-0.348947 -0.922721 0,-0.353339 -0.957771 -0.003937,-0.353339 -0.957771 0,-0.35422 -0.993084 -0.003937,-0.35422 -0.993084 0,-0.35158 -1.02831 -0.003937,-0.35158 -1.02831 0,-0.345446 -1.0631 -0.003937,-0.345446 -1.0631 0,-0.335879 -1.0971 -0.003937,-0.335879 -1.0971 0,-0.322974 -1.12998 -0.003937,-0.322974 -1.12998 0,-0.306859 -1.16141 -0.003937,-0.306859 -1.16141 0,-0.287694 -1.19109 -0.003937,-0.287694 -1.19109 0,-0.26567 -1.21871 -0.003937,-0.26567 -1.21871 0,-0.241006 -1.24399 -0.003937,-0.241006 -1.24399 0,-0.213946 -1.2667 -0.003937,-0.213946 -1.2667 0,-0.18476 -1.2866 -0.003937,-0.18476 -1.2866 0,-0.153738 -1.30349 -0.003937,-0.153738 -1.30349 0,-0.121188 -1.31721 -0.003937,-0.121188 -1.31721 0,-0.0874335 -1.32762 -0.003937,-0.0874335 -1.32762 0,-0.0528101 -1.33462 -0.003937,-0.0528101 -1.33462 0,-0.0176619 -1.33814 -0.003937,-0.0176619 -1.33814 0,0.0176619 -1.33814 -0.003937,0.0176619 -1.33814 0,0.0528101 -1.33462 -0.003937,0.0528101 -1.33462 0,0.0874335 -1.32762 -0.003937,0.0874335 -1.32762 0,0.121188 -1.31721 -0.003937,0.121188 -1.31721 0,0.153738 -1.30349 -0.003937,0.153738 -1.30349 0,0.18476 -1.2866 -0.003937,0.18476 -1.2866 0,0.213946 -1.2667 -0.003937,0.213946 -1.2667 0,0.241006 -1.24399 0,0.241006 -1.24399 -0.003937,0.26567 -1.21871 -0.003937,0.26567 -1.21871 0,0.287694 -1.19109 -0.003937,0.287694 -1.19109 0,0.306859 -1.16142 0,0.306859 -1.16142 -0.003937,0.322974 -1.12998 -0.003937,0.322974 -1.12998 0,0.335879 -1.0971 -0.003937,0.335879 -1.0971 0,0.345446 -1.0631 -0.003937,0.345446 -1.0631 0,0.35158 -1.02831 -0.003937,0.35158 -1.02831 0,0.35422 -0.993084 -0.003937,0.35422 -0.993084 0,0.353339 -0.957771 0,0.353339 -0.957771 -0.003937,0.348947 -0.922721 -0.003937,0.348947 -0.922721 0,0.341087 -0.888283 -0.003937,0.341087 -0.888283 0,0.329836 -0.854799 -0.003937,0.329836 -0.854799 0,0.315308 -0.822601 -0.003937,0.315308 -0.822601 0,0.297646 -0.79201 -0.003937,0.297646 -0.79201 0,0.277026 -0.763329 -0.003937,0.277026 -0.763329 0,0.253653 -0.736844 0,0.253653 -0.736844 -0.003937,0.227759 -0.712817 -0.003937,0.227759 -0.712817 0,0.199601 -0.691489 0,0.199601 -0.691489 -0.003937,0.16946 -0.67307 0,0.16946 -0.67307 -0.003937,0.137634 -0.657743 -0.003937,0.137634 -0.657743 0,0.104441 -0.645662 0,0.104441 -0.645662 -0.003937,0.0702091 -0.636945 -0.003937,0.0702091 -0.636945 0,0.0352799 -0.631681 0,0.0352799 -0.631681 -0.003937]
}}
appearance Appearance{material Material{diffuseColor 0.16 0.16 0.16
transparency 0}}}
Shape { geometry IndexedFaceSet 
{ creaseAngle 1.00 coordIndex [0,1,2,-1,2,1,3,-1,3,4,5,-1,1,4,3,-1,5,6,7,-1,4,6,5,-1,7,8,9,-1,6,8,7,-1,9,10,11,-1,8,10,9,-1,11,12,13,-1,10,12,11,-1,13,14,15,-1,12,14,13,-1,15,16,17,-1,14,16,15,-1,17,18,19,-1,16,18,17,-1,19,20,21,-1,18,20,19,-1,21,22,23,-1,20,22,21,-1,23,24,25,-1,22,24,23,-1,25,26,27,-1,24,26,25,-1,27,28,29,-1,26,28,27,-1,28,30,29,-1,29,30,31,-1,30,32,31,-1,31,32,33,-1,32,34,33,-1,33,34,35,-1,34,36,35,-1,35,36,37,-1]
coord Coordinate { point [-2.52357e-17 -0.78742 -0.003937,0.0341792 -0.79041 -0.003937,-2.52357e-17 -0.78742 0,0.0341792 -0.79041 0,0.0673199 -0.79929 -0.003937,0.0673199 -0.79929 0,0.0984152 -0.81379 -0.003937,0.0984152 -0.81379 0,0.12652 -0.833469 -0.003937,0.12652 -0.833469 0,0.150781 -0.85773 -0.003937,0.150781 -0.85773 0,0.17046 -0.885835 -0.003937,0.17046 -0.885835 0,0.18496 -0.91693 -0.003937,0.18496 -0.91693 0,0.19384 -0.950071 -0.003937,0.19384 -0.950071 0,0.19683 -0.98425 -0.003937,0.19683 -0.98425 0,0.19384 -1.01843 -0.003937,0.19384 -1.01843 0,0.18496 -1.05157 -0.003937,0.18496 -1.05157 0,0.17046 -1.08267 -0.003937,0.17046 -1.08267 0,0.150781 -1.11077 -0.003937,0.150781 -1.11077 0,0.12652 -1.13503 -0.003937,0.12652 -1.13503 0,0.0984152 -1.15471 -0.003937,0.0984152 -1.15471 0,0.0673199 -1.16921 -0.003937,0.0673199 -1.16921 0,0.0341792 -1.17809 -0.003937,0.0341792 -1.17809 0,-2.52357e-17 -1.18108 -0.003937,-2.52357e-17 -1.18108 0]
}}
appearance Appearance{material Material{diffuseColor 0.16 0.16 0.16
transparency 0}}}
Shape { geometry IndexedFaceSet 
{ creaseAngle 1.00 coordIndex [0,1,2,-1,2,1,3,-1,3,4,5,-1,1,4,3,-1,5,6,7,-1,4,6,5,-1,7,8,9,-1,6,8,7,-1,9,10,11,-1,8,10,9,-1,11,12,13,-1,10,12,11,-1,13,14,15,-1,12,14,13,-1,15,16,17,-1,14,16,15,-1,17,18,19,-1,16,18,17,-1,19,20,21,-1,18,20,19,-1,21,22,23,-1,20,22,21,-1,23,24,25,-1,22,24,23,-1,25,26,27,-1,24,26,25,-1,27,28,29,-1,26,28,27,-1,28,30,29,-1,29,30,31,-1,30,32,31,-1,31,32,33,-1,32,34,33,-1,33,34,35,-1,34,36,35,-1,35,36,37,-1]
coord Coordinate { point [-2.52357e-17 -1.18108 -0.003937,-0.0341792 -1.17809 -0.003937,-2.52357e-17 -1.18108 0,-0.0341792 -1.17809 0,-0.0673199 -1.16921 -0.003937,-0.0673199 -1.16921 0,-0.0984152 -1.15471 -0.003937,-0.0984152 -1.15471 0,-0.12652 -1.13503 -0.003937,-0.12652 -1.13503 0,-0.150781 -1.11077 -0.003937,-0.150781 -1.11077 0,-0.17046 -1.08267 -0.003937,-0.17046 -1.08267 0,-0.18496 -1.05157 -0.003937,-0.18496 -1.05157 0,-0.19384 -1.01843 -0.003937,-0.19384 -1.01843 0,-0.19683 -0.98425 -0.003937,-0.19683 -0.98425 0,-0.19384 -0.950071 -0.003937,-0.19384 -0.950071 0,-0.18496 -0.91693 -0.003937,-0.18496 -0.91693 0,-0.17046 -0.885835 -0.003937,-0.17046 -0.885835 0,-0.150781 -0.85773 -0.003937,-0.150781 -0.85773 0,-0.12652 -0.833469 -0.003937,-0.12652 -0.833469 0,-0.0984152 -0.81379 -0.003937,-0.0984152 -0.81379 0,-0.0673199 -0.79929 -0.003937,-0.0673199 -0.79929 0,-0.0341792 -0.79041 -0.003937,-0.0341792 -0.79041 0,-2.52357e-17 -0.78742 -0.003937,-2.52357e-17 -0.78742 0]
}}
appearance Appearance{material Material{diffuseColor 0.16 0.16 0.16
transparency 0}}}
Shape { geometry IndexedFaceSet 
{ creaseAngle 1.00 coordIndex [0,1,2,-1,2,1,3,-1,3,4,5,-1,1,4,3,-1,6,7,8,-1,8,7,0,-1,0,7,1,-1,5,9,10,-1,10,9,11,-1,4,9,5,-1,12,13,14,-1,14,13,6,-1,6,13,7,-1,11,15,16,-1,16,15,17,-1,9,15,11,-1,12,18,13,-1,19,18,12,-1,17,20,21,-1,21,20,22,-1,15,20,17,-1,23,24,25,-1,25,24,19,-1,19,24,18,-1,22,26,27,-1,20,26,22,-1,28,29,30,-1,30,29,23,-1,23,29,24,-1,27,31,32,-1,32,31,33,-1,26,31,27,-1,34,35,36,-1,36,35,28,-1,28,35,29,-1,33,37,38,-1,38,37,39,-1,31,37,33,-1,40,41,34,-1,34,41,35,-1,37,42,39,-1,39,42,43,-1,42,44,43,-1,45,46,40,-1,40,46,41,-1,42,47,44,-1,47,48,44,-1,45,49,46,-1,49,50,46,-1,47,51,48,-1,51,52,48,-1,49,53,50,-1,51,54,52,-1,55,54,51,-1,53,56,50,-1,50,56,57,-1,55,58,54,-1,56,59,57,-1,55,60,58,-1,61,60,55,-1,59,62,57,-1,57,62,63,-1,61,64,60,-1,62,65,63,-1,63,65,66,-1,61,67,64,-1,68,67,61,-1,65,69,66,-1,68,70,67,-1,71,70,68,-1,69,72,66,-1,66,72,73,-1,71,74,70,-1,72,75,73,-1,71,76,74,-1,77,76,71,-1,75,78,73,-1,73,78,79,-1,77,80,76,-1,78,81,79,-1,82,83,77,-1,77,83,80,-1,79,84,85,-1,81,84,79,-1,82,86,83,-1,85,87,88,-1,84,87,85,-1,89,90,82,-1,82,90,86,-1,87,91,88,-1,92,93,89,-1,89,93,90,-1,88,94,95,-1,91,94,88,-1,92,96,93,-1,94,97,95,-1,95,98,92,-1,92,98,96,-1,97,98,95,-1]
coord Coordinate { point [-0.287694 -1.19109 -0.003937,-0.150781 -1.11077 -0.003937,-0.26567 -1.21871 -0.003937,-0.241006 -1.24399 -0.003937,-0.12652 -1.13503 -0.003937,-0.213946 -1.2667 -0.003937,-0.322974 -1.12998 -0.003937,-0.17046 -1.08267 -0.003937,-0.306859 -1.16141 -0.003937,-0.0984152 -1.15471 -0.003937,-0.18476 -1.2866 -0.003937,-0.153738 -1.30349 -0.003937,-0.345446 -1.0631 -0.003937,-0.18496 -1.05157 -0.003937,-0.335879 -1.0971 -0.003937,-0.0673199 -1.16921 -0.003937,-0.121188 -1.31721 -0.003937,-0.0874335 -1.32762 -0.003937,-0.19384 -1.01843 -0.003937,-0.35158 -1.02831 -0.003937,-0.0341792 -1.17809 -0.003937,-0.0528101 -1.33462 -0.003937,-0.0176619 -1.33814 -0.003937,-0.353339 -0.957771 -0.003937,-0.19683 -0.98425 -0.003937,-0.35422 -0.993084 -0.003937,-2.52357e-17 -1.18108 -0.003937,0.0176619 -1.33814 -0.003937,-0.341087 -0.888283 -0.003937,-0.19384 -0.950071 -0.003937,-0.348947 -0.922721 -0.003937,0.0341792 -1.17809 -0.003937,0.0528101 -1.33462 -0.003937,0.0874335 -1.32762 -0.003937,-0.315308 -0.822601 -0.003937,-0.18496 -0.91693 -0.003937,-0.329836 -0.854799 -0.003937,0.0673199 -1.16921 -0.003937,0.121188 -1.31721 -0.003937,0.153738 -1.30349 -0.003937,-0.297646 -0.79201 -0.003937,-0.17046 -0.885835 -0.003937,0.0984152 -1.15471 -0.003937,0.18476 -1.2866 -0.003937,0.213946 -1.2667 -0.003937,-0.277026 -0.763329 -0.003937,-0.150781 -0.85773 -0.003937,0.12652 -1.13503 -0.003937,0.241006 -1.24399 -0.003937,-0.253653 -0.736844 -0.003937,-0.12652 -0.833469 -0.003937,0.150781 -1.11077 -0.003937,0.26567 -1.21871 -0.003937,-0.227759 -0.712817 -0.003937,0.287694 -1.19109 -0.003937,0.17046 -1.08267 -0.003937,-0.199601 -0.691489 -0.003937,-0.0984152 -0.81379 -0.003937,0.306859 -1.16142 -0.003937,-0.16946 -0.67307 -0.003937,0.322974 -1.12998 -0.003937,0.18496 -1.05157 -0.003937,-0.137634 -0.657743 -0.003937,-0.0673199 -0.79929 -0.003937,0.335879 -1.0971 -0.003937,-0.104441 -0.645662 -0.003937,-0.0341792 -0.79041 -0.003937,0.345446 -1.0631 -0.003937,0.19384 -1.01843 -0.003937,-0.0702091 -0.636945 -0.003937,0.35158 -1.02831 -0.003937,0.19683 -0.98425 -0.003937,-0.0352799 -0.631681 -0.003937,-2.52357e-17 -0.78742 -0.003937,0.35422 -0.993084 -0.003937,3.93385e-17 -0.62992 -0.003937,0.353339 -0.957771 -0.003937,0.19384 -0.950071 -0.003937,0.0352799 -0.631681 -0.003937,0.0341792 -0.79041 -0.003937,0.348947 -0.922721 -0.003937,0.0702091 -0.636945 -0.003937,0.18496 -0.91693 -0.003937,0.341087 -0.888283 -0.003937,0.104441 -0.645662 -0.003937,0.0673199 -0.79929 -0.003937,0.329836 -0.854799 -0.003937,0.137634 -0.657743 -0.003937,0.0984152 -0.81379 -0.003937,0.17046 -0.885835 -0.003937,0.315308 -0.822601 -0.003937,0.16946 -0.67307 -0.003937,0.150781 -0.85773 -0.003937,0.297646 -0.79201 -0.003937,0.199601 -0.691489 -0.003937,0.12652 -0.833469 -0.003937,0.277026 -0.763329 -0.003937,0.227759 -0.712817 -0.003937,0.253653 -0.736844 -0.003937]
}}
appearance Appearance{material Material{diffuseColor 0.16 0.16 0.16
transparency 0}}}
Shape { geometry IndexedFaceSet 
{ creaseAngle 1.00 coordIndex [0,1,2,-1,0,2,3,-1,4,3,5,-1,4,0,3,-1,6,7,8,-1,6,8,1,-1,6,1,0,-1,9,5,10,-1,9,10,11,-1,9,4,5,-1,12,13,14,-1,12,14,7,-1,12,7,6,-1,15,11,16,-1,15,16,17,-1,15,9,11,-1,18,13,12,-1,18,19,13,-1,20,17,21,-1,20,21,22,-1,20,15,17,-1,23,24,25,-1,23,25,19,-1,23,19,18,-1,26,22,27,-1,26,20,22,-1,28,29,30,-1,28,30,24,-1,28,24,23,-1,31,27,32,-1,31,32,33,-1,31,26,27,-1,34,35,36,-1,34,36,29,-1,34,29,28,-1,37,33,38,-1,37,38,39,-1,37,31,33,-1,40,41,35,-1,40,35,34,-1,42,37,39,-1,42,39,43,-1,44,42,43,-1,45,46,41,-1,45,41,40,-1,47,42,44,-1,48,47,44,-1,49,46,45,-1,50,49,45,-1,51,47,48,-1,52,51,48,-1,53,49,50,-1,54,51,52,-1,54,55,51,-1,56,53,50,-1,56,50,57,-1,58,55,54,-1,59,56,57,-1,60,55,58,-1,60,61,55,-1,62,59,57,-1,62,57,63,-1,64,61,60,-1,65,62,63,-1,65,63,66,-1,67,61,64,-1,67,68,61,-1,69,65,66,-1,70,68,67,-1,70,71,68,-1,72,69,66,-1,72,66,73,-1,74,71,70,-1,75,72,73,-1,76,71,74,-1,76,77,71,-1,78,75,73,-1,78,73,79,-1,80,77,76,-1,81,78,79,-1,82,83,77,-1,82,77,80,-1,84,79,85,-1,84,81,79,-1,86,83,82,-1,87,85,88,-1,87,84,85,-1,89,90,83,-1,89,83,86,-1,91,87,88,-1,92,93,90,-1,92,90,89,-1,94,88,95,-1,94,91,88,-1,96,93,92,-1,97,94,95,-1,98,95,93,-1,98,93,96,-1,98,97,95,-1]
coord Coordinate { point [-0.150781 -1.11077 0,-0.287694 -1.19109 0,-0.26567 -1.21871 0,-0.241006 -1.24399 0,-0.12652 -1.13503 0,-0.213946 -1.2667 0,-0.17046 -1.08267 0,-0.322974 -1.12998 0,-0.306859 -1.16141 0,-0.0984152 -1.15471 0,-0.18476 -1.2866 0,-0.153738 -1.30349 0,-0.18496 -1.05157 0,-0.345446 -1.0631 0,-0.335879 -1.0971 0,-0.0673199 -1.16921 0,-0.121188 -1.31721 0,-0.0874335 -1.32762 0,-0.19384 -1.01843 0,-0.35158 -1.02831 0,-0.0341792 -1.17809 0,-0.0528101 -1.33462 0,-0.0176619 -1.33814 0,-0.19683 -0.98425 0,-0.353339 -0.957771 0,-0.35422 -0.993084 0,-2.52357e-17 -1.18108 0,0.0176619 -1.33814 0,-0.19384 -0.950071 0,-0.341087 -0.888283 0,-0.348947 -0.922721 0,0.0341792 -1.17809 0,0.0528101 -1.33462 0,0.0874335 -1.32762 0,-0.18496 -0.91693 0,-0.315308 -0.822601 0,-0.329836 -0.854799 0,0.0673199 -1.16921 0,0.121188 -1.31721 0,0.153738 -1.30349 0,-0.17046 -0.885835 0,-0.297646 -0.79201 0,0.0984152 -1.15471 0,0.18476 -1.2866 0,0.213946 -1.2667 0,-0.150781 -0.85773 0,-0.277026 -0.763329 0,0.12652 -1.13503 0,0.241006 -1.24399 0,-0.253653 -0.736844 0,-0.12652 -0.833469 0,0.150781 -1.11077 0,0.26567 -1.21871 0,-0.227759 -0.712817 0,0.287694 -1.19109 0,0.17046 -1.08267 0,-0.199601 -0.691489 0,-0.0984152 -0.81379 0,0.306859 -1.16142 0,-0.16946 -0.67307 0,0.322974 -1.12998 0,0.18496 -1.05157 0,-0.137634 -0.657743 0,-0.0673199 -0.79929 0,0.335879 -1.0971 0,-0.104441 -0.645662 0,-0.0341792 -0.79041 0,0.345446 -1.0631 0,0.19384 -1.01843 0,-0.0702091 -0.636945 0,0.35158 -1.02831 0,0.19683 -0.98425 0,-0.0352799 -0.631681 0,-2.52357e-17 -0.78742 0,0.35422 -0.993084 0,3.93385e-17 -0.62992 0,0.353339 -0.957771 0,0.19384 -0.950071 0,0.0352799 -0.631681 0,0.0341792 -0.79041 0,0.348947 -0.922721 0,0.0702091 -0.636945 0,0.341087 -0.888283 0,0.18496 -0.91693 0,0.104441 -0.645662 0,0.0673199 -0.79929 0,0.329836 -0.854799 0,0.137634 -0.657743 0,0.0984152 -0.81379 0,0.315308 -0.822601 0,0.17046 -0.885835 0,0.16946 -0.67307 0,0.297646 -0.79201 0,0.150781 -0.85773 0,0.199601 -0.691489 0,0.12652 -0.833469 0,0.277026 -0.763329 0,0.227759 -0.712817 0,0.253653 -0.736844 0]
}}
appearance Appearance{material Material{diffuseColor 0.16 0.16 0.16
transparency 0}}}
Shape { geometry IndexedFaceSet 
{ creaseAngle 1.00 coordIndex [0,1,2,-1,2,1,3,-1]
coord Coordinate { point [0.35433 -0.35433 -0.003937,0.35433 0.35433 -0.003937,0.35433 -0.35433 0,0.35433 0.35433 0]
}}
appearance Appearance{material Material{diffuseColor 0.16 0.16 0.16
transparency 0}}}
Shape { geometry IndexedFaceSet 
{ creaseAngle 1.00 coordIndex [0,1,2,-1,2,1,3,-1]
coord Coordinate { point [-0.35433 -0.35433 -0.003937,0.35433 -0.35433 -0.003937,-0.35433 -0.35433 0,0.35433 -0.35433 0]
}}
appearance Appearance{material Material{diffuseColor 0.16 0.16 0.16
transparency 0}}}
Shape { geometry IndexedFaceSet 
{ creaseAngle 1.00 coordIndex [0,1,2,-1,2,1,3,-1]
coord Coordinate { point [0.35433 0.35433 -0.003937,-0.35433 0.35433 -0.003937,0.35433 0.35433 0,-0.35433 0.35433 0]
}}
appearance Appearance{material Material{diffuseColor 0.16 0.16 0.16
transparency 0}}}
Shape { geometry IndexedFaceSet 
{ creaseAngle 1.00 coordIndex [0,1,2,-1,2,1,3,-1]
coord Coordinate { point [-0.35433 0.35433 -0.003937,-0.35433 -0.35433 -0.003937,-0.35433 0.35433 0,-0.35433 -0.35433 0]
}}
appearance Appearance{material Material{diffuseColor 0.16 0.16 0.16
transparency 0}}}
Shape { geometry IndexedFaceSet 
{ creaseAngle 1.00 coordIndex [0,1,2,-1,2,1,3,-1,3,4,5,-1,1,4,3,-1,5,6,7,-1,4,6,5,-1,7,8,9,-1,6,8,7,-1,9,10,11,-1,8,10,9,-1,11,12,13,-1,10,12,11,-1,13,14,15,-1,12,14,13,-1,15,16,17,-1,14,16,15,-1,17,18,19,-1,16,18,17,-1,19,20,21,-1,18,20,19,-1,21,22,23,-1,20,22,21,-1,23,24,25,-1,22,24,23,-1,25,26,27,-1,24,26,25,-1,27,28,29,-1,26,28,27,-1,28,30,29,-1,29,30,31,-1,30,32,31,-1,31,32,33,-1,32,34,33,-1,33,34,35,-1,34,36,35,-1,35,36,37,-1]
coord Coordinate { point [-2.52357e-17 0.19683 -0.003937,0.0341792 0.19384 -0.003937,-2.52357e-17 0.19683 0,0.0341792 0.19384 0,0.0673199 0.18496 -0.003937,0.0673199 0.18496 0,0.0984152 0.17046 -0.003937,0.0984152 0.17046 0,0.12652 0.150781 -0.003937,0.12652 0.150781 0,0.150781 0.12652 -0.003937,0.150781 0.12652 0,0.17046 0.0984151 -0.003937,0.17046 0.0984151 0,0.18496 0.0673199 -0.003937,0.18496 0.0673199 0,0.19384 0.0341792 -0.003937,0.19384 0.0341792 0,0.19683 -1.9685e-08 -0.003937,0.19683 -1.9685e-08 0,0.19384 -0.0341792 -0.003937,0.19384 -0.0341792 0,0.18496 -0.0673199 -0.003937,0.18496 -0.0673199 0,0.17046 -0.0984152 -0.003937,0.17046 -0.0984152 0,0.150781 -0.12652 -0.003937,0.150781 -0.12652 0,0.12652 -0.150781 -0.003937,0.12652 -0.150781 0,0.0984152 -0.17046 -0.003937,0.0984152 -0.17046 0,0.0673199 -0.18496 -0.003937,0.0673199 -0.18496 0,0.0341792 -0.19384 -0.003937,0.0341792 -0.19384 0,-2.52357e-17 -0.19683 -0.003937,-2.52357e-17 -0.19683 0]
}}
appearance Appearance{material Material{diffuseColor 0.16 0.16 0.16
transparency 0}}}
Shape { geometry IndexedFaceSet 
{ creaseAngle 1.00 coordIndex [0,1,2,-1,2,1,3,-1,3,4,5,-1,1,4,3,-1,5,6,7,-1,4,6,5,-1,7,8,9,-1,6,8,7,-1,9,10,11,-1,8,10,9,-1,11,12,13,-1,10,12,11,-1,13,14,15,-1,12,14,13,-1,15,16,17,-1,14,16,15,-1,17,18,19,-1,16,18,17,-1,19,20,21,-1,18,20,19,-1,21,22,23,-1,20,22,21,-1,23,24,25,-1,22,24,23,-1,25,26,27,-1,24,26,25,-1,27,28,29,-1,26,28,27,-1,28,30,29,-1,29,30,31,-1,30,32,31,-1,31,32,33,-1,32,34,33,-1,33,34,35,-1,34,36,35,-1,35,36,37,-1]
coord Coordinate { point [-2.52357e-17 -0.19683 -0.003937,-0.0341792 -0.19384 -0.003937,-2.52357e-17 -0.19683 0,-0.0341792 -0.19384 0,-0.0673199 -0.18496 -0.003937,-0.0673199 -0.18496 0,-0.0984151 -0.17046 -0.003937,-0.0984151 -0.17046 0,-0.12652 -0.150781 -0.003937,-0.12652 -0.150781 0,-0.150781 -0.12652 -0.003937,-0.150781 -0.12652 0,-0.17046 -0.0984152 -0.003937,-0.17046 -0.0984152 0,-0.18496 -0.0673199 -0.003937,-0.18496 -0.0673199 0,-0.19384 -0.0341792 -0.003937,-0.19384 -0.0341792 0,-0.19683 -1.9685e-08 -0.003937,-0.19683 -1.9685e-08 0,-0.19384 0.0341792 -0.003937,-0.19384 0.0341792 0,-0.18496 0.0673199 -0.003937,-0.18496 0.0673199 0,-0.17046 0.0984151 -0.003937,-0.17046 0.0984151 0,-0.150781 0.12652 -0.003937,-0.150781 0.12652 0,-0.12652 0.150781 -0.003937,-0.12652 0.150781 0,-0.0984151 0.17046 -0.003937,-0.0984151 0.17046 0,-0.0673199 0.18496 -0.003937,-0.0673199 0.18496 0,-0.0341792 0.19384 -0.003937,-0.0341792 0.19384 0,-2.52357e-17 0.19683 -0.003937,-2.52357e-17 0.19683 0]
}}
appearance Appearance{material Material{diffuseColor 0.16 0.16 0.16
transparency 0}}}
Shape { geometry IndexedFaceSet 
{ creaseAngle 1.00 coordIndex [0,1,2,-1,2,3,0,-1,0,4,1,-1,3,5,0,-1,0,6,4,-1,5,7,0,-1,0,8,6,-1,7,9,0,-1,0,10,8,-1,11,12,13,-1,13,12,14,-1,14,12,15,-1,15,12,9,-1,9,12,0,-1,10,16,17,-1,17,16,18,-1,18,16,19,-1,19,16,20,-1,0,16,10,-1,16,21,20,-1,11,22,12,-1,16,23,21,-1,22,24,12,-1,16,25,23,-1,24,26,12,-1,16,27,25,-1,26,28,12,-1,16,29,27,-1,28,30,12,-1,29,31,32,-1,32,31,33,-1,33,31,34,-1,34,31,35,-1,35,31,36,-1,36,31,37,-1,37,31,38,-1,38,31,39,-1,39,31,30,-1,30,31,12,-1,16,31,29,-1]
coord Coordinate { point [-0.35433 -0.35433 -0.003937,-0.150781 -0.12652 -0.003937,-0.12652 -0.150781 -0.003937,-0.0984151 -0.17046 -0.003937,-0.17046 -0.0984152 -0.003937,-0.0673199 -0.18496 -0.003937,-0.18496 -0.0673199 -0.003937,-0.0341792 -0.19384 -0.003937,-0.19384 -0.0341792 -0.003937,-2.52357e-17 -0.19683 -0.003937,-0.19683 -1.9685e-08 -0.003937,0.12652 -0.150781 -0.003937,0.35433 -0.35433 -0.003937,0.0984152 -0.17046 -0.003937,0.0673199 -0.18496 -0.003937,0.0341792 -0.19384 -0.003937,-0.35433 0.35433 -0.003937,-0.19384 0.0341792 -0.003937,-0.18496 0.0673199 -0.003937,-0.17046 0.0984151 -0.003937,-0.150781 0.12652 -0.003937,-0.12652 0.150781 -0.003937,0.150781 -0.12652 -0.003937,-0.0984151 0.17046 -0.003937,0.17046 -0.0984152 -0.003937,-0.0673199 0.18496 -0.003937,0.18496 -0.0673199 -0.003937,-0.0341792 0.19384 -0.003937,0.19384 -0.0341792 -0.003937,-2.52357e-17 0.19683 -0.003937,0.19683 -1.9685e-08 -0.003937,0.35433 0.35433 -0.003937,0.0341792 0.19384 -0.003937,0.0673199 0.18496 -0.003937,0.0984152 0.17046 -0.003937,0.12652 0.150781 -0.003937,0.150781 0.12652 -0.003937,0.17046 0.0984151 -0.003937,0.18496 0.0673199 -0.003937,0.19384 0.0341792 -0.003937]
}}
appearance Appearance{material Material{diffuseColor 0.16 0.16 0.16
transparency 0}}}
Shape { geometry IndexedFaceSet 
{ creaseAngle 1.00 coordIndex [0,1,2,-1,3,2,1,-1,4,1,0,-1,5,3,1,-1,6,1,4,-1,7,5,1,-1,8,1,6,-1,9,7,1,-1,10,1,8,-1,11,12,13,-1,11,13,14,-1,11,14,15,-1,11,15,9,-1,11,9,1,-1,16,10,17,-1,16,17,18,-1,16,18,19,-1,16,19,20,-1,16,1,10,-1,21,16,20,-1,22,12,11,-1,23,16,21,-1,24,22,11,-1,25,16,23,-1,26,24,11,-1,27,16,25,-1,28,26,11,-1,29,16,27,-1,30,28,11,-1,31,29,32,-1,31,32,33,-1,31,33,34,-1,31,34,35,-1,31,35,36,-1,31,36,37,-1,31,37,38,-1,31,38,39,-1,31,39,30,-1,31,30,11,-1,31,16,29,-1]
coord Coordinate { point [-0.150781 -0.12652 0,-0.35433 -0.35433 0,-0.12652 -0.150781 0,-0.0984151 -0.17046 0,-0.17046 -0.0984152 0,-0.0673199 -0.18496 0,-0.18496 -0.0673199 0,-0.0341792 -0.19384 0,-0.19384 -0.0341792 0,-2.52357e-17 -0.19683 0,-0.19683 -1.9685e-08 0,0.35433 -0.35433 0,0.12652 -0.150781 0,0.0984152 -0.17046 0,0.0673199 -0.18496 0,0.0341792 -0.19384 0,-0.35433 0.35433 0,-0.19384 0.0341792 0,-0.18496 0.0673199 0,-0.17046 0.0984151 0,-0.150781 0.12652 0,-0.12652 0.150781 0,0.150781 -0.12652 0,-0.0984151 0.17046 0,0.17046 -0.0984152 0,-0.0673199 0.18496 0,0.18496 -0.0673199 0,-0.0341792 0.19384 0,0.19384 -0.0341792 0,-2.52357e-17 0.19683 0,0.19683 -1.9685e-08 0,0.35433 0.35433 0,0.0341792 0.19384 0,0.0673199 0.18496 0,0.0984152 0.17046 0,0.12652 0.150781 0,0.150781 0.12652 0,0.17046 0.0984151 0,0.18496 0.0673199 0,0.19384 0.0341792 0]
}}
appearance Appearance{material Material{diffuseColor 0.16 0.16 0.16
transparency 0}}}
Shape { geometry IndexedFaceSet 
{ creaseAngle 1.00 coordIndex [0,1,2,-1,2,1,3,-1,1,4,3,-1,3,4,5,-1,5,6,7,-1,4,6,5,-1,7,8,9,-1,6,8,7,-1,9,10,11,-1,8,10,9,-1,11,12,13,-1,10,12,11,-1,13,14,15,-1,12,14,13,-1,15,16,17,-1,14,16,15,-1,17,18,19,-1,16,18,17,-1,19,20,21,-1,18,20,19,-1,21,22,23,-1,20,22,21,-1,23,24,25,-1,22,24,23,-1,25,26,27,-1,24,26,25,-1,27,28,29,-1,26,28,27,-1,29,30,31,-1,28,30,29,-1,31,32,33,-1,30,32,31,-1,33,34,35,-1,32,34,33,-1,35,36,37,-1,34,36,35,-1,37,38,39,-1,36,38,37,-1,39,40,41,-1,38,40,39,-1,41,42,43,-1,40,42,41,-1,43,44,45,-1,42,44,43,-1,45,46,47,-1,44,46,45,-1,47,48,49,-1,46,48,47,-1,48,50,49,-1,49,50,51,-1,50,52,51,-1,51,52,53,-1,52,54,53,-1,53,54,55,-1,54,56,55,-1,55,56,57,-1,56,58,57,-1,57,58,59,-1,58,60,59,-1,59,60,61,-1,60,62,61,-1,61,62,63,-1,62,64,63,-1,63,64,65,-1,65,66,67,-1,64,66,65,-1,67,68,69,-1,66,68,67,-1,69,70,71,-1,68,70,69,-1,71,72,73,-1,70,72,71,-1,73,74,75,-1,72,74,73,-1,75,76,77,-1,74,76,75,-1,77,78,79,-1,76,78,77,-1,79,80,81,-1,78,80,79,-1,81,82,83,-1,80,82,81,-1,83,84,85,-1,82,84,83,-1,85,86,87,-1,84,86,85,-1,87,88,89,-1,86,88,87,-1,89,90,91,-1,88,90,89,-1,91,92,93,-1,90,92,91,-1,93,94,95,-1,92,94,93,-1,95,96,97,-1,94,96,95,-1]
coord Coordinate { point [2.85039 -2.33858 -0.003937,2.81537 -2.33972 -0.003937,2.85039 -2.33858 0,2.81537 -2.33972 0,2.7805 -2.34316 -0.003937,2.7805 -2.34316 0,2.74593 -2.34887 -0.003937,2.74593 -2.34887 0,2.71181 -2.35682 -0.003937,2.71181 -2.35682 0,2.67828 -2.36699 -0.003937,2.67828 -2.36699 0,2.64549 -2.37934 -0.003937,2.64549 -2.37934 0,2.61357 -2.3938 -0.003937,2.61357 -2.3938 0,2.58267 -2.41031 -0.003937,2.58267 -2.41031 0,2.55292 -2.42881 -0.003937,2.55292 -2.42881 0,2.52444 -2.44922 -0.003937,2.52444 -2.44922 0,2.49735 -2.47145 -0.003937,2.49735 -2.47145 0,2.47178 -2.4954 -0.003937,2.47178 -2.4954 0,2.44783 -2.52098 -0.003937,2.44783 -2.52098 0,2.4256 -2.54806 -0.003937,2.4256 -2.54806 0,2.40519 -2.57654 -0.003937,2.40519 -2.57654 0,2.38669 -2.60629 -0.003937,2.38669 -2.60629 0,2.37017 -2.63719 -0.003937,2.37017 -2.63719 0,2.35571 -2.66911 -0.003937,2.35571 -2.66911 0,2.34337 -2.7019 -0.003937,2.34337 -2.7019 0,2.3332 -2.73543 -0.003937,2.3332 -2.73543 0,2.32524 -2.76955 -0.003937,2.32524 -2.76955 0,2.31954 -2.80412 -0.003937,2.31954 -2.80412 0,2.3161 -2.83899 -0.003937,2.3161 -2.83899 0,2.31496 -2.87401 -0.003937,2.31496 -2.87401 0,2.3161 -2.90903 -0.003937,2.3161 -2.90903 0,2.31954 -2.9439 -0.003937,2.31954 -2.9439 0,2.32524 -2.97847 -0.003937,2.32524 -2.97847 0,2.3332 -3.01259 -0.003937,2.3332 -3.01259 0,2.34337 -3.04612 -0.003937,2.34337 -3.04612 0,2.35571 -3.07891 -0.003937,2.35571 -3.07891 0,2.37017 -3.11083 -0.003937,2.37017 -3.11083 0,2.38669 -3.14173 -0.003937,2.38669 -3.14173 0,2.40519 -3.17148 -0.003937,2.40519 -3.17148 0,2.4256 -3.19996 -0.003937,2.4256 -3.19996 0,2.44783 -3.22704 -0.003937,2.44783 -3.22704 0,2.47178 -3.25262 -0.003937,2.47178 -3.25262 0,2.49735 -3.27657 -0.003937,2.49735 -3.27657 0,2.52444 -3.2988 -0.003937,2.52444 -3.2988 0,2.55292 -3.31921 -0.003937,2.55292 -3.31921 0,2.58267 -3.33771 -0.003937,2.58267 -3.33771 0,2.61357 -3.35422 -0.003937,2.61357 -3.35422 0,2.64549 -3.36868 -0.003937,2.64549 -3.36868 0,2.67828 -3.38103 -0.003937,2.67828 -3.38103 0,2.71181 -3.3912 -0.003937,2.71181 -3.3912 0,2.74593 -3.39915 -0.003937,2.74593 -3.39915 0,2.7805 -3.40486 -0.003937,2.7805 -3.40486 0,2.81537 -3.4083 -0.003937,2.81537 -3.4083 0,2.85039 -3.40944 -0.003937,2.85039 -3.40944 0]
}}
appearance Appearance{material Material{diffuseColor 0.16 0.16 0.16
transparency 0}}}
Shape { geometry IndexedFaceSet 
{ creaseAngle 1.00 coordIndex [0,1,2,-1,0,3,1,-1]
coord Coordinate { point [3.05511 -2.33858 -0.003937,2.85039 -2.33858 0,3.05511 -2.33858 0,2.85039 -2.33858 -0.003937]
}}
appearance Appearance{material Material{diffuseColor 0.16 0.16 0.16
transparency 0}}}
Shape { geometry IndexedFaceSet 
{ creaseAngle 1.00 coordIndex [0,1,2,-1,0,3,1,-1]
coord Coordinate { point [2.85039 -3.40944 -0.003937,3.05511 -3.40944 0,2.85039 -3.40944 0,3.05511 -3.40944 -0.003937]
}}
appearance Appearance{material Material{diffuseColor 0.16 0.16 0.16
transparency 0}}}
Shape { geometry IndexedFaceSet 
{ creaseAngle 1.00 coordIndex [0,1,2,-1,2,1,3,-1,1,4,3,-1,3,4,5,-1,5,6,7,-1,4,6,5,-1,7,8,9,-1,6,8,7,-1,9,10,11,-1,8,10,9,-1,11,12,13,-1,10,12,11,-1,13,14,15,-1,12,14,13,-1,15,16,17,-1,14,16,15,-1,17,18,19,-1,16,18,17,-1,19,20,21,-1,18,20,19,-1,21,22,23,-1,20,22,21,-1,23,24,25,-1,22,24,23,-1,25,26,27,-1,24,26,25,-1,27,28,29,-1,26,28,27,-1,29,30,31,-1,28,30,29,-1,31,32,33,-1,30,32,31,-1,33,34,35,-1,32,34,33,-1,35,36,37,-1,34,36,35,-1,37,38,39,-1,36,38,37,-1,39,40,41,-1,38,40,39,-1,41,42,43,-1,40,42,41,-1,43,44,45,-1,42,44,43,-1,45,46,47,-1,44,46,45,-1,47,48,49,-1,46,48,47,-1,48,50,49,-1,49,50,51,-1,50,52,51,-1,51,52,53,-1,52,54,53,-1,53,54,55,-1,54,56,55,-1,55,56,57,-1,56,58,57,-1,57,58,59,-1,58,60,59,-1,59,60,61,-1,60,62,61,-1,61,62,63,-1,62,64,63,-1,63,64,65,-1,65,66,67,-1,64,66,65,-1,67,68,69,-1,66,68,67,-1,69,70,71,-1,68,70,69,-1,71,72,73,-1,70,72,71,-1,73,74,75,-1,72,74,73,-1,75,76,77,-1,74,76,75,-1,77,78,79,-1,76,78,77,-1,79,80,81,-1,78,80,79,-1,81,82,83,-1,80,82,81,-1,83,84,85,-1,82,84,83,-1,85,86,87,-1,84,86,85,-1,87,88,89,-1,86,88,87,-1,89,90,91,-1,88,90,89,-1,91,92,93,-1,90,92,91,-1,93,94,95,-1,92,94,93,-1,95,96,97,-1,94,96,95,-1]
coord Coordinate { point [3.05511 -3.40944 -0.003937,3.09013 -3.4083 -0.003937,3.05511 -3.40944 0,3.09013 -3.4083 0,3.125 -3.40486 -0.003937,3.125 -3.40486 0,3.15957 -3.39915 -0.003937,3.15957 -3.39915 0,3.19369 -3.3912 -0.003937,3.19369 -3.3912 0,3.22722 -3.38103 -0.003937,3.22722 -3.38103 0,3.26001 -3.36868 -0.003937,3.26001 -3.36868 0,3.29193 -3.35422 -0.003937,3.29193 -3.35422 0,3.32283 -3.33771 -0.003937,3.32283 -3.33771 0,3.35258 -3.31921 -0.003937,3.35258 -3.31921 0,3.38106 -3.2988 -0.003937,3.38106 -3.2988 0,3.40815 -3.27657 -0.003937,3.40815 -3.27657 0,3.43372 -3.25262 -0.003937,3.43372 -3.25262 0,3.45767 -3.22704 -0.003937,3.45767 -3.22704 0,3.4799 -3.19996 -0.003937,3.4799 -3.19996 0,3.50031 -3.17148 -0.003937,3.50031 -3.17148 0,3.51881 -3.14173 -0.003937,3.51881 -3.14173 0,3.53533 -3.11083 -0.003937,3.53533 -3.11083 0,3.54979 -3.07891 -0.003937,3.54979 -3.07891 0,3.56213 -3.04612 -0.003937,3.56213 -3.04612 0,3.5723 -3.01259 -0.003937,3.5723 -3.01259 0,3.58026 -2.97847 -0.003937,3.58026 -2.97847 0,3.58596 -2.9439 -0.003937,3.58596 -2.9439 0,3.5894 -2.90903 -0.003937,3.5894 -2.90903 0,3.59054 -2.87401 -0.003937,3.59054 -2.87401 0,3.5894 -2.83899 -0.003937,3.5894 -2.83899 0,3.58596 -2.80412 -0.003937,3.58596 -2.80412 0,3.58026 -2.76955 -0.003937,3.58026 -2.76955 0,3.5723 -2.73543 -0.003937,3.5723 -2.73543 0,3.56213 -2.7019 -0.003937,3.56213 -2.7019 0,3.54979 -2.66911 -0.003937,3.54979 -2.66911 0,3.53533 -2.63719 -0.003937,3.53533 -2.63719 0,3.51881 -2.60629 -0.003937,3.51881 -2.60629 0,3.50031 -2.57654 -0.003937,3.50031 -2.57654 0,3.4799 -2.54806 -0.003937,3.4799 -2.54806 0,3.45767 -2.52098 -0.003937,3.45767 -2.52098 0,3.43372 -2.4954 -0.003937,3.43372 -2.4954 0,3.40815 -2.47145 -0.003937,3.40815 -2.47145 0,3.38106 -2.44922 -0.003937,3.38106 -2.44922 0,3.35258 -2.42881 -0.003937,3.35258 -2.42881 0,3.32283 -2.41031 -0.003937,3.32283 -2.41031 0,3.29193 -2.3938 -0.003937,3.29193 -2.3938 0,3.26001 -2.37934 -0.003937,3.26001 -2.37934 0,3.22722 -2.36699 -0.003937,3.22722 -2.36699 0,3.19369 -2.35682 -0.003937,3.19369 -2.35682 0,3.15957 -2.34887 -0.003937,3.15957 -2.34887 0,3.125 -2.34316 -0.003937,3.125 -2.34316 0,3.09013 -2.33972 -0.003937,3.09013 -2.33972 0,3.05511 -2.33858 -0.003937,3.05511 -2.33858 0]
}}
appearance Appearance{material Material{diffuseColor 0.16 0.16 0.16
transparency 0}}}
Shape { geometry IndexedFaceSet 
{ creaseAngle 1.00 coordIndex [0,1,2,-1,2,1,3,-1,3,4,5,-1,1,4,3,-1,5,6,7,-1,4,6,5,-1,7,8,9,-1,6,8,7,-1,9,10,11,-1,8,10,9,-1,11,12,13,-1,10,12,11,-1,13,14,15,-1,12,14,13,-1,15,16,17,-1,14,16,15,-1,17,18,19,-1,16,18,17,-1,19,20,21,-1,18,20,19,-1,21,22,23,-1,20,22,21,-1,23,24,25,-1,22,24,23,-1,25,26,27,-1,24,26,25,-1,26,28,27,-1,27,28,29,-1,28,30,29,-1,29,30,31,-1,30,32,31,-1,31,32,33,-1,32,34,33,-1,33,34,35,-1,35,36,37,-1,34,36,35,-1,36,38,37,-1,37,38,39,-1,39,40,41,-1,38,40,39,-1]
coord Coordinate { point [3.09054 -2.65749 -0.003937,3.12442 -2.66016 -0.003937,3.09054 -2.65749 0,3.12442 -2.66016 0,3.15745 -2.66809 -0.003937,3.15745 -2.66809 0,3.18884 -2.68109 -0.003937,3.18884 -2.68109 0,3.21781 -2.69885 -0.003937,3.21781 -2.69885 0,3.24364 -2.72091 -0.003937,3.24364 -2.72091 0,3.26571 -2.74675 -0.003937,3.26571 -2.74675 0,3.28346 -2.77571 -0.003937,3.28346 -2.77571 0,3.29646 -2.8071 -0.003937,3.29646 -2.8071 0,3.30439 -2.84014 -0.003937,3.30439 -2.84014 0,3.30706 -2.87401 -0.003937,3.30706 -2.87401 0,3.30439 -2.90788 -0.003937,3.30439 -2.90788 0,3.29646 -2.94092 -0.003937,3.29646 -2.94092 0,3.28346 -2.97231 -0.003937,3.28346 -2.97231 0,3.26571 -3.00127 -0.003937,3.26571 -3.00127 0,3.24364 -3.02711 -0.003937,3.24364 -3.02711 0,3.21781 -3.04917 -0.003937,3.21781 -3.04917 0,3.18884 -3.06693 -0.003937,3.18884 -3.06693 0,3.15745 -3.07993 -0.003937,3.15745 -3.07993 0,3.12442 -3.08786 -0.003937,3.12442 -3.08786 0,3.09054 -3.09053 -0.003937,3.09054 -3.09053 0]
}}
appearance Appearance{material Material{diffuseColor 0.16 0.16 0.16
transparency 0}}}
Shape { geometry IndexedFaceSet 
{ creaseAngle 1.00 coordIndex [0,1,2,-1,2,1,3,-1]
coord Coordinate { point [2.81496 -2.65749 -0.003937,3.09054 -2.65749 -0.003937,2.81496 -2.65749 0,3.09054 -2.65749 0]
}}
appearance Appearance{material Material{diffuseColor 0.16 0.16 0.16
transparency 0}}}
Shape { geometry IndexedFaceSet 
{ creaseAngle 1.00 coordIndex [0,1,2,-1,2,1,3,-1,3,4,5,-1,1,4,3,-1,5,6,7,-1,4,6,5,-1,7,8,9,-1,6,8,7,-1,9,10,11,-1,8,10,9,-1,11,12,13,-1,10,12,11,-1,13,14,15,-1,12,14,13,-1,15,16,17,-1,14,16,15,-1,17,18,19,-1,16,18,17,-1,19,20,21,-1,18,20,19,-1,21,22,23,-1,20,22,21,-1,23,24,25,-1,22,24,23,-1,25,26,27,-1,24,26,25,-1,26,28,27,-1,27,28,29,-1,28,30,29,-1,29,30,31,-1,30,32,31,-1,31,32,33,-1,32,34,33,-1,33,34,35,-1,35,36,37,-1,34,36,35,-1,36,38,37,-1,37,38,39,-1,39,40,41,-1,38,40,39,-1]
coord Coordinate { point [2.81496 -3.09053 -0.003937,2.78108 -3.08786 -0.003937,2.81496 -3.09053 0,2.78108 -3.08786 0,2.74805 -3.07993 -0.003937,2.74805 -3.07993 0,2.71666 -3.06693 -0.003937,2.71666 -3.06693 0,2.68769 -3.04917 -0.003937,2.68769 -3.04917 0,2.66186 -3.02711 -0.003937,2.66186 -3.02711 0,2.63979 -3.00127 -0.003937,2.63979 -3.00127 0,2.62204 -2.97231 -0.003937,2.62204 -2.97231 0,2.60904 -2.94092 -0.003937,2.60904 -2.94092 0,2.60111 -2.90788 -0.003937,2.60111 -2.90788 0,2.59844 -2.87401 -0.003937,2.59844 -2.87401 0,2.60111 -2.84014 -0.003937,2.60111 -2.84014 0,2.60904 -2.8071 -0.003937,2.60904 -2.8071 0,2.62204 -2.77571 -0.003937,2.62204 -2.77571 0,2.63979 -2.74675 -0.003937,2.63979 -2.74675 0,2.66186 -2.72091 -0.003937,2.66186 -2.72091 0,2.68769 -2.69885 -0.003937,2.68769 -2.69885 0,2.71666 -2.68109 -0.003937,2.71666 -2.68109 0,2.74805 -2.66809 -0.003937,2.74805 -2.66809 0,2.78108 -2.66016 -0.003937,2.78108 -2.66016 0,2.81496 -2.65749 -0.003937,2.81496 -2.65749 0]
}}
appearance Appearance{material Material{diffuseColor 0.16 0.16 0.16
transparency 0}}}
Shape { geometry IndexedFaceSet 
{ creaseAngle 1.00 coordIndex [0,1,2,-1,2,1,3,-1]
coord Coordinate { point [3.09054 -3.09053 -0.003937,2.81496 -3.09053 -0.003937,3.09054 -3.09053 0,2.81496 -3.09053 0]
}}
appearance Appearance{material Material{diffuseColor 0.16 0.16 0.16
transparency 0}}}
Shape { geometry IndexedFaceSet 
{ creaseAngle 1.00 coordIndex [0,1,2,-1,2,1,3,-1,4,5,6,-1,6,5,0,-1,0,5,1,-1,3,7,8,-1,8,7,9,-1,1,7,3,-1,10,11,12,-1,12,11,13,-1,13,11,4,-1,4,11,5,-1,9,14,15,-1,15,14,16,-1,16,14,17,-1,7,14,9,-1,18,19,20,-1,20,19,10,-1,10,19,11,-1,17,21,22,-1,22,21,23,-1,14,21,17,-1,24,25,26,-1,26,25,18,-1,18,25,19,-1,23,27,28,-1,28,27,29,-1,21,27,23,-1,30,31,32,-1,32,31,24,-1,24,31,25,-1,29,33,34,-1,34,33,35,-1,35,33,36,-1,27,33,29,-1,30,37,31,-1,38,37,39,-1,39,37,30,-1,40,41,42,-1,42,41,38,-1,38,41,37,-1,43,44,45,-1,45,44,46,-1,46,44,40,-1,40,44,41,-1,47,48,49,-1,49,48,43,-1,43,48,44,-1,50,51,47,-1,47,51,48,-1,50,52,51,-1,52,53,51,-1,33,54,36,-1,36,54,55,-1,55,54,56,-1,56,54,57,-1,57,54,58,-1,52,59,53,-1,54,60,58,-1,58,60,61,-1,61,60,62,-1,53,63,64,-1,59,63,53,-1,60,65,62,-1,62,65,66,-1,66,65,67,-1,65,68,67,-1,67,68,69,-1,69,68,70,-1,70,68,71,-1,63,72,64,-1,71,73,74,-1,68,73,71,-1,72,75,64,-1,73,76,74,-1,73,77,76,-1,64,78,79,-1,75,78,64,-1,77,80,76,-1,78,81,79,-1,77,82,80,-1,83,82,77,-1,81,84,79,-1,79,84,85,-1,83,86,82,-1,84,87,85,-1,88,89,83,-1,83,89,86,-1,87,90,85,-1,85,90,91,-1,88,92,89,-1,90,93,91,-1,88,94,92,-1,93,95,91,-1,91,96,97,-1,95,96,91,-1,98,99,88,-1,88,99,94,-1,98,100,99,-1,101,102,98,-1,98,102,100,-1,101,103,102,-1,104,105,101,-1,101,105,103,-1,96,106,97,-1,104,107,105,-1,106,108,97,-1,109,110,104,-1,104,110,107,-1,108,111,97,-1,109,112,110,-1,111,113,97,-1,97,113,114,-1,115,116,109,-1,109,116,112,-1,113,117,114,-1,115,118,116,-1,117,119,114,-1,114,119,120,-1,121,122,115,-1,115,122,118,-1,119,123,120,-1,121,124,122,-1,120,125,126,-1,123,125,120,-1,121,127,124,-1,125,128,126,-1,129,130,121,-1,121,130,127,-1,128,131,126,-1,129,132,130,-1,126,133,134,-1,131,133,126,-1,135,136,129,-1,129,136,132,-1,133,137,134,-1,135,138,136,-1,134,139,135,-1,135,139,138,-1,137,139,134,-1]
coord Coordinate { point [2.4256 -3.19996 -0.003937,2.66186 -3.02711 -0.003937,2.44783 -3.22704 -0.003937,2.47178 -3.25262 -0.003937,2.38669 -3.14173 -0.003937,2.63979 -3.00127 -0.003937,2.40519 -3.17148 -0.003937,2.68769 -3.04917 -0.003937,2.49735 -3.27657 -0.003937,2.52444 -3.2988 -0.003937,2.34337 -3.04612 -0.003937,2.62204 -2.97231 -0.003937,2.35571 -3.07891 -0.003937,2.37017 -3.11083 -0.003937,2.71666 -3.06693 -0.003937,2.55292 -3.31921 -0.003937,2.58267 -3.33771 -0.003937,2.61357 -3.35422 -0.003937,2.32524 -2.97847 -0.003937,2.60904 -2.94092 -0.003937,2.3332 -3.01259 -0.003937,2.74805 -3.07993 -0.003937,2.64549 -3.36868 -0.003937,2.67828 -3.38103 -0.003937,2.3161 -2.90903 -0.003937,2.60111 -2.90788 -0.003937,2.31954 -2.9439 -0.003937,2.78108 -3.08786 -0.003937,2.71181 -3.3912 -0.003937,2.74593 -3.39915 -0.003937,2.3161 -2.83899 -0.003937,2.59844 -2.87401 -0.003937,2.31496 -2.87401 -0.003937,2.81496 -3.09053 -0.003937,2.7805 -3.40486 -0.003937,2.81537 -3.4083 -0.003937,2.85039 -3.40944 -0.003937,2.60111 -2.84014 -0.003937,2.32524 -2.76955 -0.003937,2.31954 -2.80412 -0.003937,2.34337 -2.7019 -0.003937,2.60904 -2.8071 -0.003937,2.3332 -2.73543 -0.003937,2.38669 -2.60629 -0.003937,2.62204 -2.77571 -0.003937,2.37017 -2.63719 -0.003937,2.35571 -2.66911 -0.003937,2.4256 -2.54806 -0.003937,2.63979 -2.74675 -0.003937,2.40519 -2.57654 -0.003937,2.44783 -2.52098 -0.003937,2.66186 -2.72091 -0.003937,2.47178 -2.4954 -0.003937,2.68769 -2.69885 -0.003937,3.09054 -3.09053 -0.003937,3.05511 -3.40944 -0.003937,3.09013 -3.4083 -0.003937,3.125 -3.40486 -0.003937,3.15957 -3.39915 -0.003937,2.49735 -2.47145 -0.003937,3.12442 -3.08786 -0.003937,3.19369 -3.3912 -0.003937,3.22722 -3.38103 -0.003937,2.52444 -2.44922 -0.003937,2.71666 -2.68109 -0.003937,3.15745 -3.07993 -0.003937,3.26001 -3.36868 -0.003937,3.29193 -3.35422 -0.003937,3.18884 -3.06693 -0.003937,3.32283 -3.33771 -0.003937,3.35258 -3.31921 -0.003937,3.38106 -3.2988 -0.003937,2.55292 -2.42881 -0.003937,3.21781 -3.04917 -0.003937,3.40815 -3.27657 -0.003937,2.58267 -2.41031 -0.003937,3.43372 -3.25262 -0.003937,3.24364 -3.02711 -0.003937,2.61357 -2.3938 -0.003937,2.74805 -2.66809 -0.003937,3.45767 -3.22704 -0.003937,2.64549 -2.37934 -0.003937,3.4799 -3.19996 -0.003937,3.26571 -3.00127 -0.003937,2.67828 -2.36699 -0.003937,2.78108 -2.66016 -0.003937,3.50031 -3.17148 -0.003937,2.71181 -2.35682 -0.003937,3.28346 -2.97231 -0.003937,3.51881 -3.14173 -0.003937,2.74593 -2.34887 -0.003937,2.81496 -2.65749 -0.003937,3.53533 -3.11083 -0.003937,2.7805 -2.34316 -0.003937,3.54979 -3.07891 -0.003937,2.81537 -2.33972 -0.003937,2.85039 -2.33858 -0.003937,3.09054 -2.65749 -0.003937,3.29646 -2.94092 -0.003937,3.56213 -3.04612 -0.003937,3.5723 -3.01259 -0.003937,3.30439 -2.90788 -0.003937,3.58026 -2.97847 -0.003937,3.58596 -2.9439 -0.003937,3.30706 -2.87401 -0.003937,3.5894 -2.90903 -0.003937,3.05511 -2.33858 -0.003937,3.59054 -2.87401 -0.003937,3.09013 -2.33972 -0.003937,3.30439 -2.84014 -0.003937,3.5894 -2.83899 -0.003937,3.125 -2.34316 -0.003937,3.58596 -2.80412 -0.003937,3.15957 -2.34887 -0.003937,3.12442 -2.66016 -0.003937,3.29646 -2.8071 -0.003937,3.58026 -2.76955 -0.003937,3.19369 -2.35682 -0.003937,3.5723 -2.73543 -0.003937,3.22722 -2.36699 -0.003937,3.15745 -2.66809 -0.003937,3.28346 -2.77571 -0.003937,3.56213 -2.7019 -0.003937,3.26001 -2.37934 -0.003937,3.54979 -2.66911 -0.003937,3.29193 -2.3938 -0.003937,3.18884 -2.68109 -0.003937,3.53533 -2.63719 -0.003937,3.32283 -2.41031 -0.003937,3.26571 -2.74675 -0.003937,3.51881 -2.60629 -0.003937,3.35258 -2.42881 -0.003937,3.50031 -2.57654 -0.003937,3.38106 -2.44922 -0.003937,3.21781 -2.69885 -0.003937,3.24364 -2.72091 -0.003937,3.4799 -2.54806 -0.003937,3.40815 -2.47145 -0.003937,3.45767 -2.52098 -0.003937,3.43372 -2.4954 -0.003937]
}}
appearance Appearance{material Material{diffuseColor 0.16 0.16 0.16
transparency 0}}}
Shape { geometry IndexedFaceSet 
{ creaseAngle 1.00 coordIndex [0,1,2,-1,0,2,3,-1,4,5,6,-1,4,6,1,-1,4,1,0,-1,7,3,8,-1,7,8,9,-1,7,0,3,-1,10,11,12,-1,10,12,13,-1,10,13,5,-1,10,5,4,-1,14,9,15,-1,14,15,16,-1,14,16,17,-1,14,7,9,-1,18,19,20,-1,18,20,11,-1,18,11,10,-1,21,17,22,-1,21,22,23,-1,21,14,17,-1,24,25,26,-1,24,26,19,-1,24,19,18,-1,27,23,28,-1,27,28,29,-1,27,21,23,-1,30,31,32,-1,30,32,25,-1,30,25,24,-1,33,29,34,-1,33,34,35,-1,33,35,36,-1,33,27,29,-1,37,31,30,-1,37,38,39,-1,37,39,31,-1,40,41,42,-1,40,42,38,-1,40,38,37,-1,43,44,45,-1,43,45,46,-1,43,46,41,-1,43,41,40,-1,47,48,49,-1,47,49,44,-1,47,44,43,-1,50,51,48,-1,50,48,47,-1,52,51,50,-1,53,52,50,-1,54,33,36,-1,54,36,55,-1,54,55,56,-1,54,56,57,-1,54,57,58,-1,59,52,53,-1,60,54,58,-1,60,58,61,-1,60,61,62,-1,63,53,64,-1,63,59,53,-1,65,60,62,-1,65,62,66,-1,65,66,67,-1,68,65,67,-1,68,67,69,-1,68,69,70,-1,68,70,71,-1,72,63,64,-1,73,71,74,-1,73,68,71,-1,75,72,64,-1,76,73,74,-1,77,73,76,-1,78,64,79,-1,78,75,64,-1,80,77,76,-1,81,78,79,-1,82,77,80,-1,82,83,77,-1,84,81,79,-1,84,79,85,-1,86,83,82,-1,87,84,85,-1,88,89,83,-1,88,83,86,-1,90,87,85,-1,90,85,91,-1,92,89,88,-1,93,90,91,-1,94,89,92,-1,95,93,91,-1,96,91,97,-1,96,95,91,-1,98,99,89,-1,98,89,94,-1,100,99,98,-1,101,102,99,-1,101,99,100,-1,103,102,101,-1,104,105,102,-1,104,102,103,-1,106,96,97,-1,107,105,104,-1,108,106,97,-1,109,110,105,-1,109,105,107,-1,111,108,97,-1,112,110,109,-1,113,111,97,-1,113,97,114,-1,115,116,110,-1,115,110,112,-1,117,113,114,-1,118,116,115,-1,119,117,114,-1,119,114,120,-1,121,122,116,-1,121,116,118,-1,123,119,120,-1,124,122,121,-1,125,120,126,-1,125,123,120,-1,127,122,124,-1,128,125,126,-1,129,130,122,-1,129,122,127,-1,131,128,126,-1,132,130,129,-1,133,126,134,-1,133,131,126,-1,135,136,130,-1,135,130,132,-1,137,133,134,-1,138,136,135,-1,139,134,136,-1,139,136,138,-1,139,137,134,-1]
coord Coordinate { point [2.66186 -3.02711 0,2.4256 -3.19996 0,2.44783 -3.22704 0,2.47178 -3.25262 0,2.63979 -3.00127 0,2.38669 -3.14173 0,2.40519 -3.17148 0,2.68769 -3.04917 0,2.49735 -3.27657 0,2.52444 -3.2988 0,2.62204 -2.97231 0,2.34337 -3.04612 0,2.35571 -3.07891 0,2.37017 -3.11083 0,2.71666 -3.06693 0,2.55292 -3.31921 0,2.58267 -3.33771 0,2.61357 -3.35422 0,2.60904 -2.94092 0,2.32524 -2.97847 0,2.3332 -3.01259 0,2.74805 -3.07993 0,2.64549 -3.36868 0,2.67828 -3.38103 0,2.60111 -2.90788 0,2.3161 -2.90903 0,2.31954 -2.9439 0,2.78108 -3.08786 0,2.71181 -3.3912 0,2.74593 -3.39915 0,2.59844 -2.87401 0,2.3161 -2.83899 0,2.31496 -2.87401 0,2.81496 -3.09053 0,2.7805 -3.40486 0,2.81537 -3.4083 0,2.85039 -3.40944 0,2.60111 -2.84014 0,2.32524 -2.76955 0,2.31954 -2.80412 0,2.60904 -2.8071 0,2.34337 -2.7019 0,2.3332 -2.73543 0,2.62204 -2.77571 0,2.38669 -2.60629 0,2.37017 -2.63719 0,2.35571 -2.66911 0,2.63979 -2.74675 0,2.4256 -2.54806 0,2.40519 -2.57654 0,2.66186 -2.72091 0,2.44783 -2.52098 0,2.47178 -2.4954 0,2.68769 -2.69885 0,3.09054 -3.09053 0,3.05511 -3.40944 0,3.09013 -3.4083 0,3.125 -3.40486 0,3.15957 -3.39915 0,2.49735 -2.47145 0,3.12442 -3.08786 0,3.19369 -3.3912 0,3.22722 -3.38103 0,2.52444 -2.44922 0,2.71666 -2.68109 0,3.15745 -3.07993 0,3.26001 -3.36868 0,3.29193 -3.35422 0,3.18884 -3.06693 0,3.32283 -3.33771 0,3.35258 -3.31921 0,3.38106 -3.2988 0,2.55292 -2.42881 0,3.21781 -3.04917 0,3.40815 -3.27657 0,2.58267 -2.41031 0,3.43372 -3.25262 0,3.24364 -3.02711 0,2.61357 -2.3938 0,2.74805 -2.66809 0,3.45767 -3.22704 0,2.64549 -2.37934 0,3.4799 -3.19996 0,3.26571 -3.00127 0,2.67828 -2.36699 0,2.78108 -2.66016 0,3.50031 -3.17148 0,2.71181 -2.35682 0,3.51881 -3.14173 0,3.28346 -2.97231 0,2.74593 -2.34887 0,2.81496 -2.65749 0,3.53533 -3.11083 0,2.7805 -2.34316 0,3.54979 -3.07891 0,2.81537 -2.33972 0,2.85039 -2.33858 0,3.09054 -2.65749 0,3.56213 -3.04612 0,3.29646 -2.94092 0,3.5723 -3.01259 0,3.58026 -2.97847 0,3.30439 -2.90788 0,3.58596 -2.9439 0,3.5894 -2.90903 0,3.30706 -2.87401 0,3.05511 -2.33858 0,3.59054 -2.87401 0,3.09013 -2.33972 0,3.5894 -2.83899 0,3.30439 -2.84014 0,3.125 -2.34316 0,3.58596 -2.80412 0,3.15957 -2.34887 0,3.12442 -2.66016 0,3.58026 -2.76955 0,3.29646 -2.8071 0,3.19369 -2.35682 0,3.5723 -2.73543 0,3.22722 -2.36699 0,3.15745 -2.66809 0,3.56213 -2.7019 0,3.28346 -2.77571 0,3.26001 -2.37934 0,3.54979 -2.66911 0,3.29193 -2.3938 0,3.18884 -2.68109 0,3.53533 -2.63719 0,3.32283 -2.41031 0,3.51881 -2.60629 0,3.26571 -2.74675 0,3.35258 -2.42881 0,3.50031 -2.57654 0,3.38106 -2.44922 0,3.21781 -2.69885 0,3.4799 -2.54806 0,3.24364 -2.72091 0,3.40815 -2.47145 0,3.45767 -2.52098 0,3.43372 -2.4954 0]
}}
appearance Appearance{material Material{diffuseColor 0.16 0.16 0.16
transparency 0}}}
Shape { geometry IndexedFaceSet 
{ creaseAngle 1.00 coordIndex [0,1,2,-1,2,1,3,-1,1,4,3,-1,3,4,5,-1,5,6,7,-1,4,6,5,-1,7,8,9,-1,6,8,7,-1,9,10,11,-1,8,10,9,-1,11,12,13,-1,10,12,11,-1,13,14,15,-1,12,14,13,-1,15,16,17,-1,14,16,15,-1,17,18,19,-1,16,18,17,-1,19,20,21,-1,18,20,19,-1,21,22,23,-1,20,22,21,-1,23,24,25,-1,22,24,23,-1,25,26,27,-1,24,26,25,-1,27,28,29,-1,26,28,27,-1,29,30,31,-1,28,30,29,-1,31,32,33,-1,30,32,31,-1,33,34,35,-1,32,34,33,-1,35,36,37,-1,34,36,35,-1,37,38,39,-1,36,38,37,-1,39,40,41,-1,38,40,39,-1,41,42,43,-1,40,42,41,-1,43,44,45,-1,42,44,43,-1,45,46,47,-1,44,46,45,-1,47,48,49,-1,46,48,47,-1,48,50,49,-1,49,50,51,-1,50,52,51,-1,51,52,53,-1,52,54,53,-1,53,54,55,-1,54,56,55,-1,55,56,57,-1,56,58,57,-1,57,58,59,-1,58,60,59,-1,59,60,61,-1,60,62,61,-1,61,62,63,-1,62,64,63,-1,63,64,65,-1,65,66,67,-1,64,66,65,-1,67,68,69,-1,66,68,67,-1,69,70,71,-1,68,70,69,-1,71,72,73,-1,70,72,71,-1,73,74,75,-1,72,74,73,-1,75,76,77,-1,74,76,75,-1,77,78,79,-1,76,78,77,-1,79,80,81,-1,78,80,79,-1,81,82,83,-1,80,82,81,-1,83,84,85,-1,82,84,83,-1,85,86,87,-1,84,86,85,-1,87,88,89,-1,86,88,87,-1,89,90,91,-1,88,90,89,-1,91,92,93,-1,90,92,91,-1,93,94,95,-1,92,94,93,-1,95,96,97,-1,94,96,95,-1]
coord Coordinate { point [2.85039 1.44094 -0.003937,2.81537 1.4398 -0.003937,2.85039 1.44094 0,2.81537 1.4398 0,2.7805 1.43636 -0.003937,2.7805 1.43636 0,2.74593 1.43065 -0.003937,2.74593 1.43065 0,2.71181 1.4227 -0.003937,2.71181 1.4227 0,2.67828 1.41253 -0.003937,2.67828 1.41253 0,2.64549 1.40018 -0.003937,2.64549 1.40018 0,2.61357 1.38572 -0.003937,2.61357 1.38572 0,2.58267 1.36921 -0.003937,2.58267 1.36921 0,2.55292 1.35071 -0.003937,2.55292 1.35071 0,2.52444 1.3303 -0.003937,2.52444 1.3303 0,2.49735 1.30807 -0.003937,2.49735 1.30807 0,2.47178 1.28412 -0.003937,2.47178 1.28412 0,2.44783 1.25854 -0.003937,2.44783 1.25854 0,2.4256 1.23146 -0.003937,2.4256 1.23146 0,2.40519 1.20298 -0.003937,2.40519 1.20298 0,2.38669 1.17323 -0.003937,2.38669 1.17323 0,2.37017 1.14233 -0.003937,2.37017 1.14233 0,2.35571 1.11041 -0.003937,2.35571 1.11041 0,2.34337 1.07762 -0.003937,2.34337 1.07762 0,2.3332 1.04409 -0.003937,2.3332 1.04409 0,2.32524 1.00997 -0.003937,2.32524 1.00997 0,2.31954 0.975398 -0.003937,2.31954 0.975398 0,2.3161 0.940529 -0.003937,2.3161 0.940529 0,2.31496 0.90551 -0.003937,2.31496 0.90551 0,2.3161 0.870491 -0.003937,2.3161 0.870491 0,2.31954 0.835622 -0.003937,2.31954 0.835622 0,2.32524 0.801052 -0.003937,2.32524 0.801052 0,2.3332 0.76693 -0.003937,2.3332 0.76693 0,2.34337 0.733401 -0.003937,2.34337 0.733401 0,2.35571 0.700609 -0.003937,2.35571 0.700609 0,2.37017 0.668694 -0.003937,2.37017 0.668694 0,2.38669 0.637794 -0.003937,2.38669 0.637794 0,2.40519 0.60804 -0.003937,2.40519 0.60804 0,2.4256 0.57956 -0.003937,2.4256 0.57956 0,2.44783 0.552475 -0.003937,2.44783 0.552475 0,2.47178 0.526902 -0.003937,2.47178 0.526902 0,2.49735 0.502951 -0.003937,2.49735 0.502951 0,2.52444 0.480723 -0.003937,2.52444 0.480723 0,2.55292 0.460315 -0.003937,2.55292 0.460315 0,2.58267 0.441812 -0.003937,2.58267 0.441812 0,2.61357 0.425296 -0.003937,2.61357 0.425296 0,2.64549 0.410835 -0.003937,2.64549 0.410835 0,2.67828 0.398493 -0.003937,2.67828 0.398493 0,2.71181 0.388322 -0.003937,2.71181 0.388322 0,2.74593 0.380366 -0.003937,2.74593 0.380366 0,2.7805 0.374659 -0.003937,2.7805 0.374659 0,2.81537 0.371224 -0.003937,2.81537 0.371224 0,2.85039 0.370078 -0.003937,2.85039 0.370078 0]
}}
appearance Appearance{material Material{diffuseColor 0.16 0.16 0.16
transparency 0}}}
Shape { geometry IndexedFaceSet 
{ creaseAngle 1.00 coordIndex [0,1,2,-1,0,3,1,-1]
coord Coordinate { point [3.05511 1.44094 -0.003937,2.85039 1.44094 0,3.05511 1.44094 0,2.85039 1.44094 -0.003937]
}}
appearance Appearance{material Material{diffuseColor 0.16 0.16 0.16
transparency 0}}}
Shape { geometry IndexedFaceSet 
{ creaseAngle 1.00 coordIndex [0,1,2,-1,0,3,1,-1]
coord Coordinate { point [2.85039 0.370078 -0.003937,3.05511 0.370078 0,2.85039 0.370078 0,3.05511 0.370078 -0.003937]
}}
appearance Appearance{material Material{diffuseColor 0.16 0.16 0.16
transparency 0}}}
Shape { geometry IndexedFaceSet 
{ creaseAngle 1.00 coordIndex [0,1,2,-1,2,1,3,-1,1,4,3,-1,3,4,5,-1,5,6,7,-1,4,6,5,-1,7,8,9,-1,6,8,7,-1,9,10,11,-1,8,10,9,-1,11,12,13,-1,10,12,11,-1,13,14,15,-1,12,14,13,-1,15,16,17,-1,14,16,15,-1,17,18,19,-1,16,18,17,-1,19,20,21,-1,18,20,19,-1,21,22,23,-1,20,22,21,-1,23,24,25,-1,22,24,23,-1,25,26,27,-1,24,26,25,-1,27,28,29,-1,26,28,27,-1,29,30,31,-1,28,30,29,-1,31,32,33,-1,30,32,31,-1,33,34,35,-1,32,34,33,-1,35,36,37,-1,34,36,35,-1,37,38,39,-1,36,38,37,-1,39,40,41,-1,38,40,39,-1,41,42,43,-1,40,42,41,-1,43,44,45,-1,42,44,43,-1,45,46,47,-1,44,46,45,-1,47,48,49,-1,46,48,47,-1,48,50,49,-1,49,50,51,-1,50,52,51,-1,51,52,53,-1,52,54,53,-1,53,54,55,-1,54,56,55,-1,55,56,57,-1,56,58,57,-1,57,58,59,-1,58,60,59,-1,59,60,61,-1,60,62,61,-1,61,62,63,-1,62,64,63,-1,63,64,65,-1,65,66,67,-1,64,66,65,-1,67,68,69,-1,66,68,67,-1,69,70,71,-1,68,70,69,-1,71,72,73,-1,70,72,71,-1,73,74,75,-1,72,74,73,-1,75,76,77,-1,74,76,75,-1,77,78,79,-1,76,78,77,-1,79,80,81,-1,78,80,79,-1,81,82,83,-1,80,82,81,-1,83,84,85,-1,82,84,83,-1,85,86,87,-1,84,86,85,-1,87,88,89,-1,86,88,87,-1,89,90,91,-1,88,90,89,-1,91,92,93,-1,90,92,91,-1,93,94,95,-1,92,94,93,-1,95,96,97,-1,94,96,95,-1]
coord Coordinate { point [3.05511 0.370078 -0.003937,3.09013 0.371224 -0.003937,3.05511 0.370078 0,3.09013 0.371224 0,3.125 0.374659 -0.003937,3.125 0.374659 0,3.15957 0.380366 -0.003937,3.15957 0.380366 0,3.19369 0.388322 -0.003937,3.19369 0.388322 0,3.22722 0.398493 -0.003937,3.22722 0.398493 0,3.26001 0.410835 -0.003937,3.26001 0.410835 0,3.29193 0.425296 -0.003937,3.29193 0.425296 0,3.32283 0.441812 -0.003937,3.32283 0.441812 0,3.35258 0.460315 -0.003937,3.35258 0.460315 0,3.38106 0.480723 -0.003937,3.38106 0.480723 0,3.40815 0.502951 -0.003937,3.40815 0.502951 0,3.43372 0.526902 -0.003937,3.43372 0.526902 0,3.45767 0.552475 -0.003937,3.45767 0.552475 0,3.4799 0.57956 -0.003937,3.4799 0.57956 0,3.50031 0.60804 -0.003937,3.50031 0.60804 0,3.51881 0.637794 -0.003937,3.51881 0.637794 0,3.53533 0.668694 -0.003937,3.53533 0.668694 0,3.54979 0.700609 -0.003937,3.54979 0.700609 0,3.56213 0.733401 -0.003937,3.56213 0.733401 0,3.5723 0.76693 -0.003937,3.5723 0.76693 0,3.58026 0.801052 -0.003937,3.58026 0.801052 0,3.58596 0.835622 -0.003937,3.58596 0.835622 0,3.5894 0.870491 -0.003937,3.5894 0.870491 0,3.59054 0.90551 -0.003937,3.59054 0.90551 0,3.5894 0.940529 -0.003937,3.5894 0.940529 0,3.58596 0.975398 -0.003937,3.58596 0.975398 0,3.58026 1.00997 -0.003937,3.58026 1.00997 0,3.5723 1.04409 -0.003937,3.5723 1.04409 0,3.56213 1.07762 -0.003937,3.56213 1.07762 0,3.54979 1.11041 -0.003937,3.54979 1.11041 0,3.53533 1.14233 -0.003937,3.53533 1.14233 0,3.51881 1.17323 -0.003937,3.51881 1.17323 0,3.50031 1.20298 -0.003937,3.50031 1.20298 0,3.4799 1.23146 -0.003937,3.4799 1.23146 0,3.45767 1.25854 -0.003937,3.45767 1.25854 0,3.43372 1.28412 -0.003937,3.43372 1.28412 0,3.40815 1.30807 -0.003937,3.40815 1.30807 0,3.38106 1.3303 -0.003937,3.38106 1.3303 0,3.35258 1.35071 -0.003937,3.35258 1.35071 0,3.32283 1.36921 -0.003937,3.32283 1.36921 0,3.29193 1.38572 -0.003937,3.29193 1.38572 0,3.26001 1.40018 -0.003937,3.26001 1.40018 0,3.22722 1.41253 -0.003937,3.22722 1.41253 0,3.19369 1.4227 -0.003937,3.19369 1.4227 0,3.15957 1.43065 -0.003937,3.15957 1.43065 0,3.125 1.43636 -0.003937,3.125 1.43636 0,3.09013 1.4398 -0.003937,3.09013 1.4398 0,3.05511 1.44094 -0.003937,3.05511 1.44094 0]
}}
appearance Appearance{material Material{diffuseColor 0.16 0.16 0.16
transparency 0}}}
Shape { geometry IndexedFaceSet 
{ creaseAngle 1.00 coordIndex [0,1,2,-1,2,1,3,-1,3,4,5,-1,1,4,3,-1,5,6,7,-1,4,6,5,-1,7,8,9,-1,6,8,7,-1,9,10,11,-1,8,10,9,-1,11,12,13,-1,10,12,11,-1,13,14,15,-1,12,14,13,-1,15,16,17,-1,14,16,15,-1,17,18,19,-1,16,18,17,-1,19,20,21,-1,18,20,19,-1,21,22,23,-1,20,22,21,-1,23,24,25,-1,22,24,23,-1,25,26,27,-1,24,26,25,-1,26,28,27,-1,27,28,29,-1,28,30,29,-1,29,30,31,-1,30,32,31,-1,31,32,33,-1,32,34,33,-1,33,34,35,-1,35,36,37,-1,34,36,35,-1,36,38,37,-1,37,38,39,-1,39,40,41,-1,38,40,39,-1]
coord Coordinate { point [3.09054 1.12203 -0.003937,3.12442 1.11936 -0.003937,3.09054 1.12203 0,3.12442 1.11936 0,3.15745 1.11143 -0.003937,3.15745 1.11143 0,3.18884 1.09843 -0.003937,3.18884 1.09843 0,3.21781 1.08067 -0.003937,3.21781 1.08067 0,3.24364 1.05861 -0.003937,3.24364 1.05861 0,3.26571 1.03277 -0.003937,3.26571 1.03277 0,3.28346 1.00381 -0.003937,3.28346 1.00381 0,3.29646 0.972417 -0.003937,3.29646 0.972417 0,3.30439 0.93938 -0.003937,3.30439 0.93938 0,3.30706 0.90551 -0.003937,3.30706 0.90551 0,3.30439 0.87164 -0.003937,3.30439 0.87164 0,3.29646 0.838603 -0.003937,3.29646 0.838603 0,3.28346 0.807214 -0.003937,3.28346 0.807214 0,3.26571 0.778245 -0.003937,3.26571 0.778245 0,3.24364 0.752411 -0.003937,3.24364 0.752411 0,3.21781 0.730345 -0.003937,3.21781 0.730345 0,3.18884 0.712593 -0.003937,3.18884 0.712593 0,3.15745 0.699592 -0.003937,3.15745 0.699592 0,3.12442 0.69166 -0.003937,3.12442 0.69166 0,3.09054 0.688995 -0.003937,3.09054 0.688995 0]
}}
appearance Appearance{material Material{diffuseColor 0.16 0.16 0.16
transparency 0}}}
Shape { geometry IndexedFaceSet 
{ creaseAngle 1.00 coordIndex [0,1,2,-1,2,1,3,-1]
coord Coordinate { point [2.81496 1.12203 -0.003937,3.09054 1.12203 -0.003937,2.81496 1.12203 0,3.09054 1.12203 0]
}}
appearance Appearance{material Material{diffuseColor 0.16 0.16 0.16
transparency 0}}}
Shape { geometry IndexedFaceSet 
{ creaseAngle 1.00 coordIndex [0,1,2,-1,2,1,3,-1,3,4,5,-1,1,4,3,-1,5,6,7,-1,4,6,5,-1,7,8,9,-1,6,8,7,-1,9,10,11,-1,8,10,9,-1,11,12,13,-1,10,12,11,-1,13,14,15,-1,12,14,13,-1,15,16,17,-1,14,16,15,-1,17,18,19,-1,16,18,17,-1,19,20,21,-1,18,20,19,-1,21,22,23,-1,20,22,21,-1,23,24,25,-1,22,24,23,-1,25,26,27,-1,24,26,25,-1,26,28,27,-1,27,28,29,-1,28,30,29,-1,29,30,31,-1,30,32,31,-1,31,32,33,-1,32,34,33,-1,33,34,35,-1,35,36,37,-1,34,36,35,-1,36,38,37,-1,37,38,39,-1,39,40,41,-1,38,40,39,-1]
coord Coordinate { point [2.81496 0.688995 -0.003937,2.78108 0.69166 -0.003937,2.81496 0.688995 0,2.78108 0.69166 0,2.74805 0.699592 -0.003937,2.74805 0.699592 0,2.71666 0.712593 -0.003937,2.71666 0.712593 0,2.68769 0.730345 -0.003937,2.68769 0.730345 0,2.66186 0.752411 -0.003937,2.66186 0.752411 0,2.63979 0.778245 -0.003937,2.63979 0.778245 0,2.62204 0.807214 -0.003937,2.62204 0.807214 0,2.60904 0.838603 -0.003937,2.60904 0.838603 0,2.60111 0.87164 -0.003937,2.60111 0.87164 0,2.59844 0.90551 -0.003937,2.59844 0.90551 0,2.60111 0.93938 -0.003937,2.60111 0.93938 0,2.60904 0.972417 -0.003937,2.60904 0.972417 0,2.62204 1.00381 -0.003937,2.62204 1.00381 0,2.63979 1.03277 -0.003937,2.63979 1.03277 0,2.66186 1.05861 -0.003937,2.66186 1.05861 0,2.68769 1.08067 -0.003937,2.68769 1.08067 0,2.71666 1.09843 -0.003937,2.71666 1.09843 0,2.74805 1.11143 -0.003937,2.74805 1.11143 0,2.78108 1.11936 -0.003937,2.78108 1.11936 0,2.81496 1.12203 -0.003937,2.81496 1.12203 0]
}}
appearance Appearance{material Material{diffuseColor 0.16 0.16 0.16
transparency 0}}}
Shape { geometry IndexedFaceSet 
{ creaseAngle 1.00 coordIndex [0,1,2,-1,2,1,3,-1]
coord Coordinate { point [3.09054 0.688995 -0.003937,2.81496 0.688995 -0.003937,3.09054 0.688995 0,2.81496 0.688995 0]
}}
appearance Appearance{material Material{diffuseColor 0.16 0.16 0.16
transparency 0}}}
Shape { geometry IndexedFaceSet 
{ creaseAngle 1.00 coordIndex [0,1,2,-1,2,1,3,-1,4,5,6,-1,6,5,0,-1,0,5,1,-1,3,7,8,-1,8,7,9,-1,1,7,3,-1,10,11,12,-1,12,11,13,-1,13,11,4,-1,4,11,5,-1,9,14,15,-1,15,14,16,-1,16,14,17,-1,7,14,9,-1,18,19,20,-1,20,19,10,-1,10,19,11,-1,17,21,22,-1,22,21,23,-1,14,21,17,-1,24,25,26,-1,26,25,18,-1,18,25,19,-1,21,27,23,-1,23,27,28,-1,28,27,29,-1,30,31,32,-1,32,31,24,-1,24,31,25,-1,29,33,34,-1,34,33,35,-1,35,33,36,-1,27,33,29,-1,37,38,39,-1,39,38,30,-1,30,38,31,-1,40,41,42,-1,42,41,37,-1,37,41,38,-1,40,43,41,-1,44,43,45,-1,45,43,46,-1,46,43,40,-1,47,48,49,-1,49,48,44,-1,44,48,43,-1,50,51,47,-1,47,51,48,-1,50,52,51,-1,52,53,51,-1,33,54,36,-1,36,54,55,-1,55,54,56,-1,56,54,57,-1,57,54,58,-1,52,59,53,-1,54,60,58,-1,58,60,61,-1,61,60,62,-1,53,63,64,-1,59,63,53,-1,60,65,62,-1,62,65,66,-1,66,65,67,-1,65,68,67,-1,67,68,69,-1,69,68,70,-1,70,68,71,-1,63,72,64,-1,71,73,74,-1,68,73,71,-1,72,75,64,-1,73,76,74,-1,73,77,76,-1,64,78,79,-1,75,78,64,-1,77,80,76,-1,78,81,79,-1,77,82,80,-1,83,82,77,-1,81,84,79,-1,79,84,85,-1,83,86,82,-1,84,87,85,-1,88,89,83,-1,83,89,86,-1,87,90,85,-1,85,90,91,-1,88,92,89,-1,90,93,91,-1,88,94,92,-1,93,95,91,-1,95,96,91,-1,97,98,88,-1,88,98,94,-1,97,99,98,-1,100,101,97,-1,97,101,99,-1,100,102,101,-1,103,104,100,-1,100,104,102,-1,91,105,106,-1,96,105,91,-1,103,107,104,-1,105,108,106,-1,109,110,103,-1,103,110,107,-1,108,111,106,-1,109,112,110,-1,111,113,106,-1,106,113,114,-1,115,116,109,-1,109,116,112,-1,113,117,114,-1,115,118,116,-1,117,119,114,-1,114,119,120,-1,121,122,115,-1,115,122,118,-1,119,123,120,-1,121,124,122,-1,120,125,126,-1,123,125,120,-1,121,127,124,-1,125,128,126,-1,129,130,121,-1,121,130,127,-1,128,131,126,-1,129,132,130,-1,126,133,134,-1,131,133,126,-1,135,136,129,-1,129,136,132,-1,133,137,134,-1,135,138,136,-1,134,139,135,-1,135,139,138,-1,137,139,134,-1]
coord Coordinate { point [2.4256 0.57956 -0.003937,2.66186 0.752411 -0.003937,2.44783 0.552475 -0.003937,2.47178 0.526902 -0.003937,2.38669 0.637794 -0.003937,2.63979 0.778245 -0.003937,2.40519 0.60804 -0.003937,2.68769 0.730345 -0.003937,2.49735 0.502951 -0.003937,2.52444 0.480723 -0.003937,2.34337 0.733401 -0.003937,2.62204 0.807214 -0.003937,2.35571 0.700609 -0.003937,2.37017 0.668694 -0.003937,2.71666 0.712593 -0.003937,2.55292 0.460315 -0.003937,2.58267 0.441812 -0.003937,2.61357 0.425296 -0.003937,2.32524 0.801052 -0.003937,2.60904 0.838603 -0.003937,2.3332 0.76693 -0.003937,2.74805 0.699592 -0.003937,2.64549 0.410835 -0.003937,2.67828 0.398493 -0.003937,2.3161 0.870491 -0.003937,2.60111 0.87164 -0.003937,2.31954 0.835622 -0.003937,2.78108 0.69166 -0.003937,2.71181 0.388322 -0.003937,2.74593 0.380366 -0.003937,2.3161 0.940529 -0.003937,2.59844 0.90551 -0.003937,2.31496 0.90551 -0.003937,2.81496 0.688995 -0.003937,2.7805 0.374659 -0.003937,2.81537 0.371224 -0.003937,2.85039 0.370078 -0.003937,2.32524 1.00997 -0.003937,2.60111 0.93938 -0.003937,2.31954 0.975398 -0.003937,2.34337 1.07762 -0.003937,2.60904 0.972417 -0.003937,2.3332 1.04409 -0.003937,2.62204 1.00381 -0.003937,2.38669 1.17323 -0.003937,2.37017 1.14233 -0.003937,2.35571 1.11041 -0.003937,2.4256 1.23146 -0.003937,2.63979 1.03277 -0.003937,2.40519 1.20298 -0.003937,2.44783 1.25854 -0.003937,2.66186 1.05861 -0.003937,2.47178 1.28412 -0.003937,2.68769 1.08067 -0.003937,3.09054 0.688995 -0.003937,3.05511 0.370078 -0.003937,3.09013 0.371224 -0.003937,3.125 0.374659 -0.003937,3.15957 0.380366 -0.003937,2.49735 1.30807 -0.003937,3.12442 0.69166 -0.003937,3.19369 0.388322 -0.003937,3.22722 0.398493 -0.003937,2.52444 1.3303 -0.003937,2.71666 1.09843 -0.003937,3.15745 0.699592 -0.003937,3.26001 0.410835 -0.003937,3.29193 0.425296 -0.003937,3.18884 0.712593 -0.003937,3.32283 0.441812 -0.003937,3.35258 0.460315 -0.003937,3.38106 0.480723 -0.003937,2.55292 1.35071 -0.003937,3.21781 0.730345 -0.003937,3.40815 0.502951 -0.003937,2.58267 1.36921 -0.003937,3.43372 0.526902 -0.003937,3.24364 0.752411 -0.003937,2.61357 1.38572 -0.003937,2.74805 1.11143 -0.003937,3.45767 0.552475 -0.003937,2.64549 1.40018 -0.003937,3.4799 0.57956 -0.003937,3.26571 0.778245 -0.003937,2.67828 1.41253 -0.003937,2.78108 1.11936 -0.003937,3.50031 0.60804 -0.003937,2.71181 1.4227 -0.003937,3.28346 0.807214 -0.003937,3.51881 0.637794 -0.003937,2.74593 1.43065 -0.003937,2.81496 1.12203 -0.003937,3.53533 0.668694 -0.003937,2.7805 1.43636 -0.003937,3.54979 0.700609 -0.003937,2.81537 1.4398 -0.003937,2.85039 1.44094 -0.003937,3.29646 0.838603 -0.003937,3.56213 0.733401 -0.003937,3.5723 0.76693 -0.003937,3.30439 0.87164 -0.003937,3.58026 0.801052 -0.003937,3.58596 0.835622 -0.003937,3.30706 0.90551 -0.003937,3.5894 0.870491 -0.003937,3.05511 1.44094 -0.003937,3.09054 1.12203 -0.003937,3.59054 0.90551 -0.003937,3.09013 1.4398 -0.003937,3.30439 0.93938 -0.003937,3.5894 0.940529 -0.003937,3.125 1.43636 -0.003937,3.58596 0.975398 -0.003937,3.15957 1.43065 -0.003937,3.12442 1.11936 -0.003937,3.29646 0.972417 -0.003937,3.58026 1.00997 -0.003937,3.19369 1.4227 -0.003937,3.5723 1.04409 -0.003937,3.22722 1.41253 -0.003937,3.15745 1.11143 -0.003937,3.28346 1.00381 -0.003937,3.56213 1.07762 -0.003937,3.26001 1.40018 -0.003937,3.54979 1.11041 -0.003937,3.29193 1.38572 -0.003937,3.18884 1.09843 -0.003937,3.53533 1.14233 -0.003937,3.32283 1.36921 -0.003937,3.26571 1.03277 -0.003937,3.51881 1.17323 -0.003937,3.35258 1.35071 -0.003937,3.50031 1.20298 -0.003937,3.38106 1.3303 -0.003937,3.21781 1.08067 -0.003937,3.24364 1.05861 -0.003937,3.4799 1.23146 -0.003937,3.40815 1.30807 -0.003937,3.45767 1.25854 -0.003937,3.43372 1.28412 -0.003937]
}}
appearance Appearance{material Material{diffuseColor 0.16 0.16 0.16
transparency 0}}}
Shape { geometry IndexedFaceSet 
{ creaseAngle 1.00 coordIndex [0,1,2,-1,0,2,3,-1,4,5,6,-1,4,6,1,-1,4,1,0,-1,7,3,8,-1,7,8,9,-1,7,0,3,-1,10,11,12,-1,10,12,13,-1,10,13,5,-1,10,5,4,-1,14,9,15,-1,14,15,16,-1,14,16,17,-1,14,7,9,-1,18,19,20,-1,18,20,11,-1,18,11,10,-1,21,17,22,-1,21,22,23,-1,21,14,17,-1,24,25,26,-1,24,26,19,-1,24,19,18,-1,27,21,23,-1,27,23,28,-1,27,28,29,-1,30,31,32,-1,30,32,25,-1,30,25,24,-1,33,29,34,-1,33,34,35,-1,33,35,36,-1,33,27,29,-1,37,38,39,-1,37,39,31,-1,37,31,30,-1,40,41,42,-1,40,42,38,-1,40,38,37,-1,43,41,40,-1,43,44,45,-1,43,45,46,-1,43,46,41,-1,47,48,49,-1,47,49,44,-1,47,44,43,-1,50,51,48,-1,50,48,47,-1,52,51,50,-1,53,52,50,-1,54,33,36,-1,54,36,55,-1,54,55,56,-1,54,56,57,-1,54,57,58,-1,59,52,53,-1,60,54,58,-1,60,58,61,-1,60,61,62,-1,63,53,64,-1,63,59,53,-1,65,60,62,-1,65,62,66,-1,65,66,67,-1,68,65,67,-1,68,67,69,-1,68,69,70,-1,68,70,71,-1,72,63,64,-1,73,71,74,-1,73,68,71,-1,75,72,64,-1,76,73,74,-1,77,73,76,-1,78,64,79,-1,78,75,64,-1,80,77,76,-1,81,78,79,-1,82,77,80,-1,82,83,77,-1,84,81,79,-1,84,79,85,-1,86,83,82,-1,87,84,85,-1,88,89,83,-1,88,83,86,-1,90,87,85,-1,90,85,91,-1,92,89,88,-1,93,90,91,-1,94,89,92,-1,95,93,91,-1,96,95,91,-1,97,98,89,-1,97,89,94,-1,99,98,97,-1,100,101,98,-1,100,98,99,-1,102,101,100,-1,103,104,101,-1,103,101,102,-1,105,91,106,-1,105,96,91,-1,107,104,103,-1,108,105,106,-1,109,110,104,-1,109,104,107,-1,111,108,106,-1,112,110,109,-1,113,111,106,-1,113,106,114,-1,115,116,110,-1,115,110,112,-1,117,113,114,-1,118,116,115,-1,119,117,114,-1,119,114,120,-1,121,122,116,-1,121,116,118,-1,123,119,120,-1,124,122,121,-1,125,120,126,-1,125,123,120,-1,127,122,124,-1,128,125,126,-1,129,130,122,-1,129,122,127,-1,131,128,126,-1,132,130,129,-1,133,126,134,-1,133,131,126,-1,135,136,130,-1,135,130,132,-1,137,133,134,-1,138,136,135,-1,139,134,136,-1,139,136,138,-1,139,137,134,-1]
coord Coordinate { point [2.66186 0.752411 0,2.4256 0.57956 0,2.44783 0.552475 0,2.47178 0.526902 0,2.63979 0.778245 0,2.38669 0.637794 0,2.40519 0.60804 0,2.68769 0.730345 0,2.49735 0.502951 0,2.52444 0.480723 0,2.62204 0.807214 0,2.34337 0.733401 0,2.35571 0.700609 0,2.37017 0.668694 0,2.71666 0.712593 0,2.55292 0.460315 0,2.58267 0.441812 0,2.61357 0.425296 0,2.60904 0.838603 0,2.32524 0.801052 0,2.3332 0.76693 0,2.74805 0.699592 0,2.64549 0.410835 0,2.67828 0.398493 0,2.60111 0.87164 0,2.3161 0.870491 0,2.31954 0.835622 0,2.78108 0.69166 0,2.71181 0.388322 0,2.74593 0.380366 0,2.59844 0.90551 0,2.3161 0.940529 0,2.31496 0.90551 0,2.81496 0.688995 0,2.7805 0.374659 0,2.81537 0.371224 0,2.85039 0.370078 0,2.60111 0.93938 0,2.32524 1.00997 0,2.31954 0.975398 0,2.60904 0.972417 0,2.34337 1.07762 0,2.3332 1.04409 0,2.62204 1.00381 0,2.38669 1.17323 0,2.37017 1.14233 0,2.35571 1.11041 0,2.63979 1.03277 0,2.4256 1.23146 0,2.40519 1.20298 0,2.66186 1.05861 0,2.44783 1.25854 0,2.47178 1.28412 0,2.68769 1.08067 0,3.09054 0.688995 0,3.05511 0.370078 0,3.09013 0.371224 0,3.125 0.374659 0,3.15957 0.380366 0,2.49735 1.30807 0,3.12442 0.69166 0,3.19369 0.388322 0,3.22722 0.398493 0,2.52444 1.3303 0,2.71666 1.09843 0,3.15745 0.699592 0,3.26001 0.410835 0,3.29193 0.425296 0,3.18884 0.712593 0,3.32283 0.441812 0,3.35258 0.460315 0,3.38106 0.480723 0,2.55292 1.35071 0,3.21781 0.730345 0,3.40815 0.502951 0,2.58267 1.36921 0,3.43372 0.526902 0,3.24364 0.752411 0,2.61357 1.38572 0,2.74805 1.11143 0,3.45767 0.552475 0,2.64549 1.40018 0,3.4799 0.57956 0,3.26571 0.778245 0,2.67828 1.41253 0,2.78108 1.11936 0,3.50031 0.60804 0,2.71181 1.4227 0,3.51881 0.637794 0,3.28346 0.807214 0,2.74593 1.43065 0,2.81496 1.12203 0,3.53533 0.668694 0,2.7805 1.43636 0,3.54979 0.700609 0,2.81537 1.4398 0,2.85039 1.44094 0,3.56213 0.733401 0,3.29646 0.838603 0,3.5723 0.76693 0,3.58026 0.801052 0,3.30439 0.87164 0,3.58596 0.835622 0,3.5894 0.870491 0,3.30706 0.90551 0,3.05511 1.44094 0,3.09054 1.12203 0,3.59054 0.90551 0,3.09013 1.4398 0,3.5894 0.940529 0,3.30439 0.93938 0,3.125 1.43636 0,3.58596 0.975398 0,3.15957 1.43065 0,3.12442 1.11936 0,3.58026 1.00997 0,3.29646 0.972417 0,3.19369 1.4227 0,3.5723 1.04409 0,3.22722 1.41253 0,3.15745 1.11143 0,3.56213 1.07762 0,3.28346 1.00381 0,3.26001 1.40018 0,3.54979 1.11041 0,3.29193 1.38572 0,3.18884 1.09843 0,3.53533 1.14233 0,3.32283 1.36921 0,3.51881 1.17323 0,3.26571 1.03277 0,3.35258 1.35071 0,3.50031 1.20298 0,3.38106 1.3303 0,3.21781 1.08067 0,3.4799 1.23146 0,3.24364 1.05861 0,3.40815 1.30807 0,3.45767 1.25854 0,3.43372 1.28412 0]
}}
appearance Appearance{material Material{diffuseColor 0.16 0.16 0.16
transparency 0}}}
Shape { geometry IndexedFaceSet 
{ creaseAngle 1.00 coordIndex [0,1,2,-1,2,1,3,-1,3,4,5,-1,1,4,3,-1,5,6,7,-1,4,6,5,-1,7,8,9,-1,6,8,7,-1,9,10,11,-1,8,10,9,-1,11,12,13,-1,10,12,11,-1,13,14,15,-1,12,14,13,-1,15,16,17,-1,14,16,15,-1,17,18,19,-1,16,18,17,-1,19,20,21,-1,18,20,19,-1,21,22,23,-1,20,22,21,-1,23,24,25,-1,22,24,23,-1,25,26,27,-1,24,26,25,-1,27,28,29,-1,26,28,27,-1,29,30,31,-1,28,30,29,-1,31,32,33,-1,30,32,31,-1,33,34,35,-1,32,34,33,-1,34,36,35,-1,35,36,37,-1,36,38,37,-1,37,38,39,-1,38,40,39,-1,39,40,41,-1,40,42,41,-1,41,42,43,-1,42,44,43,-1,43,44,45,-1,45,46,47,-1,44,46,45,-1,47,48,49,-1,46,48,47,-1,49,50,51,-1,48,50,49,-1,51,52,53,-1,50,52,51,-1,53,54,55,-1,52,54,53,-1,55,56,57,-1,54,56,55,-1,57,58,59,-1,56,58,57,-1,59,60,61,-1,58,60,59,-1,61,62,63,-1,60,62,61,-1,63,64,65,-1,62,64,63,-1,65,66,67,-1,64,66,65,-1,67,68,69,-1,66,68,67,-1,69,70,71,-1,71,70,72,-1,68,70,69,-1,70,73,72,-1,72,74,75,-1,73,74,72,-1,75,76,77,-1,74,76,75,-1,77,78,79,-1,79,78,80,-1,76,78,77,-1,78,81,80,-1,80,82,83,-1,81,82,80,-1,83,84,85,-1,82,84,83,-1,84,86,85,-1,85,86,87,-1,86,88,87,-1,87,88,89,-1,89,88,90,-1,88,91,90,-1,91,92,90,-1,90,92,93,-1,92,94,93,-1,93,94,95,-1,94,96,95,-1,95,96,97,-1,96,98,97,-1,97,98,99,-1,98,100,99,-1,99,100,101,-1,101,100,102,-1,100,103,102,-1,103,104,102,-1,102,104,105,-1,104,106,105,-1,105,106,107,-1,106,108,107,-1,107,108,109,-1,108,110,109,-1,109,110,111,-1,110,112,111,-1,111,112,113,-1,113,112,114,-1,112,115,114,-1,114,116,117,-1,115,116,114,-1,117,118,119,-1,116,118,117,-1,119,120,121,-1,118,120,119,-1,121,122,123,-1,120,122,121,-1,123,124,125,-1,122,124,123,-1,125,0,2,-1,124,0,125,-1]
coord Coordinate { point [3.93385e-17 -1.61417 -0.62992,-0.0352799 -1.61593 -0.62992,3.93385e-17 -1.61417 -0.625983,-0.0352799 -1.61593 -0.625983,-0.0702091 -1.6212 -0.62992,-0.0702091 -1.6212 -0.625983,-0.104441 -1.62991 -0.62992,-0.104441 -1.62991 -0.625983,-0.137634 -1.64199 -0.62992,-0.137634 -1.64199 -0.625983,-0.16946 -1.65732 -0.62992,-0.16946 -1.65732 -0.625983,-0.199601 -1.67574 -0.62992,-0.199601 -1.67574 -0.625983,-0.227759 -1.69707 -0.62992,-0.227759 -1.69707 -0.625983,-0.253653 -1.72109 -0.62992,-0.253653 -1.72109 -0.625983,-0.277026 -1.74758 -0.62992,-0.277026 -1.74758 -0.625983,-0.297646 -1.77626 -0.62992,-0.297646 -1.77626 -0.625983,-0.315308 -1.80685 -0.62992,-0.315308 -1.80685 -0.625983,-0.329836 -1.83905 -0.62992,-0.329836 -1.83905 -0.625983,-0.341087 -1.87253 -0.62992,-0.341087 -1.87253 -0.625983,-0.348947 -1.90697 -0.62992,-0.348947 -1.90697 -0.625983,-0.353339 -1.94202 -0.62992,-0.353339 -1.94202 -0.625983,-0.35422 -1.97733 -0.62992,-0.35422 -1.97733 -0.625983,-0.35158 -2.01256 -0.62992,-0.35158 -2.01256 -0.625983,-0.345446 -2.04735 -0.62992,-0.345446 -2.04735 -0.625983,-0.335879 -2.08135 -0.62992,-0.335879 -2.08135 -0.625983,-0.322974 -2.11423 -0.62992,-0.322974 -2.11423 -0.625983,-0.306859 -2.14566 -0.62992,-0.306859 -2.14566 -0.625983,-0.287694 -2.17534 -0.62992,-0.287694 -2.17534 -0.625983,-0.26567 -2.20296 -0.62992,-0.26567 -2.20296 -0.625983,-0.241006 -2.22824 -0.62992,-0.241006 -2.22824 -0.625983,-0.213946 -2.25095 -0.62992,-0.213946 -2.25095 -0.625983,-0.18476 -2.27085 -0.62992,-0.18476 -2.27085 -0.625983,-0.153738 -2.28774 -0.62992,-0.153738 -2.28774 -0.625983,-0.121188 -2.30146 -0.62992,-0.121188 -2.30146 -0.625983,-0.0874335 -2.31187 -0.62992,-0.0874335 -2.31187 -0.625983,-0.0528101 -2.31887 -0.62992,-0.0528101 -2.31887 -0.625983,-0.0176619 -2.32239 -0.62992,-0.0176619 -2.32239 -0.625983,0.0176619 -2.32239 -0.62992,0.0176619 -2.32239 -0.625983,0.0528101 -2.31887 -0.62992,0.0528101 -2.31887 -0.625983,0.0874335 -2.31187 -0.62992,0.0874335 -2.31187 -0.625983,0.121188 -2.30146 -0.62992,0.121188 -2.30146 -0.625983,0.153738 -2.28774 -0.625983,0.153738 -2.28774 -0.62992,0.18476 -2.27085 -0.62992,0.18476 -2.27085 -0.625983,0.213946 -2.25095 -0.62992,0.213946 -2.25095 -0.625983,0.241006 -2.22824 -0.62992,0.241006 -2.22824 -0.625983,0.26567 -2.20296 -0.625983,0.26567 -2.20296 -0.62992,0.287694 -2.17534 -0.62992,0.287694 -2.17534 -0.625983,0.306859 -2.14567 -0.62992,0.306859 -2.14567 -0.625983,0.322974 -2.11423 -0.62992,0.322974 -2.11423 -0.625983,0.335879 -2.08135 -0.62992,0.335879 -2.08135 -0.625983,0.345446 -2.04735 -0.625983,0.345446 -2.04735 -0.62992,0.35158 -2.01256 -0.62992,0.35158 -2.01256 -0.625983,0.35422 -1.97733 -0.62992,0.35422 -1.97733 -0.625983,0.353339 -1.94202 -0.62992,0.353339 -1.94202 -0.625983,0.348947 -1.90697 -0.62992,0.348947 -1.90697 -0.625983,0.341087 -1.87253 -0.62992,0.341087 -1.87253 -0.625983,0.329836 -1.83905 -0.625983,0.329836 -1.83905 -0.62992,0.315308 -1.80685 -0.62992,0.315308 -1.80685 -0.625983,0.297646 -1.77626 -0.62992,0.297646 -1.77626 -0.625983,0.277026 -1.74758 -0.62992,0.277026 -1.74758 -0.625983,0.253653 -1.72109 -0.62992,0.253653 -1.72109 -0.625983,0.227759 -1.69707 -0.62992,0.227759 -1.69707 -0.625983,0.199601 -1.67574 -0.625983,0.199601 -1.67574 -0.62992,0.16946 -1.65732 -0.62992,0.16946 -1.65732 -0.625983,0.137634 -1.64199 -0.62992,0.137634 -1.64199 -0.625983,0.104441 -1.62991 -0.62992,0.104441 -1.62991 -0.625983,0.0702091 -1.6212 -0.62992,0.0702091 -1.6212 -0.625983,0.0352799 -1.61593 -0.62992,0.0352799 -1.61593 -0.625983]
}}
appearance Appearance{material Material{diffuseColor 0.16 0.16 0.16
transparency 0}}}
Shape { geometry IndexedFaceSet 
{ creaseAngle 1.00 coordIndex [0,1,2,-1,2,1,3,-1,3,4,5,-1,1,4,3,-1,5,6,7,-1,4,6,5,-1,7,8,9,-1,6,8,7,-1,9,10,11,-1,8,10,9,-1,11,12,13,-1,10,12,11,-1,13,14,15,-1,12,14,13,-1,15,16,17,-1,14,16,15,-1,17,18,19,-1,16,18,17,-1,19,20,21,-1,18,20,19,-1,21,22,23,-1,20,22,21,-1,23,24,25,-1,22,24,23,-1,25,26,27,-1,24,26,25,-1,27,28,29,-1,26,28,27,-1,28,30,29,-1,29,30,31,-1,30,32,31,-1,31,32,33,-1,32,34,33,-1,33,34,35,-1,34,36,35,-1,35,36,37,-1]
coord Coordinate { point [-2.52357e-17 -1.77167 -0.62992,0.0341792 -1.77466 -0.62992,-2.52357e-17 -1.77167 -0.625983,0.0341792 -1.77466 -0.625983,0.0673199 -1.78354 -0.62992,0.0673199 -1.78354 -0.625983,0.0984152 -1.79804 -0.62992,0.0984152 -1.79804 -0.625983,0.12652 -1.81772 -0.62992,0.12652 -1.81772 -0.625983,0.150781 -1.84198 -0.62992,0.150781 -1.84198 -0.625983,0.17046 -1.87008 -0.62992,0.17046 -1.87008 -0.625983,0.18496 -1.90118 -0.62992,0.18496 -1.90118 -0.625983,0.19384 -1.93432 -0.62992,0.19384 -1.93432 -0.625983,0.19683 -1.9685 -0.62992,0.19683 -1.9685 -0.625983,0.19384 -2.00268 -0.62992,0.19384 -2.00268 -0.625983,0.18496 -2.03582 -0.62992,0.18496 -2.03582 -0.625983,0.17046 -2.06692 -0.62992,0.17046 -2.06692 -0.625983,0.150781 -2.09502 -0.62992,0.150781 -2.09502 -0.625983,0.12652 -2.11928 -0.62992,0.12652 -2.11928 -0.625983,0.0984152 -2.13896 -0.62992,0.0984152 -2.13896 -0.625983,0.0673199 -2.15346 -0.62992,0.0673199 -2.15346 -0.625983,0.0341792 -2.16234 -0.62992,0.0341792 -2.16234 -0.625983,-2.52357e-17 -2.16533 -0.62992,-2.52357e-17 -2.16533 -0.625983]
}}
appearance Appearance{material Material{diffuseColor 0.16 0.16 0.16
transparency 0}}}
Shape { geometry IndexedFaceSet 
{ creaseAngle 1.00 coordIndex [0,1,2,-1,2,1,3,-1,3,4,5,-1,1,4,3,-1,5,6,7,-1,4,6,5,-1,7,8,9,-1,6,8,7,-1,9,10,11,-1,8,10,9,-1,11,12,13,-1,10,12,11,-1,13,14,15,-1,12,14,13,-1,15,16,17,-1,14,16,15,-1,17,18,19,-1,16,18,17,-1,19,20,21,-1,18,20,19,-1,21,22,23,-1,20,22,21,-1,23,24,25,-1,22,24,23,-1,25,26,27,-1,24,26,25,-1,27,28,29,-1,26,28,27,-1,28,30,29,-1,29,30,31,-1,30,32,31,-1,31,32,33,-1,32,34,33,-1,33,34,35,-1,34,36,35,-1,35,36,37,-1]
coord Coordinate { point [-2.52357e-17 -2.16533 -0.62992,-0.0341792 -2.16234 -0.62992,-2.52357e-17 -2.16533 -0.625983,-0.0341792 -2.16234 -0.625983,-0.0673199 -2.15346 -0.62992,-0.0673199 -2.15346 -0.625983,-0.0984152 -2.13896 -0.62992,-0.0984152 -2.13896 -0.625983,-0.12652 -2.11928 -0.62992,-0.12652 -2.11928 -0.625983,-0.150781 -2.09502 -0.62992,-0.150781 -2.09502 -0.625983,-0.17046 -2.06692 -0.62992,-0.17046 -2.06692 -0.625983,-0.18496 -2.03582 -0.62992,-0.18496 -2.03582 -0.625983,-0.19384 -2.00268 -0.62992,-0.19384 -2.00268 -0.625983,-0.19683 -1.9685 -0.62992,-0.19683 -1.9685 -0.625983,-0.19384 -1.93432 -0.62992,-0.19384 -1.93432 -0.625983,-0.18496 -1.90118 -0.62992,-0.18496 -1.90118 -0.625983,-0.17046 -1.87008 -0.62992,-0.17046 -1.87008 -0.625983,-0.150781 -1.84198 -0.62992,-0.150781 -1.84198 -0.625983,-0.12652 -1.81772 -0.62992,-0.12652 -1.81772 -0.625983,-0.0984152 -1.79804 -0.62992,-0.0984152 -1.79804 -0.625983,-0.0673199 -1.78354 -0.62992,-0.0673199 -1.78354 -0.625983,-0.0341792 -1.77466 -0.62992,-0.0341792 -1.77466 -0.625983,-2.52357e-17 -1.77167 -0.62992,-2.52357e-17 -1.77167 -0.625983]
}}
appearance Appearance{material Material{diffuseColor 0.16 0.16 0.16
transparency 0}}}
Shape { geometry IndexedFaceSet 
{ creaseAngle 1.00 coordIndex [0,1,2,-1,2,1,3,-1,3,4,5,-1,1,4,3,-1,6,7,8,-1,8,7,0,-1,0,7,1,-1,5,9,10,-1,10,9,11,-1,4,9,5,-1,6,12,7,-1,13,12,14,-1,14,12,6,-1,11,15,16,-1,16,15,17,-1,9,15,11,-1,18,19,13,-1,13,19,12,-1,17,20,21,-1,21,20,22,-1,15,20,17,-1,23,24,25,-1,25,24,18,-1,18,24,19,-1,20,26,22,-1,22,26,27,-1,28,29,30,-1,30,29,23,-1,23,29,24,-1,27,31,32,-1,32,31,33,-1,26,31,27,-1,34,35,36,-1,36,35,28,-1,28,35,29,-1,33,37,38,-1,38,37,39,-1,31,37,33,-1,40,41,34,-1,34,41,35,-1,39,42,43,-1,37,42,39,-1,42,44,43,-1,45,46,40,-1,40,46,41,-1,42,47,44,-1,47,48,44,-1,45,49,46,-1,49,50,46,-1,47,51,48,-1,51,52,48,-1,49,53,50,-1,51,54,52,-1,55,54,51,-1,53,56,50,-1,50,56,57,-1,55,58,54,-1,56,59,57,-1,55,60,58,-1,61,60,55,-1,59,62,57,-1,57,62,63,-1,61,64,60,-1,62,65,63,-1,63,65,66,-1,61,67,64,-1,68,67,61,-1,65,69,66,-1,68,70,67,-1,71,70,68,-1,69,72,66,-1,66,72,73,-1,71,74,70,-1,72,75,73,-1,71,76,74,-1,77,76,71,-1,75,78,73,-1,73,78,79,-1,77,80,76,-1,78,81,79,-1,82,83,77,-1,77,83,80,-1,79,84,85,-1,81,84,79,-1,82,86,83,-1,85,87,88,-1,84,87,85,-1,89,90,82,-1,82,90,86,-1,87,91,88,-1,92,93,89,-1,89,93,90,-1,88,94,95,-1,91,94,88,-1,92,96,93,-1,94,97,95,-1,95,98,92,-1,92,98,96,-1,97,98,95,-1]
coord Coordinate { point [-0.287694 -2.17534 -0.62992,-0.150781 -2.09502 -0.62992,-0.26567 -2.20296 -0.62992,-0.241006 -2.22824 -0.62992,-0.12652 -2.11928 -0.62992,-0.213946 -2.25095 -0.62992,-0.322974 -2.11423 -0.62992,-0.17046 -2.06692 -0.62992,-0.306859 -2.14566 -0.62992,-0.0984152 -2.13896 -0.62992,-0.18476 -2.27085 -0.62992,-0.153738 -2.28774 -0.62992,-0.18496 -2.03582 -0.62992,-0.345446 -2.04735 -0.62992,-0.335879 -2.08135 -0.62992,-0.0673199 -2.15346 -0.62992,-0.121188 -2.30146 -0.62992,-0.0874335 -2.31187 -0.62992,-0.35158 -2.01256 -0.62992,-0.19384 -2.00268 -0.62992,-0.0341792 -2.16234 -0.62992,-0.0528101 -2.31887 -0.62992,-0.0176619 -2.32239 -0.62992,-0.353339 -1.94202 -0.62992,-0.19683 -1.9685 -0.62992,-0.35422 -1.97733 -0.62992,-2.52357e-17 -2.16533 -0.62992,0.0176619 -2.32239 -0.62992,-0.341087 -1.87253 -0.62992,-0.19384 -1.93432 -0.62992,-0.348947 -1.90697 -0.62992,0.0341792 -2.16234 -0.62992,0.0528101 -2.31887 -0.62992,0.0874335 -2.31187 -0.62992,-0.315308 -1.80685 -0.62992,-0.18496 -1.90118 -0.62992,-0.329836 -1.83905 -0.62992,0.0673199 -2.15346 -0.62992,0.121188 -2.30146 -0.62992,0.153738 -2.28774 -0.62992,-0.297646 -1.77626 -0.62992,-0.17046 -1.87008 -0.62992,0.0984152 -2.13896 -0.62992,0.18476 -2.27085 -0.62992,0.213946 -2.25095 -0.62992,-0.277026 -1.74758 -0.62992,-0.150781 -1.84198 -0.62992,0.12652 -2.11928 -0.62992,0.241006 -2.22824 -0.62992,-0.253653 -1.72109 -0.62992,-0.12652 -1.81772 -0.62992,0.150781 -2.09502 -0.62992,0.26567 -2.20296 -0.62992,-0.227759 -1.69707 -0.62992,0.287694 -2.17534 -0.62992,0.17046 -2.06692 -0.62992,-0.199601 -1.67574 -0.62992,-0.0984152 -1.79804 -0.62992,0.306859 -2.14567 -0.62992,-0.16946 -1.65732 -0.62992,0.322974 -2.11423 -0.62992,0.18496 -2.03582 -0.62992,-0.137634 -1.64199 -0.62992,-0.0673199 -1.78354 -0.62992,0.335879 -2.08135 -0.62992,-0.104441 -1.62991 -0.62992,-0.0341792 -1.77466 -0.62992,0.345446 -2.04735 -0.62992,0.19384 -2.00268 -0.62992,-0.0702091 -1.6212 -0.62992,0.35158 -2.01256 -0.62992,0.19683 -1.9685 -0.62992,-0.0352799 -1.61593 -0.62992,-2.52357e-17 -1.77167 -0.62992,0.35422 -1.97733 -0.62992,3.93385e-17 -1.61417 -0.62992,0.353339 -1.94202 -0.62992,0.19384 -1.93432 -0.62992,0.0352799 -1.61593 -0.62992,0.0341792 -1.77466 -0.62992,0.348947 -1.90697 -0.62992,0.0702091 -1.6212 -0.62992,0.18496 -1.90118 -0.62992,0.341087 -1.87253 -0.62992,0.104441 -1.62991 -0.62992,0.0673199 -1.78354 -0.62992,0.329836 -1.83905 -0.62992,0.137634 -1.64199 -0.62992,0.0984152 -1.79804 -0.62992,0.17046 -1.87008 -0.62992,0.315308 -1.80685 -0.62992,0.16946 -1.65732 -0.62992,0.150781 -1.84198 -0.62992,0.297646 -1.77626 -0.62992,0.199601 -1.67574 -0.62992,0.12652 -1.81772 -0.62992,0.277026 -1.74758 -0.62992,0.227759 -1.69707 -0.62992,0.253653 -1.72109 -0.62992]
}}
appearance Appearance{material Material{diffuseColor 0.16 0.16 0.16
transparency 0}}}
Shape { geometry IndexedFaceSet 
{ creaseAngle 1.00 coordIndex [0,1,2,-1,0,2,3,-1,4,3,5,-1,4,0,3,-1,6,7,8,-1,6,8,1,-1,6,1,0,-1,9,5,10,-1,9,10,11,-1,9,4,5,-1,12,7,6,-1,12,13,14,-1,12,14,7,-1,15,11,16,-1,15,16,17,-1,15,9,11,-1,18,19,13,-1,18,13,12,-1,20,17,21,-1,20,21,22,-1,20,15,17,-1,23,24,25,-1,23,25,19,-1,23,19,18,-1,26,20,22,-1,26,22,27,-1,28,29,30,-1,28,30,24,-1,28,24,23,-1,31,27,32,-1,31,32,33,-1,31,26,27,-1,34,35,36,-1,34,36,29,-1,34,29,28,-1,37,33,38,-1,37,38,39,-1,37,31,33,-1,40,41,35,-1,40,35,34,-1,42,39,43,-1,42,37,39,-1,44,42,43,-1,45,46,41,-1,45,41,40,-1,47,42,44,-1,48,47,44,-1,49,46,45,-1,50,49,45,-1,51,47,48,-1,52,51,48,-1,53,49,50,-1,54,51,52,-1,54,55,51,-1,56,53,50,-1,56,50,57,-1,58,55,54,-1,59,56,57,-1,60,55,58,-1,60,61,55,-1,62,59,57,-1,62,57,63,-1,64,61,60,-1,65,62,63,-1,65,63,66,-1,67,61,64,-1,67,68,61,-1,69,65,66,-1,70,68,67,-1,70,71,68,-1,72,69,66,-1,72,66,73,-1,74,71,70,-1,75,72,73,-1,76,71,74,-1,76,77,71,-1,78,75,73,-1,78,73,79,-1,80,77,76,-1,81,78,79,-1,82,83,77,-1,82,77,80,-1,84,79,85,-1,84,81,79,-1,86,83,82,-1,87,85,88,-1,87,84,85,-1,89,90,83,-1,89,83,86,-1,91,87,88,-1,92,93,90,-1,92,90,89,-1,94,88,95,-1,94,91,88,-1,96,93,92,-1,97,94,95,-1,98,95,93,-1,98,93,96,-1,98,97,95,-1]
coord Coordinate { point [-0.150781 -2.09502 -0.625983,-0.287694 -2.17534 -0.625983,-0.26567 -2.20296 -0.625983,-0.241006 -2.22824 -0.625983,-0.12652 -2.11928 -0.625983,-0.213946 -2.25095 -0.625983,-0.17046 -2.06692 -0.625983,-0.322974 -2.11423 -0.625983,-0.306859 -2.14566 -0.625983,-0.0984152 -2.13896 -0.625983,-0.18476 -2.27085 -0.625983,-0.153738 -2.28774 -0.625983,-0.18496 -2.03582 -0.625983,-0.345446 -2.04735 -0.625983,-0.335879 -2.08135 -0.625983,-0.0673199 -2.15346 -0.625983,-0.121188 -2.30146 -0.625983,-0.0874335 -2.31187 -0.625983,-0.19384 -2.00268 -0.625983,-0.35158 -2.01256 -0.625983,-0.0341792 -2.16234 -0.625983,-0.0528101 -2.31887 -0.625983,-0.0176619 -2.32239 -0.625983,-0.19683 -1.9685 -0.625983,-0.353339 -1.94202 -0.625983,-0.35422 -1.97733 -0.625983,-2.52357e-17 -2.16533 -0.625983,0.0176619 -2.32239 -0.625983,-0.19384 -1.93432 -0.625983,-0.341087 -1.87253 -0.625983,-0.348947 -1.90697 -0.625983,0.0341792 -2.16234 -0.625983,0.0528101 -2.31887 -0.625983,0.0874335 -2.31187 -0.625983,-0.18496 -1.90118 -0.625983,-0.315308 -1.80685 -0.625983,-0.329836 -1.83905 -0.625983,0.0673199 -2.15346 -0.625983,0.121188 -2.30146 -0.625983,0.153738 -2.28774 -0.625983,-0.17046 -1.87008 -0.625983,-0.297646 -1.77626 -0.625983,0.0984152 -2.13896 -0.625983,0.18476 -2.27085 -0.625983,0.213946 -2.25095 -0.625983,-0.150781 -1.84198 -0.625983,-0.277026 -1.74758 -0.625983,0.12652 -2.11928 -0.625983,0.241006 -2.22824 -0.625983,-0.253653 -1.72109 -0.625983,-0.12652 -1.81772 -0.625983,0.150781 -2.09502 -0.625983,0.26567 -2.20296 -0.625983,-0.227759 -1.69707 -0.625983,0.287694 -2.17534 -0.625983,0.17046 -2.06692 -0.625983,-0.199601 -1.67574 -0.625983,-0.0984152 -1.79804 -0.625983,0.306859 -2.14567 -0.625983,-0.16946 -1.65732 -0.625983,0.322974 -2.11423 -0.625983,0.18496 -2.03582 -0.625983,-0.137634 -1.64199 -0.625983,-0.0673199 -1.78354 -0.625983,0.335879 -2.08135 -0.625983,-0.104441 -1.62991 -0.625983,-0.0341792 -1.77466 -0.625983,0.345446 -2.04735 -0.625983,0.19384 -2.00268 -0.625983,-0.0702091 -1.6212 -0.625983,0.35158 -2.01256 -0.625983,0.19683 -1.9685 -0.625983,-0.0352799 -1.61593 -0.625983,-2.52357e-17 -1.77167 -0.625983,0.35422 -1.97733 -0.625983,3.93385e-17 -1.61417 -0.625983,0.353339 -1.94202 -0.625983,0.19384 -1.93432 -0.625983,0.0352799 -1.61593 -0.625983,0.0341792 -1.77466 -0.625983,0.348947 -1.90697 -0.625983,0.0702091 -1.6212 -0.625983,0.341087 -1.87253 -0.625983,0.18496 -1.90118 -0.625983,0.104441 -1.62991 -0.625983,0.0673199 -1.78354 -0.625983,0.329836 -1.83905 -0.625983,0.137634 -1.64199 -0.625983,0.0984152 -1.79804 -0.625983,0.315308 -1.80685 -0.625983,0.17046 -1.87008 -0.625983,0.16946 -1.65732 -0.625983,0.297646 -1.77626 -0.625983,0.150781 -1.84198 -0.625983,0.199601 -1.67574 -0.625983,0.12652 -1.81772 -0.625983,0.277026 -1.74758 -0.625983,0.227759 -1.69707 -0.625983,0.253653 -1.72109 -0.625983]
}}
appearance Appearance{material Material{diffuseColor 0.16 0.16 0.16
transparency 0}}}
Shape { geometry IndexedFaceSet 
{ creaseAngle 1.00 coordIndex [0,1,2,-1,2,1,3,-1,3,4,5,-1,1,4,3,-1,5,6,7,-1,4,6,5,-1,7,8,9,-1,6,8,7,-1,9,10,11,-1,8,10,9,-1,11,12,13,-1,10,12,11,-1,13,14,15,-1,12,14,13,-1,15,16,17,-1,14,16,15,-1,17,18,19,-1,16,18,17,-1,19,20,21,-1,18,20,19,-1,21,22,23,-1,20,22,21,-1,23,24,25,-1,22,24,23,-1,25,26,27,-1,24,26,25,-1,27,28,29,-1,26,28,27,-1,29,30,31,-1,28,30,29,-1,31,32,33,-1,30,32,31,-1,33,34,35,-1,32,34,33,-1,34,36,35,-1,35,36,37,-1,36,38,37,-1,37,38,39,-1,38,40,39,-1,39,40,41,-1,40,42,41,-1,41,42,43,-1,42,44,43,-1,43,44,45,-1,45,46,47,-1,44,46,45,-1,47,48,49,-1,46,48,47,-1,49,50,51,-1,48,50,49,-1,51,52,53,-1,50,52,51,-1,53,54,55,-1,52,54,53,-1,55,56,57,-1,54,56,55,-1,57,58,59,-1,56,58,57,-1,59,60,61,-1,58,60,59,-1,61,62,63,-1,60,62,61,-1,63,64,65,-1,62,64,63,-1,65,66,67,-1,64,66,65,-1,67,68,69,-1,66,68,67,-1,69,70,71,-1,71,70,72,-1,68,70,69,-1,70,73,72,-1,72,74,75,-1,73,74,72,-1,75,76,77,-1,74,76,75,-1,77,78,79,-1,79,78,80,-1,76,78,77,-1,78,81,80,-1,80,82,83,-1,81,82,80,-1,83,84,85,-1,82,84,83,-1,84,86,85,-1,85,86,87,-1,86,88,87,-1,87,88,89,-1,89,88,90,-1,88,91,90,-1,91,92,90,-1,90,92,93,-1,92,94,93,-1,93,94,95,-1,94,96,95,-1,95,96,97,-1,96,98,97,-1,97,98,99,-1,98,100,99,-1,99,100,101,-1,101,100,102,-1,100,103,102,-1,103,104,102,-1,102,104,105,-1,104,106,105,-1,105,106,107,-1,106,108,107,-1,107,108,109,-1,108,110,109,-1,109,110,111,-1,110,112,111,-1,111,112,113,-1,113,112,114,-1,112,115,114,-1,114,116,117,-1,115,116,114,-1,117,118,119,-1,116,118,117,-1,119,120,121,-1,118,120,119,-1,121,122,123,-1,120,122,121,-1,123,124,125,-1,122,124,123,-1,125,0,2,-1,124,0,125,-1]
coord Coordinate { point [3.93385e-17 -0.62992 -0.62992,-0.0352799 -0.631681 -0.62992,3.93385e-17 -0.62992 -0.625983,-0.0352799 -0.631681 -0.625983,-0.0702091 -0.636945 -0.62992,-0.0702091 -0.636945 -0.625983,-0.104441 -0.645662 -0.62992,-0.104441 -0.645662 -0.625983,-0.137634 -0.657743 -0.62992,-0.137634 -0.657743 -0.625983,-0.16946 -0.67307 -0.62992,-0.16946 -0.67307 -0.625983,-0.199601 -0.691489 -0.62992,-0.199601 -0.691489 -0.625983,-0.227759 -0.712817 -0.62992,-0.227759 -0.712817 -0.625983,-0.253653 -0.736844 -0.62992,-0.253653 -0.736844 -0.625983,-0.277026 -0.763329 -0.62992,-0.277026 -0.763329 -0.625983,-0.297646 -0.79201 -0.62992,-0.297646 -0.79201 -0.625983,-0.315308 -0.822601 -0.62992,-0.315308 -0.822601 -0.625983,-0.329836 -0.854799 -0.62992,-0.329836 -0.854799 -0.625983,-0.341087 -0.888283 -0.62992,-0.341087 -0.888283 -0.625983,-0.348947 -0.922721 -0.62992,-0.348947 -0.922721 -0.625983,-0.353339 -0.957771 -0.62992,-0.353339 -0.957771 -0.625983,-0.35422 -0.993084 -0.62992,-0.35422 -0.993084 -0.625983,-0.35158 -1.02831 -0.62992,-0.35158 -1.02831 -0.625983,-0.345446 -1.0631 -0.62992,-0.345446 -1.0631 -0.625983,-0.335879 -1.0971 -0.62992,-0.335879 -1.0971 -0.625983,-0.322974 -1.12998 -0.62992,-0.322974 -1.12998 -0.625983,-0.306859 -1.16141 -0.62992,-0.306859 -1.16141 -0.625983,-0.287694 -1.19109 -0.62992,-0.287694 -1.19109 -0.625983,-0.26567 -1.21871 -0.62992,-0.26567 -1.21871 -0.625983,-0.241006 -1.24399 -0.62992,-0.241006 -1.24399 -0.625983,-0.213946 -1.2667 -0.62992,-0.213946 -1.2667 -0.625983,-0.18476 -1.2866 -0.62992,-0.18476 -1.2866 -0.625983,-0.153738 -1.30349 -0.62992,-0.153738 -1.30349 -0.625983,-0.121188 -1.31721 -0.62992,-0.121188 -1.31721 -0.625983,-0.0874335 -1.32762 -0.62992,-0.0874335 -1.32762 -0.625983,-0.0528101 -1.33462 -0.62992,-0.0528101 -1.33462 -0.625983,-0.0176619 -1.33814 -0.62992,-0.0176619 -1.33814 -0.625983,0.0176619 -1.33814 -0.62992,0.0176619 -1.33814 -0.625983,0.0528101 -1.33462 -0.62992,0.0528101 -1.33462 -0.625983,0.0874335 -1.32762 -0.62992,0.0874335 -1.32762 -0.625983,0.121188 -1.31721 -0.62992,0.121188 -1.31721 -0.625983,0.153738 -1.30349 -0.625983,0.153738 -1.30349 -0.62992,0.18476 -1.2866 -0.62992,0.18476 -1.2866 -0.625983,0.213946 -1.2667 -0.62992,0.213946 -1.2667 -0.625983,0.241006 -1.24399 -0.62992,0.241006 -1.24399 -0.625983,0.26567 -1.21871 -0.625983,0.26567 -1.21871 -0.62992,0.287694 -1.19109 -0.62992,0.287694 -1.19109 -0.625983,0.306859 -1.16142 -0.62992,0.306859 -1.16142 -0.625983,0.322974 -1.12998 -0.62992,0.322974 -1.12998 -0.625983,0.335879 -1.0971 -0.62992,0.335879 -1.0971 -0.625983,0.345446 -1.0631 -0.625983,0.345446 -1.0631 -0.62992,0.35158 -1.02831 -0.62992,0.35158 -1.02831 -0.625983,0.35422 -0.993084 -0.62992,0.35422 -0.993084 -0.625983,0.353339 -0.957771 -0.62992,0.353339 -0.957771 -0.625983,0.348947 -0.922721 -0.62992,0.348947 -0.922721 -0.625983,0.341087 -0.888283 -0.62992,0.341087 -0.888283 -0.625983,0.329836 -0.854799 -0.625983,0.329836 -0.854799 -0.62992,0.315308 -0.822601 -0.62992,0.315308 -0.822601 -0.625983,0.297646 -0.79201 -0.62992,0.297646 -0.79201 -0.625983,0.277026 -0.763329 -0.62992,0.277026 -0.763329 -0.625983,0.253653 -0.736844 -0.62992,0.253653 -0.736844 -0.625983,0.227759 -0.712817 -0.62992,0.227759 -0.712817 -0.625983,0.199601 -0.691489 -0.625983,0.199601 -0.691489 -0.62992,0.16946 -0.67307 -0.62992,0.16946 -0.67307 -0.625983,0.137634 -0.657743 -0.62992,0.137634 -0.657743 -0.625983,0.104441 -0.645662 -0.62992,0.104441 -0.645662 -0.625983,0.0702091 -0.636945 -0.62992,0.0702091 -0.636945 -0.625983,0.0352799 -0.631681 -0.62992,0.0352799 -0.631681 -0.625983]
}}
appearance Appearance{material Material{diffuseColor 0.16 0.16 0.16
transparency 0}}}
Shape { geometry IndexedFaceSet 
{ creaseAngle 1.00 coordIndex [0,1,2,-1,2,1,3,-1,3,4,5,-1,1,4,3,-1,5,6,7,-1,4,6,5,-1,7,8,9,-1,6,8,7,-1,9,10,11,-1,8,10,9,-1,11,12,13,-1,10,12,11,-1,13,14,15,-1,12,14,13,-1,15,16,17,-1,14,16,15,-1,17,18,19,-1,16,18,17,-1,19,20,21,-1,18,20,19,-1,21,22,23,-1,20,22,21,-1,23,24,25,-1,22,24,23,-1,25,26,27,-1,24,26,25,-1,27,28,29,-1,26,28,27,-1,28,30,29,-1,29,30,31,-1,30,32,31,-1,31,32,33,-1,32,34,33,-1,33,34,35,-1,34,36,35,-1,35,36,37,-1]
coord Coordinate { point [-2.52357e-17 -0.78742 -0.62992,0.0341792 -0.79041 -0.62992,-2.52357e-17 -0.78742 -0.625983,0.0341792 -0.79041 -0.625983,0.0673199 -0.79929 -0.62992,0.0673199 -0.79929 -0.625983,0.0984152 -0.81379 -0.62992,0.0984152 -0.81379 -0.625983,0.12652 -0.833469 -0.62992,0.12652 -0.833469 -0.625983,0.150781 -0.85773 -0.62992,0.150781 -0.85773 -0.625983,0.17046 -0.885835 -0.62992,0.17046 -0.885835 -0.625983,0.18496 -0.91693 -0.62992,0.18496 -0.91693 -0.625983,0.19384 -0.950071 -0.62992,0.19384 -0.950071 -0.625983,0.19683 -0.98425 -0.62992,0.19683 -0.98425 -0.625983,0.19384 -1.01843 -0.62992,0.19384 -1.01843 -0.625983,0.18496 -1.05157 -0.62992,0.18496 -1.05157 -0.625983,0.17046 -1.08267 -0.62992,0.17046 -1.08267 -0.625983,0.150781 -1.11077 -0.62992,0.150781 -1.11077 -0.625983,0.12652 -1.13503 -0.62992,0.12652 -1.13503 -0.625983,0.0984152 -1.15471 -0.62992,0.0984152 -1.15471 -0.625983,0.0673199 -1.16921 -0.62992,0.0673199 -1.16921 -0.625983,0.0341792 -1.17809 -0.62992,0.0341792 -1.17809 -0.625983,-2.52357e-17 -1.18108 -0.62992,-2.52357e-17 -1.18108 -0.625983]
}}
appearance Appearance{material Material{diffuseColor 0.16 0.16 0.16
transparency 0}}}
Shape { geometry IndexedFaceSet 
{ creaseAngle 1.00 coordIndex [0,1,2,-1,2,1,3,-1,3,4,5,-1,1,4,3,-1,5,6,7,-1,4,6,5,-1,7,8,9,-1,6,8,7,-1,9,10,11,-1,8,10,9,-1,11,12,13,-1,10,12,11,-1,13,14,15,-1,12,14,13,-1,15,16,17,-1,14,16,15,-1,17,18,19,-1,16,18,17,-1,19,20,21,-1,18,20,19,-1,21,22,23,-1,20,22,21,-1,23,24,25,-1,22,24,23,-1,25,26,27,-1,24,26,25,-1,27,28,29,-1,26,28,27,-1,28,30,29,-1,29,30,31,-1,30,32,31,-1,31,32,33,-1,32,34,33,-1,33,34,35,-1,34,36,35,-1,35,36,37,-1]
coord Coordinate { point [-2.52357e-17 -1.18108 -0.62992,-0.0341792 -1.17809 -0.62992,-2.52357e-17 -1.18108 -0.625983,-0.0341792 -1.17809 -0.625983,-0.0673199 -1.16921 -0.62992,-0.0673199 -1.16921 -0.625983,-0.0984152 -1.15471 -0.62992,-0.0984152 -1.15471 -0.625983,-0.12652 -1.13503 -0.62992,-0.12652 -1.13503 -0.625983,-0.150781 -1.11077 -0.62992,-0.150781 -1.11077 -0.625983,-0.17046 -1.08267 -0.62992,-0.17046 -1.08267 -0.625983,-0.18496 -1.05157 -0.62992,-0.18496 -1.05157 -0.625983,-0.19384 -1.01843 -0.62992,-0.19384 -1.01843 -0.625983,-0.19683 -0.98425 -0.62992,-0.19683 -0.98425 -0.625983,-0.19384 -0.950071 -0.62992,-0.19384 -0.950071 -0.625983,-0.18496 -0.91693 -0.62992,-0.18496 -0.91693 -0.625983,-0.17046 -0.885835 -0.62992,-0.17046 -0.885835 -0.625983,-0.150781 -0.85773 -0.62992,-0.150781 -0.85773 -0.625983,-0.12652 -0.833469 -0.62992,-0.12652 -0.833469 -0.625983,-0.0984152 -0.81379 -0.62992,-0.0984152 -0.81379 -0.625983,-0.0673199 -0.79929 -0.62992,-0.0673199 -0.79929 -0.625983,-0.0341792 -0.79041 -0.62992,-0.0341792 -0.79041 -0.625983,-2.52357e-17 -0.78742 -0.62992,-2.52357e-17 -0.78742 -0.625983]
}}
appearance Appearance{material Material{diffuseColor 0.16 0.16 0.16
transparency 0}}}
Shape { geometry IndexedFaceSet 
{ creaseAngle 1.00 coordIndex [0,1,2,-1,2,1,3,-1,3,4,5,-1,1,4,3,-1,6,7,8,-1,8,7,0,-1,0,7,1,-1,5,9,10,-1,10,9,11,-1,4,9,5,-1,12,13,14,-1,14,13,6,-1,6,13,7,-1,11,15,16,-1,16,15,17,-1,9,15,11,-1,12,18,13,-1,19,18,12,-1,17,20,21,-1,21,20,22,-1,15,20,17,-1,23,24,25,-1,25,24,19,-1,19,24,18,-1,22,26,27,-1,20,26,22,-1,28,29,30,-1,30,29,23,-1,23,29,24,-1,27,31,32,-1,32,31,33,-1,26,31,27,-1,34,35,36,-1,36,35,28,-1,28,35,29,-1,33,37,38,-1,38,37,39,-1,31,37,33,-1,40,41,34,-1,34,41,35,-1,37,42,39,-1,39,42,43,-1,42,44,43,-1,45,46,40,-1,40,46,41,-1,42,47,44,-1,47,48,44,-1,45,49,46,-1,49,50,46,-1,47,51,48,-1,51,52,48,-1,49,53,50,-1,51,54,52,-1,55,54,51,-1,53,56,50,-1,50,56,57,-1,55,58,54,-1,56,59,57,-1,55,60,58,-1,61,60,55,-1,59,62,57,-1,57,62,63,-1,61,64,60,-1,62,65,63,-1,63,65,66,-1,61,67,64,-1,68,67,61,-1,65,69,66,-1,68,70,67,-1,71,70,68,-1,69,72,66,-1,66,72,73,-1,71,74,70,-1,72,75,73,-1,71,76,74,-1,77,76,71,-1,75,78,73,-1,73,78,79,-1,77,80,76,-1,78,81,79,-1,82,83,77,-1,77,83,80,-1,79,84,85,-1,81,84,79,-1,82,86,83,-1,85,87,88,-1,84,87,85,-1,89,90,82,-1,82,90,86,-1,87,91,88,-1,92,93,89,-1,89,93,90,-1,88,94,95,-1,91,94,88,-1,92,96,93,-1,94,97,95,-1,95,98,92,-1,92,98,96,-1,97,98,95,-1]
coord Coordinate { point [-0.287694 -1.19109 -0.62992,-0.150781 -1.11077 -0.62992,-0.26567 -1.21871 -0.62992,-0.241006 -1.24399 -0.62992,-0.12652 -1.13503 -0.62992,-0.213946 -1.2667 -0.62992,-0.322974 -1.12998 -0.62992,-0.17046 -1.08267 -0.62992,-0.306859 -1.16141 -0.62992,-0.0984152 -1.15471 -0.62992,-0.18476 -1.2866 -0.62992,-0.153738 -1.30349 -0.62992,-0.345446 -1.0631 -0.62992,-0.18496 -1.05157 -0.62992,-0.335879 -1.0971 -0.62992,-0.0673199 -1.16921 -0.62992,-0.121188 -1.31721 -0.62992,-0.0874335 -1.32762 -0.62992,-0.19384 -1.01843 -0.62992,-0.35158 -1.02831 -0.62992,-0.0341792 -1.17809 -0.62992,-0.0528101 -1.33462 -0.62992,-0.0176619 -1.33814 -0.62992,-0.353339 -0.957771 -0.62992,-0.19683 -0.98425 -0.62992,-0.35422 -0.993084 -0.62992,-2.52357e-17 -1.18108 -0.62992,0.0176619 -1.33814 -0.62992,-0.341087 -0.888283 -0.62992,-0.19384 -0.950071 -0.62992,-0.348947 -0.922721 -0.62992,0.0341792 -1.17809 -0.62992,0.0528101 -1.33462 -0.62992,0.0874335 -1.32762 -0.62992,-0.315308 -0.822601 -0.62992,-0.18496 -0.91693 -0.62992,-0.329836 -0.854799 -0.62992,0.0673199 -1.16921 -0.62992,0.121188 -1.31721 -0.62992,0.153738 -1.30349 -0.62992,-0.297646 -0.79201 -0.62992,-0.17046 -0.885835 -0.62992,0.0984152 -1.15471 -0.62992,0.18476 -1.2866 -0.62992,0.213946 -1.2667 -0.62992,-0.277026 -0.763329 -0.62992,-0.150781 -0.85773 -0.62992,0.12652 -1.13503 -0.62992,0.241006 -1.24399 -0.62992,-0.253653 -0.736844 -0.62992,-0.12652 -0.833469 -0.62992,0.150781 -1.11077 -0.62992,0.26567 -1.21871 -0.62992,-0.227759 -0.712817 -0.62992,0.287694 -1.19109 -0.62992,0.17046 -1.08267 -0.62992,-0.199601 -0.691489 -0.62992,-0.0984152 -0.81379 -0.62992,0.306859 -1.16142 -0.62992,-0.16946 -0.67307 -0.62992,0.322974 -1.12998 -0.62992,0.18496 -1.05157 -0.62992,-0.137634 -0.657743 -0.62992,-0.0673199 -0.79929 -0.62992,0.335879 -1.0971 -0.62992,-0.104441 -0.645662 -0.62992,-0.0341792 -0.79041 -0.62992,0.345446 -1.0631 -0.62992,0.19384 -1.01843 -0.62992,-0.0702091 -0.636945 -0.62992,0.35158 -1.02831 -0.62992,0.19683 -0.98425 -0.62992,-0.0352799 -0.631681 -0.62992,-2.52357e-17 -0.78742 -0.62992,0.35422 -0.993084 -0.62992,3.93385e-17 -0.62992 -0.62992,0.353339 -0.957771 -0.62992,0.19384 -0.950071 -0.62992,0.0352799 -0.631681 -0.62992,0.0341792 -0.79041 -0.62992,0.348947 -0.922721 -0.62992,0.0702091 -0.636945 -0.62992,0.18496 -0.91693 -0.62992,0.341087 -0.888283 -0.62992,0.104441 -0.645662 -0.62992,0.0673199 -0.79929 -0.62992,0.329836 -0.854799 -0.62992,0.137634 -0.657743 -0.62992,0.0984152 -0.81379 -0.62992,0.17046 -0.885835 -0.62992,0.315308 -0.822601 -0.62992,0.16946 -0.67307 -0.62992,0.150781 -0.85773 -0.62992,0.297646 -0.79201 -0.62992,0.199601 -0.691489 -0.62992,0.12652 -0.833469 -0.62992,0.277026 -0.763329 -0.62992,0.227759 -0.712817 -0.62992,0.253653 -0.736844 -0.62992]
}}
appearance Appearance{material Material{diffuseColor 0.16 0.16 0.16
transparency 0}}}
Shape { geometry IndexedFaceSet 
{ creaseAngle 1.00 coordIndex [0,1,2,-1,0,2,3,-1,4,3,5,-1,4,0,3,-1,6,7,8,-1,6,8,1,-1,6,1,0,-1,9,5,10,-1,9,10,11,-1,9,4,5,-1,12,13,14,-1,12,14,7,-1,12,7,6,-1,15,11,16,-1,15,16,17,-1,15,9,11,-1,18,13,12,-1,18,19,13,-1,20,17,21,-1,20,21,22,-1,20,15,17,-1,23,24,25,-1,23,25,19,-1,23,19,18,-1,26,22,27,-1,26,20,22,-1,28,29,30,-1,28,30,24,-1,28,24,23,-1,31,27,32,-1,31,32,33,-1,31,26,27,-1,34,35,36,-1,34,36,29,-1,34,29,28,-1,37,33,38,-1,37,38,39,-1,37,31,33,-1,40,41,35,-1,40,35,34,-1,42,37,39,-1,42,39,43,-1,44,42,43,-1,45,46,41,-1,45,41,40,-1,47,42,44,-1,48,47,44,-1,49,46,45,-1,50,49,45,-1,51,47,48,-1,52,51,48,-1,53,49,50,-1,54,51,52,-1,54,55,51,-1,56,53,50,-1,56,50,57,-1,58,55,54,-1,59,56,57,-1,60,55,58,-1,60,61,55,-1,62,59,57,-1,62,57,63,-1,64,61,60,-1,65,62,63,-1,65,63,66,-1,67,61,64,-1,67,68,61,-1,69,65,66,-1,70,68,67,-1,70,71,68,-1,72,69,66,-1,72,66,73,-1,74,71,70,-1,75,72,73,-1,76,71,74,-1,76,77,71,-1,78,75,73,-1,78,73,79,-1,80,77,76,-1,81,78,79,-1,82,83,77,-1,82,77,80,-1,84,79,85,-1,84,81,79,-1,86,83,82,-1,87,85,88,-1,87,84,85,-1,89,90,83,-1,89,83,86,-1,91,87,88,-1,92,93,90,-1,92,90,89,-1,94,88,95,-1,94,91,88,-1,96,93,92,-1,97,94,95,-1,98,95,93,-1,98,93,96,-1,98,97,95,-1]
coord Coordinate { point [-0.150781 -1.11077 -0.625983,-0.287694 -1.19109 -0.625983,-0.26567 -1.21871 -0.625983,-0.241006 -1.24399 -0.625983,-0.12652 -1.13503 -0.625983,-0.213946 -1.2667 -0.625983,-0.17046 -1.08267 -0.625983,-0.322974 -1.12998 -0.625983,-0.306859 -1.16141 -0.625983,-0.0984152 -1.15471 -0.625983,-0.18476 -1.2866 -0.625983,-0.153738 -1.30349 -0.625983,-0.18496 -1.05157 -0.625983,-0.345446 -1.0631 -0.625983,-0.335879 -1.0971 -0.625983,-0.0673199 -1.16921 -0.625983,-0.121188 -1.31721 -0.625983,-0.0874335 -1.32762 -0.625983,-0.19384 -1.01843 -0.625983,-0.35158 -1.02831 -0.625983,-0.0341792 -1.17809 -0.625983,-0.0528101 -1.33462 -0.625983,-0.0176619 -1.33814 -0.625983,-0.19683 -0.98425 -0.625983,-0.353339 -0.957771 -0.625983,-0.35422 -0.993084 -0.625983,-2.52357e-17 -1.18108 -0.625983,0.0176619 -1.33814 -0.625983,-0.19384 -0.950071 -0.625983,-0.341087 -0.888283 -0.625983,-0.348947 -0.922721 -0.625983,0.0341792 -1.17809 -0.625983,0.0528101 -1.33462 -0.625983,0.0874335 -1.32762 -0.625983,-0.18496 -0.91693 -0.625983,-0.315308 -0.822601 -0.625983,-0.329836 -0.854799 -0.625983,0.0673199 -1.16921 -0.625983,0.121188 -1.31721 -0.625983,0.153738 -1.30349 -0.625983,-0.17046 -0.885835 -0.625983,-0.297646 -0.79201 -0.625983,0.0984152 -1.15471 -0.625983,0.18476 -1.2866 -0.625983,0.213946 -1.2667 -0.625983,-0.150781 -0.85773 -0.625983,-0.277026 -0.763329 -0.625983,0.12652 -1.13503 -0.625983,0.241006 -1.24399 -0.625983,-0.253653 -0.736844 -0.625983,-0.12652 -0.833469 -0.625983,0.150781 -1.11077 -0.625983,0.26567 -1.21871 -0.625983,-0.227759 -0.712817 -0.625983,0.287694 -1.19109 -0.625983,0.17046 -1.08267 -0.625983,-0.199601 -0.691489 -0.625983,-0.0984152 -0.81379 -0.625983,0.306859 -1.16142 -0.625983,-0.16946 -0.67307 -0.625983,0.322974 -1.12998 -0.625983,0.18496 -1.05157 -0.625983,-0.137634 -0.657743 -0.625983,-0.0673199 -0.79929 -0.625983,0.335879 -1.0971 -0.625983,-0.104441 -0.645662 -0.625983,-0.0341792 -0.79041 -0.625983,0.345446 -1.0631 -0.625983,0.19384 -1.01843 -0.625983,-0.0702091 -0.636945 -0.625983,0.35158 -1.02831 -0.625983,0.19683 -0.98425 -0.625983,-0.0352799 -0.631681 -0.625983,-2.52357e-17 -0.78742 -0.625983,0.35422 -0.993084 -0.625983,3.93385e-17 -0.62992 -0.625983,0.353339 -0.957771 -0.625983,0.19384 -0.950071 -0.625983,0.0352799 -0.631681 -0.625983,0.0341792 -0.79041 -0.625983,0.348947 -0.922721 -0.625983,0.0702091 -0.636945 -0.625983,0.341087 -0.888283 -0.625983,0.18496 -0.91693 -0.625983,0.104441 -0.645662 -0.625983,0.0673199 -0.79929 -0.625983,0.329836 -0.854799 -0.625983,0.137634 -0.657743 -0.625983,0.0984152 -0.81379 -0.625983,0.315308 -0.822601 -0.625983,0.17046 -0.885835 -0.625983,0.16946 -0.67307 -0.625983,0.297646 -0.79201 -0.625983,0.150781 -0.85773 -0.625983,0.199601 -0.691489 -0.625983,0.12652 -0.833469 -0.625983,0.277026 -0.763329 -0.625983,0.227759 -0.712817 -0.625983,0.253653 -0.736844 -0.625983]
}}
appearance Appearance{material Material{diffuseColor 0.16 0.16 0.16
transparency 0}}}
Shape { geometry IndexedFaceSet 
{ creaseAngle 1.00 coordIndex [0,1,2,-1,2,1,3,-1]
coord Coordinate { point [0.35433 -0.35433 -0.62992,0.35433 0.35433 -0.62992,0.35433 -0.35433 -0.625983,0.35433 0.35433 -0.625983]
}}
appearance Appearance{material Material{diffuseColor 0.16 0.16 0.16
transparency 0}}}
Shape { geometry IndexedFaceSet 
{ creaseAngle 1.00 coordIndex [0,1,2,-1,2,1,3,-1]
coord Coordinate { point [-0.35433 -0.35433 -0.62992,0.35433 -0.35433 -0.62992,-0.35433 -0.35433 -0.625983,0.35433 -0.35433 -0.625983]
}}
appearance Appearance{material Material{diffuseColor 0.16 0.16 0.16
transparency 0}}}
Shape { geometry IndexedFaceSet 
{ creaseAngle 1.00 coordIndex [0,1,2,-1,2,1,3,-1]
coord Coordinate { point [0.35433 0.35433 -0.62992,-0.35433 0.35433 -0.62992,0.35433 0.35433 -0.625983,-0.35433 0.35433 -0.625983]
}}
appearance Appearance{material Material{diffuseColor 0.16 0.16 0.16
transparency 0}}}
Shape { geometry IndexedFaceSet 
{ creaseAngle 1.00 coordIndex [0,1,2,-1,2,1,3,-1]
coord Coordinate { point [-0.35433 0.35433 -0.62992,-0.35433 -0.35433 -0.62992,-0.35433 0.35433 -0.625983,-0.35433 -0.35433 -0.625983]
}}
appearance Appearance{material Material{diffuseColor 0.16 0.16 0.16
transparency 0}}}
Shape { geometry IndexedFaceSet 
{ creaseAngle 1.00 coordIndex [0,1,2,-1,2,1,3,-1,3,4,5,-1,1,4,3,-1,5,6,7,-1,4,6,5,-1,7,8,9,-1,6,8,7,-1,9,10,11,-1,8,10,9,-1,11,12,13,-1,10,12,11,-1,13,14,15,-1,12,14,13,-1,15,16,17,-1,14,16,15,-1,17,18,19,-1,16,18,17,-1,19,20,21,-1,18,20,19,-1,21,22,23,-1,20,22,21,-1,23,24,25,-1,22,24,23,-1,25,26,27,-1,24,26,25,-1,27,28,29,-1,26,28,27,-1,28,30,29,-1,29,30,31,-1,30,32,31,-1,31,32,33,-1,32,34,33,-1,33,34,35,-1,34,36,35,-1,35,36,37,-1]
coord Coordinate { point [-2.52357e-17 0.19683 -0.62992,0.0341792 0.19384 -0.62992,-2.52357e-17 0.19683 -0.625983,0.0341792 0.19384 -0.625983,0.0673199 0.18496 -0.62992,0.0673199 0.18496 -0.625983,0.0984152 0.17046 -0.62992,0.0984152 0.17046 -0.625983,0.12652 0.150781 -0.62992,0.12652 0.150781 -0.625983,0.150781 0.12652 -0.62992,0.150781 0.12652 -0.625983,0.17046 0.0984151 -0.62992,0.17046 0.0984151 -0.625983,0.18496 0.0673199 -0.62992,0.18496 0.0673199 -0.625983,0.19384 0.0341792 -0.62992,0.19384 0.0341792 -0.625983,0.19683 -1.9685e-08 -0.62992,0.19683 -1.9685e-08 -0.625983,0.19384 -0.0341792 -0.62992,0.19384 -0.0341792 -0.625983,0.18496 -0.0673199 -0.62992,0.18496 -0.0673199 -0.625983,0.17046 -0.0984152 -0.62992,0.17046 -0.0984152 -0.625983,0.150781 -0.12652 -0.62992,0.150781 -0.12652 -0.625983,0.12652 -0.150781 -0.62992,0.12652 -0.150781 -0.625983,0.0984152 -0.17046 -0.62992,0.0984152 -0.17046 -0.625983,0.0673199 -0.18496 -0.62992,0.0673199 -0.18496 -0.625983,0.0341792 -0.19384 -0.62992,0.0341792 -0.19384 -0.625983,-2.52357e-17 -0.19683 -0.62992,-2.52357e-17 -0.19683 -0.625983]
}}
appearance Appearance{material Material{diffuseColor 0.16 0.16 0.16
transparency 0}}}
Shape { geometry IndexedFaceSet 
{ creaseAngle 1.00 coordIndex [0,1,2,-1,2,1,3,-1,3,4,5,-1,1,4,3,-1,5,6,7,-1,4,6,5,-1,7,8,9,-1,6,8,7,-1,9,10,11,-1,8,10,9,-1,11,12,13,-1,10,12,11,-1,13,14,15,-1,12,14,13,-1,15,16,17,-1,14,16,15,-1,17,18,19,-1,16,18,17,-1,19,20,21,-1,18,20,19,-1,21,22,23,-1,20,22,21,-1,23,24,25,-1,22,24,23,-1,25,26,27,-1,24,26,25,-1,27,28,29,-1,26,28,27,-1,28,30,29,-1,29,30,31,-1,30,32,31,-1,31,32,33,-1,32,34,33,-1,33,34,35,-1,34,36,35,-1,35,36,37,-1]
coord Coordinate { point [-2.52357e-17 -0.19683 -0.62992,-0.0341792 -0.19384 -0.62992,-2.52357e-17 -0.19683 -0.625983,-0.0341792 -0.19384 -0.625983,-0.0673199 -0.18496 -0.62992,-0.0673199 -0.18496 -0.625983,-0.0984151 -0.17046 -0.62992,-0.0984151 -0.17046 -0.625983,-0.12652 -0.150781 -0.62992,-0.12652 -0.150781 -0.625983,-0.150781 -0.12652 -0.62992,-0.150781 -0.12652 -0.625983,-0.17046 -0.0984152 -0.62992,-0.17046 -0.0984152 -0.625983,-0.18496 -0.0673199 -0.62992,-0.18496 -0.0673199 -0.625983,-0.19384 -0.0341792 -0.62992,-0.19384 -0.0341792 -0.625983,-0.19683 -1.9685e-08 -0.62992,-0.19683 -1.9685e-08 -0.625983,-0.19384 0.0341792 -0.62992,-0.19384 0.0341792 -0.625983,-0.18496 0.0673199 -0.62992,-0.18496 0.0673199 -0.625983,-0.17046 0.0984151 -0.62992,-0.17046 0.0984151 -0.625983,-0.150781 0.12652 -0.62992,-0.150781 0.12652 -0.625983,-0.12652 0.150781 -0.62992,-0.12652 0.150781 -0.625983,-0.0984151 0.17046 -0.62992,-0.0984151 0.17046 -0.625983,-0.0673199 0.18496 -0.62992,-0.0673199 0.18496 -0.625983,-0.0341792 0.19384 -0.62992,-0.0341792 0.19384 -0.625983,-2.52357e-17 0.19683 -0.62992,-2.52357e-17 0.19683 -0.625983]
}}
appearance Appearance{material Material{diffuseColor 0.16 0.16 0.16
transparency 0}}}
Shape { geometry IndexedFaceSet 
{ creaseAngle 1.00 coordIndex [0,1,2,-1,2,3,0,-1,0,4,1,-1,3,5,0,-1,0,6,4,-1,5,7,0,-1,0,8,6,-1,7,9,0,-1,0,10,8,-1,11,12,13,-1,13,12,14,-1,14,12,15,-1,15,12,9,-1,9,12,0,-1,10,16,17,-1,17,16,18,-1,18,16,19,-1,19,16,20,-1,0,16,10,-1,16,21,20,-1,11,22,12,-1,16,23,21,-1,22,24,12,-1,16,25,23,-1,24,26,12,-1,16,27,25,-1,26,28,12,-1,16,29,27,-1,28,30,12,-1,29,31,32,-1,32,31,33,-1,33,31,34,-1,34,31,35,-1,35,31,36,-1,36,31,37,-1,37,31,38,-1,38,31,39,-1,39,31,30,-1,30,31,12,-1,16,31,29,-1]
coord Coordinate { point [-0.35433 -0.35433 -0.62992,-0.150781 -0.12652 -0.62992,-0.12652 -0.150781 -0.62992,-0.0984151 -0.17046 -0.62992,-0.17046 -0.0984152 -0.62992,-0.0673199 -0.18496 -0.62992,-0.18496 -0.0673199 -0.62992,-0.0341792 -0.19384 -0.62992,-0.19384 -0.0341792 -0.62992,-2.52357e-17 -0.19683 -0.62992,-0.19683 -1.9685e-08 -0.62992,0.12652 -0.150781 -0.62992,0.35433 -0.35433 -0.62992,0.0984152 -0.17046 -0.62992,0.0673199 -0.18496 -0.62992,0.0341792 -0.19384 -0.62992,-0.35433 0.35433 -0.62992,-0.19384 0.0341792 -0.62992,-0.18496 0.0673199 -0.62992,-0.17046 0.0984151 -0.62992,-0.150781 0.12652 -0.62992,-0.12652 0.150781 -0.62992,0.150781 -0.12652 -0.62992,-0.0984151 0.17046 -0.62992,0.17046 -0.0984152 -0.62992,-0.0673199 0.18496 -0.62992,0.18496 -0.0673199 -0.62992,-0.0341792 0.19384 -0.62992,0.19384 -0.0341792 -0.62992,-2.52357e-17 0.19683 -0.62992,0.19683 -1.9685e-08 -0.62992,0.35433 0.35433 -0.62992,0.0341792 0.19384 -0.62992,0.0673199 0.18496 -0.62992,0.0984152 0.17046 -0.62992,0.12652 0.150781 -0.62992,0.150781 0.12652 -0.62992,0.17046 0.0984151 -0.62992,0.18496 0.0673199 -0.62992,0.19384 0.0341792 -0.62992]
}}
appearance Appearance{material Material{diffuseColor 0.16 0.16 0.16
transparency 0}}}
Shape { geometry IndexedFaceSet 
{ creaseAngle 1.00 coordIndex [0,1,2,-1,3,2,1,-1,4,1,0,-1,5,3,1,-1,6,1,4,-1,7,5,1,-1,8,1,6,-1,9,7,1,-1,10,1,8,-1,11,12,13,-1,11,13,14,-1,11,14,15,-1,11,15,9,-1,11,9,1,-1,16,10,17,-1,16,17,18,-1,16,18,19,-1,16,19,20,-1,16,1,10,-1,21,16,20,-1,22,12,11,-1,23,16,21,-1,24,22,11,-1,25,16,23,-1,26,24,11,-1,27,16,25,-1,28,26,11,-1,29,16,27,-1,30,28,11,-1,31,29,32,-1,31,32,33,-1,31,33,34,-1,31,34,35,-1,31,35,36,-1,31,36,37,-1,31,37,38,-1,31,38,39,-1,31,39,30,-1,31,30,11,-1,31,16,29,-1]
coord Coordinate { point [-0.150781 -0.12652 -0.625983,-0.35433 -0.35433 -0.625983,-0.12652 -0.150781 -0.625983,-0.0984151 -0.17046 -0.625983,-0.17046 -0.0984152 -0.625983,-0.0673199 -0.18496 -0.625983,-0.18496 -0.0673199 -0.625983,-0.0341792 -0.19384 -0.625983,-0.19384 -0.0341792 -0.625983,-2.52357e-17 -0.19683 -0.625983,-0.19683 -1.9685e-08 -0.625983,0.35433 -0.35433 -0.625983,0.12652 -0.150781 -0.625983,0.0984152 -0.17046 -0.625983,0.0673199 -0.18496 -0.625983,0.0341792 -0.19384 -0.625983,-0.35433 0.35433 -0.625983,-0.19384 0.0341792 -0.625983,-0.18496 0.0673199 -0.625983,-0.17046 0.0984151 -0.625983,-0.150781 0.12652 -0.625983,-0.12652 0.150781 -0.625983,0.150781 -0.12652 -0.625983,-0.0984151 0.17046 -0.625983,0.17046 -0.0984152 -0.625983,-0.0673199 0.18496 -0.625983,0.18496 -0.0673199 -0.625983,-0.0341792 0.19384 -0.625983,0.19384 -0.0341792 -0.625983,-2.52357e-17 0.19683 -0.625983,0.19683 -1.9685e-08 -0.625983,0.35433 0.35433 -0.625983,0.0341792 0.19384 -0.625983,0.0673199 0.18496 -0.625983,0.0984152 0.17046 -0.625983,0.12652 0.150781 -0.625983,0.150781 0.12652 -0.625983,0.17046 0.0984151 -0.625983,0.18496 0.0673199 -0.625983,0.19384 0.0341792 -0.625983]
}}
appearance Appearance{material Material{diffuseColor 0.16 0.16 0.16
transparency 0}}}
Shape { geometry IndexedFaceSet 
{ creaseAngle 1.00 coordIndex [0,1,2,-1,2,1,3,-1,1,4,3,-1,3,4,5,-1,5,6,7,-1,4,6,5,-1,7,8,9,-1,6,8,7,-1,9,10,11,-1,8,10,9,-1,11,12,13,-1,10,12,11,-1,13,14,15,-1,12,14,13,-1,15,16,17,-1,14,16,15,-1,17,18,19,-1,16,18,17,-1,19,20,21,-1,18,20,19,-1,21,22,23,-1,20,22,21,-1,23,24,25,-1,22,24,23,-1,25,26,27,-1,24,26,25,-1,27,28,29,-1,26,28,27,-1,29,30,31,-1,28,30,29,-1,31,32,33,-1,30,32,31,-1,33,34,35,-1,32,34,33,-1,35,36,37,-1,34,36,35,-1,37,38,39,-1,36,38,37,-1,39,40,41,-1,38,40,39,-1,41,42,43,-1,40,42,41,-1,43,44,45,-1,42,44,43,-1,45,46,47,-1,44,46,45,-1,47,48,49,-1,46,48,47,-1,48,50,49,-1,49,50,51,-1,50,52,51,-1,51,52,53,-1,52,54,53,-1,53,54,55,-1,54,56,55,-1,55,56,57,-1,56,58,57,-1,57,58,59,-1,58,60,59,-1,59,60,61,-1,60,62,61,-1,61,62,63,-1,62,64,63,-1,63,64,65,-1,65,66,67,-1,64,66,65,-1,67,68,69,-1,66,68,67,-1,69,70,71,-1,68,70,69,-1,71,72,73,-1,70,72,71,-1,73,74,75,-1,72,74,73,-1,75,76,77,-1,74,76,75,-1,77,78,79,-1,76,78,77,-1,79,80,81,-1,78,80,79,-1,81,82,83,-1,80,82,81,-1,83,84,85,-1,82,84,83,-1,85,86,87,-1,84,86,85,-1,87,88,89,-1,86,88,87,-1,89,90,91,-1,88,90,89,-1,91,92,93,-1,90,92,91,-1,93,94,95,-1,92,94,93,-1,95,96,97,-1,94,96,95,-1]
coord Coordinate { point [2.85039 -2.33858 -0.62992,2.81537 -2.33972 -0.62992,2.85039 -2.33858 -0.625983,2.81537 -2.33972 -0.625983,2.7805 -2.34316 -0.62992,2.7805 -2.34316 -0.625983,2.74593 -2.34887 -0.62992,2.74593 -2.34887 -0.625983,2.71181 -2.35682 -0.62992,2.71181 -2.35682 -0.625983,2.67828 -2.36699 -0.62992,2.67828 -2.36699 -0.625983,2.64549 -2.37934 -0.62992,2.64549 -2.37934 -0.625983,2.61357 -2.3938 -0.62992,2.61357 -2.3938 -0.625983,2.58267 -2.41031 -0.62992,2.58267 -2.41031 -0.625983,2.55292 -2.42881 -0.62992,2.55292 -2.42881 -0.625983,2.52444 -2.44922 -0.62992,2.52444 -2.44922 -0.625983,2.49735 -2.47145 -0.62992,2.49735 -2.47145 -0.625983,2.47178 -2.4954 -0.62992,2.47178 -2.4954 -0.625983,2.44783 -2.52098 -0.62992,2.44783 -2.52098 -0.625983,2.4256 -2.54806 -0.62992,2.4256 -2.54806 -0.625983,2.40519 -2.57654 -0.62992,2.40519 -2.57654 -0.625983,2.38669 -2.60629 -0.62992,2.38669 -2.60629 -0.625983,2.37017 -2.63719 -0.62992,2.37017 -2.63719 -0.625983,2.35571 -2.66911 -0.62992,2.35571 -2.66911 -0.625983,2.34337 -2.7019 -0.62992,2.34337 -2.7019 -0.625983,2.3332 -2.73543 -0.62992,2.3332 -2.73543 -0.625983,2.32524 -2.76955 -0.62992,2.32524 -2.76955 -0.625983,2.31954 -2.80412 -0.62992,2.31954 -2.80412 -0.625983,2.3161 -2.83899 -0.62992,2.3161 -2.83899 -0.625983,2.31496 -2.87401 -0.62992,2.31496 -2.87401 -0.625983,2.3161 -2.90903 -0.62992,2.3161 -2.90903 -0.625983,2.31954 -2.9439 -0.62992,2.31954 -2.9439 -0.625983,2.32524 -2.97847 -0.62992,2.32524 -2.97847 -0.625983,2.3332 -3.01259 -0.62992,2.3332 -3.01259 -0.625983,2.34337 -3.04612 -0.62992,2.34337 -3.04612 -0.625983,2.35571 -3.07891 -0.62992,2.35571 -3.07891 -0.625983,2.37017 -3.11083 -0.62992,2.37017 -3.11083 -0.625983,2.38669 -3.14173 -0.62992,2.38669 -3.14173 -0.625983,2.40519 -3.17148 -0.62992,2.40519 -3.17148 -0.625983,2.4256 -3.19996 -0.62992,2.4256 -3.19996 -0.625983,2.44783 -3.22704 -0.62992,2.44783 -3.22704 -0.625983,2.47178 -3.25262 -0.62992,2.47178 -3.25262 -0.625983,2.49735 -3.27657 -0.62992,2.49735 -3.27657 -0.625983,2.52444 -3.2988 -0.62992,2.52444 -3.2988 -0.625983,2.55292 -3.31921 -0.62992,2.55292 -3.31921 -0.625983,2.58267 -3.33771 -0.62992,2.58267 -3.33771 -0.625983,2.61357 -3.35422 -0.62992,2.61357 -3.35422 -0.625983,2.64549 -3.36868 -0.62992,2.64549 -3.36868 -0.625983,2.67828 -3.38103 -0.62992,2.67828 -3.38103 -0.625983,2.71181 -3.3912 -0.62992,2.71181 -3.3912 -0.625983,2.74593 -3.39915 -0.62992,2.74593 -3.39915 -0.625983,2.7805 -3.40486 -0.62992,2.7805 -3.40486 -0.625983,2.81537 -3.4083 -0.62992,2.81537 -3.4083 -0.625983,2.85039 -3.40944 -0.62992,2.85039 -3.40944 -0.625983]
}}
appearance Appearance{material Material{diffuseColor 0.16 0.16 0.16
transparency 0}}}
Shape { geometry IndexedFaceSet 
{ creaseAngle 1.00 coordIndex [0,1,2,-1,2,1,3,-1]
coord Coordinate { point [3.05511 -2.33858 -0.62992,2.85039 -2.33858 -0.62992,3.05511 -2.33858 -0.625983,2.85039 -2.33858 -0.625983]
}}
appearance Appearance{material Material{diffuseColor 0.16 0.16 0.16
transparency 0}}}
Shape { geometry IndexedFaceSet 
{ creaseAngle 1.00 coordIndex [0,1,2,-1,2,1,3,-1]
coord Coordinate { point [2.85039 -3.40944 -0.62992,3.05511 -3.40944 -0.62992,2.85039 -3.40944 -0.625983,3.05511 -3.40944 -0.625983]
}}
appearance Appearance{material Material{diffuseColor 0.16 0.16 0.16
transparency 0}}}
Shape { geometry IndexedFaceSet 
{ creaseAngle 1.00 coordIndex [0,1,2,-1,2,1,3,-1,1,4,3,-1,3,4,5,-1,5,6,7,-1,4,6,5,-1,7,8,9,-1,6,8,7,-1,9,10,11,-1,8,10,9,-1,11,12,13,-1,10,12,11,-1,13,14,15,-1,12,14,13,-1,15,16,17,-1,14,16,15,-1,17,18,19,-1,16,18,17,-1,19,20,21,-1,18,20,19,-1,21,22,23,-1,20,22,21,-1,23,24,25,-1,22,24,23,-1,25,26,27,-1,24,26,25,-1,27,28,29,-1,26,28,27,-1,29,30,31,-1,28,30,29,-1,31,32,33,-1,30,32,31,-1,33,34,35,-1,32,34,33,-1,35,36,37,-1,34,36,35,-1,37,38,39,-1,36,38,37,-1,39,40,41,-1,38,40,39,-1,41,42,43,-1,40,42,41,-1,43,44,45,-1,42,44,43,-1,45,46,47,-1,44,46,45,-1,47,48,49,-1,46,48,47,-1,48,50,49,-1,49,50,51,-1,50,52,51,-1,51,52,53,-1,52,54,53,-1,53,54,55,-1,54,56,55,-1,55,56,57,-1,56,58,57,-1,57,58,59,-1,58,60,59,-1,59,60,61,-1,60,62,61,-1,61,62,63,-1,62,64,63,-1,63,64,65,-1,65,66,67,-1,64,66,65,-1,67,68,69,-1,66,68,67,-1,69,70,71,-1,68,70,69,-1,71,72,73,-1,70,72,71,-1,73,74,75,-1,72,74,73,-1,75,76,77,-1,74,76,75,-1,77,78,79,-1,76,78,77,-1,79,80,81,-1,78,80,79,-1,81,82,83,-1,80,82,81,-1,83,84,85,-1,82,84,83,-1,85,86,87,-1,84,86,85,-1,87,88,89,-1,86,88,87,-1,89,90,91,-1,88,90,89,-1,91,92,93,-1,90,92,91,-1,93,94,95,-1,92,94,93,-1,95,96,97,-1,94,96,95,-1]
coord Coordinate { point [3.05511 -3.40944 -0.62992,3.09013 -3.4083 -0.62992,3.05511 -3.40944 -0.625983,3.09013 -3.4083 -0.625983,3.125 -3.40486 -0.62992,3.125 -3.40486 -0.625983,3.15957 -3.39915 -0.62992,3.15957 -3.39915 -0.625983,3.19369 -3.3912 -0.62992,3.19369 -3.3912 -0.625983,3.22722 -3.38103 -0.62992,3.22722 -3.38103 -0.625983,3.26001 -3.36868 -0.62992,3.26001 -3.36868 -0.625983,3.29193 -3.35422 -0.62992,3.29193 -3.35422 -0.625983,3.32283 -3.33771 -0.62992,3.32283 -3.33771 -0.625983,3.35258 -3.31921 -0.62992,3.35258 -3.31921 -0.625983,3.38106 -3.2988 -0.62992,3.38106 -3.2988 -0.625983,3.40815 -3.27657 -0.62992,3.40815 -3.27657 -0.625983,3.43372 -3.25262 -0.62992,3.43372 -3.25262 -0.625983,3.45767 -3.22704 -0.62992,3.45767 -3.22704 -0.625983,3.4799 -3.19996 -0.62992,3.4799 -3.19996 -0.625983,3.50031 -3.17148 -0.62992,3.50031 -3.17148 -0.625983,3.51881 -3.14173 -0.62992,3.51881 -3.14173 -0.625983,3.53533 -3.11083 -0.62992,3.53533 -3.11083 -0.625983,3.54979 -3.07891 -0.62992,3.54979 -3.07891 -0.625983,3.56213 -3.04612 -0.62992,3.56213 -3.04612 -0.625983,3.5723 -3.01259 -0.62992,3.5723 -3.01259 -0.625983,3.58026 -2.97847 -0.62992,3.58026 -2.97847 -0.625983,3.58596 -2.9439 -0.62992,3.58596 -2.9439 -0.625983,3.5894 -2.90903 -0.62992,3.5894 -2.90903 -0.625983,3.59054 -2.87401 -0.62992,3.59054 -2.87401 -0.625983,3.5894 -2.83899 -0.62992,3.5894 -2.83899 -0.625983,3.58596 -2.80412 -0.62992,3.58596 -2.80412 -0.625983,3.58026 -2.76955 -0.62992,3.58026 -2.76955 -0.625983,3.5723 -2.73543 -0.62992,3.5723 -2.73543 -0.625983,3.56213 -2.7019 -0.62992,3.56213 -2.7019 -0.625983,3.54979 -2.66911 -0.62992,3.54979 -2.66911 -0.625983,3.53533 -2.63719 -0.62992,3.53533 -2.63719 -0.625983,3.51881 -2.60629 -0.62992,3.51881 -2.60629 -0.625983,3.50031 -2.57654 -0.62992,3.50031 -2.57654 -0.625983,3.4799 -2.54806 -0.62992,3.4799 -2.54806 -0.625983,3.45767 -2.52098 -0.62992,3.45767 -2.52098 -0.625983,3.43372 -2.4954 -0.62992,3.43372 -2.4954 -0.625983,3.40815 -2.47145 -0.62992,3.40815 -2.47145 -0.625983,3.38106 -2.44922 -0.62992,3.38106 -2.44922 -0.625983,3.35258 -2.42881 -0.62992,3.35258 -2.42881 -0.625983,3.32283 -2.41031 -0.62992,3.32283 -2.41031 -0.625983,3.29193 -2.3938 -0.62992,3.29193 -2.3938 -0.625983,3.26001 -2.37934 -0.62992,3.26001 -2.37934 -0.625983,3.22722 -2.36699 -0.62992,3.22722 -2.36699 -0.625983,3.19369 -2.35682 -0.62992,3.19369 -2.35682 -0.625983,3.15957 -2.34887 -0.62992,3.15957 -2.34887 -0.625983,3.125 -2.34316 -0.62992,3.125 -2.34316 -0.625983,3.09013 -2.33972 -0.62992,3.09013 -2.33972 -0.625983,3.05511 -2.33858 -0.62992,3.05511 -2.33858 -0.625983]
}}
appearance Appearance{material Material{diffuseColor 0.16 0.16 0.16
transparency 0}}}
Shape { geometry IndexedFaceSet 
{ creaseAngle 1.00 coordIndex [0,1,2,-1,2,1,3,-1,3,4,5,-1,1,4,3,-1,5,6,7,-1,4,6,5,-1,7,8,9,-1,6,8,7,-1,9,10,11,-1,8,10,9,-1,11,12,13,-1,10,12,11,-1,13,14,15,-1,12,14,13,-1,15,16,17,-1,14,16,15,-1,17,18,19,-1,16,18,17,-1,19,20,21,-1,18,20,19,-1,21,22,23,-1,20,22,21,-1,23,24,25,-1,22,24,23,-1,25,26,27,-1,24,26,25,-1,26,28,27,-1,27,28,29,-1,28,30,29,-1,29,30,31,-1,30,32,31,-1,31,32,33,-1,32,34,33,-1,33,34,35,-1,35,36,37,-1,34,36,35,-1,36,38,37,-1,37,38,39,-1,39,40,41,-1,38,40,39,-1]
coord Coordinate { point [3.09054 -2.65749 -0.62992,3.12442 -2.66016 -0.62992,3.09054 -2.65749 -0.625983,3.12442 -2.66016 -0.625983,3.15745 -2.66809 -0.62992,3.15745 -2.66809 -0.625983,3.18884 -2.68109 -0.62992,3.18884 -2.68109 -0.625983,3.21781 -2.69885 -0.62992,3.21781 -2.69885 -0.625983,3.24364 -2.72091 -0.62992,3.24364 -2.72091 -0.625983,3.26571 -2.74675 -0.62992,3.26571 -2.74675 -0.625983,3.28346 -2.77571 -0.62992,3.28346 -2.77571 -0.625983,3.29646 -2.8071 -0.62992,3.29646 -2.8071 -0.625983,3.30439 -2.84014 -0.62992,3.30439 -2.84014 -0.625983,3.30706 -2.87401 -0.62992,3.30706 -2.87401 -0.625983,3.30439 -2.90788 -0.62992,3.30439 -2.90788 -0.625983,3.29646 -2.94092 -0.62992,3.29646 -2.94092 -0.625983,3.28346 -2.97231 -0.62992,3.28346 -2.97231 -0.625983,3.26571 -3.00127 -0.62992,3.26571 -3.00127 -0.625983,3.24364 -3.02711 -0.62992,3.24364 -3.02711 -0.625983,3.21781 -3.04917 -0.62992,3.21781 -3.04917 -0.625983,3.18884 -3.06693 -0.62992,3.18884 -3.06693 -0.625983,3.15745 -3.07993 -0.62992,3.15745 -3.07993 -0.625983,3.12442 -3.08786 -0.62992,3.12442 -3.08786 -0.625983,3.09054 -3.09053 -0.62992,3.09054 -3.09053 -0.625983]
}}
appearance Appearance{material Material{diffuseColor 0.16 0.16 0.16
transparency 0}}}
Shape { geometry IndexedFaceSet 
{ creaseAngle 1.00 coordIndex [0,1,2,-1,2,1,3,-1]
coord Coordinate { point [2.81496 -2.65749 -0.62992,3.09054 -2.65749 -0.62992,2.81496 -2.65749 -0.625983,3.09054 -2.65749 -0.625983]
}}
appearance Appearance{material Material{diffuseColor 0.16 0.16 0.16
transparency 0}}}
Shape { geometry IndexedFaceSet 
{ creaseAngle 1.00 coordIndex [0,1,2,-1,2,1,3,-1,3,4,5,-1,1,4,3,-1,5,6,7,-1,4,6,5,-1,7,8,9,-1,6,8,7,-1,9,10,11,-1,8,10,9,-1,11,12,13,-1,10,12,11,-1,13,14,15,-1,12,14,13,-1,15,16,17,-1,14,16,15,-1,17,18,19,-1,16,18,17,-1,19,20,21,-1,18,20,19,-1,21,22,23,-1,20,22,21,-1,23,24,25,-1,22,24,23,-1,25,26,27,-1,24,26,25,-1,26,28,27,-1,27,28,29,-1,28,30,29,-1,29,30,31,-1,30,32,31,-1,31,32,33,-1,32,34,33,-1,33,34,35,-1,35,36,37,-1,34,36,35,-1,36,38,37,-1,37,38,39,-1,39,40,41,-1,38,40,39,-1]
coord Coordinate { point [2.81496 -3.09053 -0.62992,2.78108 -3.08786 -0.62992,2.81496 -3.09053 -0.625983,2.78108 -3.08786 -0.625983,2.74805 -3.07993 -0.62992,2.74805 -3.07993 -0.625983,2.71666 -3.06693 -0.62992,2.71666 -3.06693 -0.625983,2.68769 -3.04917 -0.62992,2.68769 -3.04917 -0.625983,2.66186 -3.02711 -0.62992,2.66186 -3.02711 -0.625983,2.63979 -3.00127 -0.62992,2.63979 -3.00127 -0.625983,2.62204 -2.97231 -0.62992,2.62204 -2.97231 -0.625983,2.60904 -2.94092 -0.62992,2.60904 -2.94092 -0.625983,2.60111 -2.90788 -0.62992,2.60111 -2.90788 -0.625983,2.59844 -2.87401 -0.62992,2.59844 -2.87401 -0.625983,2.60111 -2.84014 -0.62992,2.60111 -2.84014 -0.625983,2.60904 -2.8071 -0.62992,2.60904 -2.8071 -0.625983,2.62204 -2.77571 -0.62992,2.62204 -2.77571 -0.625983,2.63979 -2.74675 -0.62992,2.63979 -2.74675 -0.625983,2.66186 -2.72091 -0.62992,2.66186 -2.72091 -0.625983,2.68769 -2.69885 -0.62992,2.68769 -2.69885 -0.625983,2.71666 -2.68109 -0.62992,2.71666 -2.68109 -0.625983,2.74805 -2.66809 -0.62992,2.74805 -2.66809 -0.625983,2.78108 -2.66016 -0.62992,2.78108 -2.66016 -0.625983,2.81496 -2.65749 -0.62992,2.81496 -2.65749 -0.625983]
}}
appearance Appearance{material Material{diffuseColor 0.16 0.16 0.16
transparency 0}}}
Shape { geometry IndexedFaceSet 
{ creaseAngle 1.00 coordIndex [0,1,2,-1,2,1,3,-1]
coord Coordinate { point [3.09054 -3.09053 -0.62992,2.81496 -3.09053 -0.62992,3.09054 -3.09053 -0.625983,2.81496 -3.09053 -0.625983]
}}
appearance Appearance{material Material{diffuseColor 0.16 0.16 0.16
transparency 0}}}
Shape { geometry IndexedFaceSet 
{ creaseAngle 1.00 coordIndex [0,1,2,-1,2,1,3,-1,4,5,6,-1,6,5,0,-1,0,5,1,-1,3,7,8,-1,8,7,9,-1,1,7,3,-1,10,11,12,-1,12,11,13,-1,13,11,4,-1,4,11,5,-1,9,14,15,-1,15,14,16,-1,16,14,17,-1,7,14,9,-1,18,19,20,-1,20,19,10,-1,10,19,11,-1,17,21,22,-1,22,21,23,-1,14,21,17,-1,24,25,26,-1,26,25,18,-1,18,25,19,-1,23,27,28,-1,28,27,29,-1,21,27,23,-1,30,31,32,-1,32,31,24,-1,24,31,25,-1,29,33,34,-1,34,33,35,-1,35,33,36,-1,27,33,29,-1,30,37,31,-1,38,37,39,-1,39,37,30,-1,40,41,42,-1,42,41,38,-1,38,41,37,-1,43,44,45,-1,45,44,46,-1,46,44,40,-1,40,44,41,-1,47,48,49,-1,49,48,43,-1,43,48,44,-1,50,51,47,-1,47,51,48,-1,50,52,51,-1,52,53,51,-1,33,54,36,-1,36,54,55,-1,55,54,56,-1,56,54,57,-1,57,54,58,-1,52,59,53,-1,54,60,58,-1,58,60,61,-1,61,60,62,-1,53,63,64,-1,59,63,53,-1,60,65,62,-1,62,65,66,-1,66,65,67,-1,65,68,67,-1,67,68,69,-1,69,68,70,-1,70,68,71,-1,63,72,64,-1,71,73,74,-1,68,73,71,-1,72,75,64,-1,73,76,74,-1,73,77,76,-1,64,78,79,-1,75,78,64,-1,77,80,76,-1,78,81,79,-1,77,82,80,-1,83,82,77,-1,81,84,79,-1,79,84,85,-1,83,86,82,-1,84,87,85,-1,88,89,83,-1,83,89,86,-1,87,90,85,-1,85,90,91,-1,88,92,89,-1,90,93,91,-1,88,94,92,-1,93,95,91,-1,91,96,97,-1,95,96,91,-1,98,99,88,-1,88,99,94,-1,98,100,99,-1,101,102,98,-1,98,102,100,-1,101,103,102,-1,104,105,101,-1,101,105,103,-1,96,106,97,-1,104,107,105,-1,106,108,97,-1,109,110,104,-1,104,110,107,-1,108,111,97,-1,109,112,110,-1,111,113,97,-1,97,113,114,-1,115,116,109,-1,109,116,112,-1,113,117,114,-1,115,118,116,-1,117,119,114,-1,114,119,120,-1,121,122,115,-1,115,122,118,-1,119,123,120,-1,121,124,122,-1,120,125,126,-1,123,125,120,-1,121,127,124,-1,125,128,126,-1,129,130,121,-1,121,130,127,-1,128,131,126,-1,129,132,130,-1,126,133,134,-1,131,133,126,-1,135,136,129,-1,129,136,132,-1,133,137,134,-1,135,138,136,-1,134,139,135,-1,135,139,138,-1,137,139,134,-1]
coord Coordinate { point [2.4256 -3.19996 -0.62992,2.66186 -3.02711 -0.62992,2.44783 -3.22704 -0.62992,2.47178 -3.25262 -0.62992,2.38669 -3.14173 -0.62992,2.63979 -3.00127 -0.62992,2.40519 -3.17148 -0.62992,2.68769 -3.04917 -0.62992,2.49735 -3.27657 -0.62992,2.52444 -3.2988 -0.62992,2.34337 -3.04612 -0.62992,2.62204 -2.97231 -0.62992,2.35571 -3.07891 -0.62992,2.37017 -3.11083 -0.62992,2.71666 -3.06693 -0.62992,2.55292 -3.31921 -0.62992,2.58267 -3.33771 -0.62992,2.61357 -3.35422 -0.62992,2.32524 -2.97847 -0.62992,2.60904 -2.94092 -0.62992,2.3332 -3.01259 -0.62992,2.74805 -3.07993 -0.62992,2.64549 -3.36868 -0.62992,2.67828 -3.38103 -0.62992,2.3161 -2.90903 -0.62992,2.60111 -2.90788 -0.62992,2.31954 -2.9439 -0.62992,2.78108 -3.08786 -0.62992,2.71181 -3.3912 -0.62992,2.74593 -3.39915 -0.62992,2.3161 -2.83899 -0.62992,2.59844 -2.87401 -0.62992,2.31496 -2.87401 -0.62992,2.81496 -3.09053 -0.62992,2.7805 -3.40486 -0.62992,2.81537 -3.4083 -0.62992,2.85039 -3.40944 -0.62992,2.60111 -2.84014 -0.62992,2.32524 -2.76955 -0.62992,2.31954 -2.80412 -0.62992,2.34337 -2.7019 -0.62992,2.60904 -2.8071 -0.62992,2.3332 -2.73543 -0.62992,2.38669 -2.60629 -0.62992,2.62204 -2.77571 -0.62992,2.37017 -2.63719 -0.62992,2.35571 -2.66911 -0.62992,2.4256 -2.54806 -0.62992,2.63979 -2.74675 -0.62992,2.40519 -2.57654 -0.62992,2.44783 -2.52098 -0.62992,2.66186 -2.72091 -0.62992,2.47178 -2.4954 -0.62992,2.68769 -2.69885 -0.62992,3.09054 -3.09053 -0.62992,3.05511 -3.40944 -0.62992,3.09013 -3.4083 -0.62992,3.125 -3.40486 -0.62992,3.15957 -3.39915 -0.62992,2.49735 -2.47145 -0.62992,3.12442 -3.08786 -0.62992,3.19369 -3.3912 -0.62992,3.22722 -3.38103 -0.62992,2.52444 -2.44922 -0.62992,2.71666 -2.68109 -0.62992,3.15745 -3.07993 -0.62992,3.26001 -3.36868 -0.62992,3.29193 -3.35422 -0.62992,3.18884 -3.06693 -0.62992,3.32283 -3.33771 -0.62992,3.35258 -3.31921 -0.62992,3.38106 -3.2988 -0.62992,2.55292 -2.42881 -0.62992,3.21781 -3.04917 -0.62992,3.40815 -3.27657 -0.62992,2.58267 -2.41031 -0.62992,3.43372 -3.25262 -0.62992,3.24364 -3.02711 -0.62992,2.61357 -2.3938 -0.62992,2.74805 -2.66809 -0.62992,3.45767 -3.22704 -0.62992,2.64549 -2.37934 -0.62992,3.4799 -3.19996 -0.62992,3.26571 -3.00127 -0.62992,2.67828 -2.36699 -0.62992,2.78108 -2.66016 -0.62992,3.50031 -3.17148 -0.62992,2.71181 -2.35682 -0.62992,3.28346 -2.97231 -0.62992,3.51881 -3.14173 -0.62992,2.74593 -2.34887 -0.62992,2.81496 -2.65749 -0.62992,3.53533 -3.11083 -0.62992,2.7805 -2.34316 -0.62992,3.54979 -3.07891 -0.62992,2.81537 -2.33972 -0.62992,2.85039 -2.33858 -0.62992,3.09054 -2.65749 -0.62992,3.29646 -2.94092 -0.62992,3.56213 -3.04612 -0.62992,3.5723 -3.01259 -0.62992,3.30439 -2.90788 -0.62992,3.58026 -2.97847 -0.62992,3.58596 -2.9439 -0.62992,3.30706 -2.87401 -0.62992,3.5894 -2.90903 -0.62992,3.05511 -2.33858 -0.62992,3.59054 -2.87401 -0.62992,3.09013 -2.33972 -0.62992,3.30439 -2.84014 -0.62992,3.5894 -2.83899 -0.62992,3.125 -2.34316 -0.62992,3.58596 -2.80412 -0.62992,3.15957 -2.34887 -0.62992,3.12442 -2.66016 -0.62992,3.29646 -2.8071 -0.62992,3.58026 -2.76955 -0.62992,3.19369 -2.35682 -0.62992,3.5723 -2.73543 -0.62992,3.22722 -2.36699 -0.62992,3.15745 -2.66809 -0.62992,3.28346 -2.77571 -0.62992,3.56213 -2.7019 -0.62992,3.26001 -2.37934 -0.62992,3.54979 -2.66911 -0.62992,3.29193 -2.3938 -0.62992,3.18884 -2.68109 -0.62992,3.53533 -2.63719 -0.62992,3.32283 -2.41031 -0.62992,3.26571 -2.74675 -0.62992,3.51881 -2.60629 -0.62992,3.35258 -2.42881 -0.62992,3.50031 -2.57654 -0.62992,3.38106 -2.44922 -0.62992,3.21781 -2.69885 -0.62992,3.24364 -2.72091 -0.62992,3.4799 -2.54806 -0.62992,3.40815 -2.47145 -0.62992,3.45767 -2.52098 -0.62992,3.43372 -2.4954 -0.62992]
}}
appearance Appearance{material Material{diffuseColor 0.16 0.16 0.16
transparency 0}}}
Shape { geometry IndexedFaceSet 
{ creaseAngle 1.00 coordIndex [0,1,2,-1,0,2,3,-1,4,5,6,-1,4,6,1,-1,4,1,0,-1,7,3,8,-1,7,8,9,-1,7,0,3,-1,10,11,12,-1,10,12,13,-1,10,13,5,-1,10,5,4,-1,14,9,15,-1,14,15,16,-1,14,16,17,-1,14,7,9,-1,18,19,20,-1,18,20,11,-1,18,11,10,-1,21,17,22,-1,21,22,23,-1,21,14,17,-1,24,25,26,-1,24,26,19,-1,24,19,18,-1,27,23,28,-1,27,28,29,-1,27,21,23,-1,30,31,32,-1,30,32,25,-1,30,25,24,-1,33,29,34,-1,33,34,35,-1,33,35,36,-1,33,27,29,-1,37,31,30,-1,37,38,39,-1,37,39,31,-1,40,41,42,-1,40,42,38,-1,40,38,37,-1,43,44,45,-1,43,45,46,-1,43,46,41,-1,43,41,40,-1,47,48,49,-1,47,49,44,-1,47,44,43,-1,50,51,48,-1,50,48,47,-1,52,51,50,-1,53,52,50,-1,54,33,36,-1,54,36,55,-1,54,55,56,-1,54,56,57,-1,54,57,58,-1,59,52,53,-1,60,54,58,-1,60,58,61,-1,60,61,62,-1,63,53,64,-1,63,59,53,-1,65,60,62,-1,65,62,66,-1,65,66,67,-1,68,65,67,-1,68,67,69,-1,68,69,70,-1,68,70,71,-1,72,63,64,-1,73,71,74,-1,73,68,71,-1,75,72,64,-1,76,73,74,-1,77,73,76,-1,78,64,79,-1,78,75,64,-1,80,77,76,-1,81,78,79,-1,82,77,80,-1,82,83,77,-1,84,81,79,-1,84,79,85,-1,86,83,82,-1,87,84,85,-1,88,89,83,-1,88,83,86,-1,90,87,85,-1,90,85,91,-1,92,89,88,-1,93,90,91,-1,94,89,92,-1,95,93,91,-1,96,91,97,-1,96,95,91,-1,98,99,89,-1,98,89,94,-1,100,99,98,-1,101,102,99,-1,101,99,100,-1,103,102,101,-1,104,105,102,-1,104,102,103,-1,106,96,97,-1,107,105,104,-1,108,106,97,-1,109,110,105,-1,109,105,107,-1,111,108,97,-1,112,110,109,-1,113,111,97,-1,113,97,114,-1,115,116,110,-1,115,110,112,-1,117,113,114,-1,118,116,115,-1,119,117,114,-1,119,114,120,-1,121,122,116,-1,121,116,118,-1,123,119,120,-1,124,122,121,-1,125,120,126,-1,125,123,120,-1,127,122,124,-1,128,125,126,-1,129,130,122,-1,129,122,127,-1,131,128,126,-1,132,130,129,-1,133,126,134,-1,133,131,126,-1,135,136,130,-1,135,130,132,-1,137,133,134,-1,138,136,135,-1,139,134,136,-1,139,136,138,-1,139,137,134,-1]
coord Coordinate { point [2.66186 -3.02711 -0.625983,2.4256 -3.19996 -0.625983,2.44783 -3.22704 -0.625983,2.47178 -3.25262 -0.625983,2.63979 -3.00127 -0.625983,2.38669 -3.14173 -0.625983,2.40519 -3.17148 -0.625983,2.68769 -3.04917 -0.625983,2.49735 -3.27657 -0.625983,2.52444 -3.2988 -0.625983,2.62204 -2.97231 -0.625983,2.34337 -3.04612 -0.625983,2.35571 -3.07891 -0.625983,2.37017 -3.11083 -0.625983,2.71666 -3.06693 -0.625983,2.55292 -3.31921 -0.625983,2.58267 -3.33771 -0.625983,2.61357 -3.35422 -0.625983,2.60904 -2.94092 -0.625983,2.32524 -2.97847 -0.625983,2.3332 -3.01259 -0.625983,2.74805 -3.07993 -0.625983,2.64549 -3.36868 -0.625983,2.67828 -3.38103 -0.625983,2.60111 -2.90788 -0.625983,2.3161 -2.90903 -0.625983,2.31954 -2.9439 -0.625983,2.78108 -3.08786 -0.625983,2.71181 -3.3912 -0.625983,2.74593 -3.39915 -0.625983,2.59844 -2.87401 -0.625983,2.3161 -2.83899 -0.625983,2.31496 -2.87401 -0.625983,2.81496 -3.09053 -0.625983,2.7805 -3.40486 -0.625983,2.81537 -3.4083 -0.625983,2.85039 -3.40944 -0.625983,2.60111 -2.84014 -0.625983,2.32524 -2.76955 -0.625983,2.31954 -2.80412 -0.625983,2.60904 -2.8071 -0.625983,2.34337 -2.7019 -0.625983,2.3332 -2.73543 -0.625983,2.62204 -2.77571 -0.625983,2.38669 -2.60629 -0.625983,2.37017 -2.63719 -0.625983,2.35571 -2.66911 -0.625983,2.63979 -2.74675 -0.625983,2.4256 -2.54806 -0.625983,2.40519 -2.57654 -0.625983,2.66186 -2.72091 -0.625983,2.44783 -2.52098 -0.625983,2.47178 -2.4954 -0.625983,2.68769 -2.69885 -0.625983,3.09054 -3.09053 -0.625983,3.05511 -3.40944 -0.625983,3.09013 -3.4083 -0.625983,3.125 -3.40486 -0.625983,3.15957 -3.39915 -0.625983,2.49735 -2.47145 -0.625983,3.12442 -3.08786 -0.625983,3.19369 -3.3912 -0.625983,3.22722 -3.38103 -0.625983,2.52444 -2.44922 -0.625983,2.71666 -2.68109 -0.625983,3.15745 -3.07993 -0.625983,3.26001 -3.36868 -0.625983,3.29193 -3.35422 -0.625983,3.18884 -3.06693 -0.625983,3.32283 -3.33771 -0.625983,3.35258 -3.31921 -0.625983,3.38106 -3.2988 -0.625983,2.55292 -2.42881 -0.625983,3.21781 -3.04917 -0.625983,3.40815 -3.27657 -0.625983,2.58267 -2.41031 -0.625983,3.43372 -3.25262 -0.625983,3.24364 -3.02711 -0.625983,2.61357 -2.3938 -0.625983,2.74805 -2.66809 -0.625983,3.45767 -3.22704 -0.625983,2.64549 -2.37934 -0.625983,3.4799 -3.19996 -0.625983,3.26571 -3.00127 -0.625983,2.67828 -2.36699 -0.625983,2.78108 -2.66016 -0.625983,3.50031 -3.17148 -0.625983,2.71181 -2.35682 -0.625983,3.51881 -3.14173 -0.625983,3.28346 -2.97231 -0.625983,2.74593 -2.34887 -0.625983,2.81496 -2.65749 -0.625983,3.53533 -3.11083 -0.625983,2.7805 -2.34316 -0.625983,3.54979 -3.07891 -0.625983,2.81537 -2.33972 -0.625983,2.85039 -2.33858 -0.625983,3.09054 -2.65749 -0.625983,3.56213 -3.04612 -0.625983,3.29646 -2.94092 -0.625983,3.5723 -3.01259 -0.625983,3.58026 -2.97847 -0.625983,3.30439 -2.90788 -0.625983,3.58596 -2.9439 -0.625983,3.5894 -2.90903 -0.625983,3.30706 -2.87401 -0.625983,3.05511 -2.33858 -0.625983,3.59054 -2.87401 -0.625983,3.09013 -2.33972 -0.625983,3.5894 -2.83899 -0.625983,3.30439 -2.84014 -0.625983,3.125 -2.34316 -0.625983,3.58596 -2.80412 -0.625983,3.15957 -2.34887 -0.625983,3.12442 -2.66016 -0.625983,3.58026 -2.76955 -0.625983,3.29646 -2.8071 -0.625983,3.19369 -2.35682 -0.625983,3.5723 -2.73543 -0.625983,3.22722 -2.36699 -0.625983,3.15745 -2.66809 -0.625983,3.56213 -2.7019 -0.625983,3.28346 -2.77571 -0.625983,3.26001 -2.37934 -0.625983,3.54979 -2.66911 -0.625983,3.29193 -2.3938 -0.625983,3.18884 -2.68109 -0.625983,3.53533 -2.63719 -0.625983,3.32283 -2.41031 -0.625983,3.51881 -2.60629 -0.625983,3.26571 -2.74675 -0.625983,3.35258 -2.42881 -0.625983,3.50031 -2.57654 -0.625983,3.38106 -2.44922 -0.625983,3.21781 -2.69885 -0.625983,3.4799 -2.54806 -0.625983,3.24364 -2.72091 -0.625983,3.40815 -2.47145 -0.625983,3.45767 -2.52098 -0.625983,3.43372 -2.4954 -0.625983]
}}
appearance Appearance{material Material{diffuseColor 0.16 0.16 0.16
transparency 0}}}
Shape { geometry IndexedFaceSet 
{ creaseAngle 1.00 coordIndex [0,1,2,-1,2,1,3,-1,1,4,3,-1,3,4,5,-1,5,6,7,-1,4,6,5,-1,7,8,9,-1,6,8,7,-1,9,10,11,-1,8,10,9,-1,11,12,13,-1,10,12,11,-1,13,14,15,-1,12,14,13,-1,15,16,17,-1,14,16,15,-1,17,18,19,-1,16,18,17,-1,19,20,21,-1,18,20,19,-1,21,22,23,-1,20,22,21,-1,23,24,25,-1,22,24,23,-1,25,26,27,-1,24,26,25,-1,27,28,29,-1,26,28,27,-1,29,30,31,-1,28,30,29,-1,31,32,33,-1,30,32,31,-1,33,34,35,-1,32,34,33,-1,35,36,37,-1,34,36,35,-1,37,38,39,-1,36,38,37,-1,39,40,41,-1,38,40,39,-1,41,42,43,-1,40,42,41,-1,43,44,45,-1,42,44,43,-1,45,46,47,-1,44,46,45,-1,47,48,49,-1,46,48,47,-1,48,50,49,-1,49,50,51,-1,50,52,51,-1,51,52,53,-1,52,54,53,-1,53,54,55,-1,54,56,55,-1,55,56,57,-1,56,58,57,-1,57,58,59,-1,58,60,59,-1,59,60,61,-1,60,62,61,-1,61,62,63,-1,62,64,63,-1,63,64,65,-1,65,66,67,-1,64,66,65,-1,67,68,69,-1,66,68,67,-1,69,70,71,-1,68,70,69,-1,71,72,73,-1,70,72,71,-1,73,74,75,-1,72,74,73,-1,75,76,77,-1,74,76,75,-1,77,78,79,-1,76,78,77,-1,79,80,81,-1,78,80,79,-1,81,82,83,-1,80,82,81,-1,83,84,85,-1,82,84,83,-1,85,86,87,-1,84,86,85,-1,87,88,89,-1,86,88,87,-1,89,90,91,-1,88,90,89,-1,91,92,93,-1,90,92,91,-1,93,94,95,-1,92,94,93,-1,95,96,97,-1,94,96,95,-1]
coord Coordinate { point [2.85039 1.44094 -0.62992,2.81537 1.4398 -0.62992,2.85039 1.44094 -0.625983,2.81537 1.4398 -0.625983,2.7805 1.43636 -0.62992,2.7805 1.43636 -0.625983,2.74593 1.43065 -0.62992,2.74593 1.43065 -0.625983,2.71181 1.4227 -0.62992,2.71181 1.4227 -0.625983,2.67828 1.41253 -0.62992,2.67828 1.41253 -0.625983,2.64549 1.40018 -0.62992,2.64549 1.40018 -0.625983,2.61357 1.38572 -0.62992,2.61357 1.38572 -0.625983,2.58267 1.36921 -0.62992,2.58267 1.36921 -0.625983,2.55292 1.35071 -0.62992,2.55292 1.35071 -0.625983,2.52444 1.3303 -0.62992,2.52444 1.3303 -0.625983,2.49735 1.30807 -0.62992,2.49735 1.30807 -0.625983,2.47178 1.28412 -0.62992,2.47178 1.28412 -0.625983,2.44783 1.25854 -0.62992,2.44783 1.25854 -0.625983,2.4256 1.23146 -0.62992,2.4256 1.23146 -0.625983,2.40519 1.20298 -0.62992,2.40519 1.20298 -0.625983,2.38669 1.17323 -0.62992,2.38669 1.17323 -0.625983,2.37017 1.14233 -0.62992,2.37017 1.14233 -0.625983,2.35571 1.11041 -0.62992,2.35571 1.11041 -0.625983,2.34337 1.07762 -0.62992,2.34337 1.07762 -0.625983,2.3332 1.04409 -0.62992,2.3332 1.04409 -0.625983,2.32524 1.00997 -0.62992,2.32524 1.00997 -0.625983,2.31954 0.975398 -0.62992,2.31954 0.975398 -0.625983,2.3161 0.940529 -0.62992,2.3161 0.940529 -0.625983,2.31496 0.90551 -0.62992,2.31496 0.90551 -0.625983,2.3161 0.870491 -0.62992,2.3161 0.870491 -0.625983,2.31954 0.835622 -0.62992,2.31954 0.835622 -0.625983,2.32524 0.801052 -0.62992,2.32524 0.801052 -0.625983,2.3332 0.76693 -0.62992,2.3332 0.76693 -0.625983,2.34337 0.733401 -0.62992,2.34337 0.733401 -0.625983,2.35571 0.700609 -0.62992,2.35571 0.700609 -0.625983,2.37017 0.668694 -0.62992,2.37017 0.668694 -0.625983,2.38669 0.637794 -0.62992,2.38669 0.637794 -0.625983,2.40519 0.60804 -0.62992,2.40519 0.60804 -0.625983,2.4256 0.57956 -0.62992,2.4256 0.57956 -0.625983,2.44783 0.552475 -0.62992,2.44783 0.552475 -0.625983,2.47178 0.526902 -0.62992,2.47178 0.526902 -0.625983,2.49735 0.502951 -0.62992,2.49735 0.502951 -0.625983,2.52444 0.480723 -0.62992,2.52444 0.480723 -0.625983,2.55292 0.460315 -0.62992,2.55292 0.460315 -0.625983,2.58267 0.441812 -0.62992,2.58267 0.441812 -0.625983,2.61357 0.425296 -0.62992,2.61357 0.425296 -0.625983,2.64549 0.410835 -0.62992,2.64549 0.410835 -0.625983,2.67828 0.398493 -0.62992,2.67828 0.398493 -0.625983,2.71181 0.388322 -0.62992,2.71181 0.388322 -0.625983,2.74593 0.380366 -0.62992,2.74593 0.380366 -0.625983,2.7805 0.374659 -0.62992,2.7805 0.374659 -0.625983,2.81537 0.371224 -0.62992,2.81537 0.371224 -0.625983,2.85039 0.370078 -0.62992,2.85039 0.370078 -0.625983]
}}
appearance Appearance{material Material{diffuseColor 0.16 0.16 0.16
transparency 0}}}
Shape { geometry IndexedFaceSet 
{ creaseAngle 1.00 coordIndex [0,1,2,-1,2,1,3,-1]
coord Coordinate { point [3.05511 1.44094 -0.62992,2.85039 1.44094 -0.62992,3.05511 1.44094 -0.625983,2.85039 1.44094 -0.625983]
}}
appearance Appearance{material Material{diffuseColor 0.16 0.16 0.16
transparency 0}}}
Shape { geometry IndexedFaceSet 
{ creaseAngle 1.00 coordIndex [0,1,2,-1,2,1,3,-1]
coord Coordinate { point [2.85039 0.370078 -0.62992,3.05511 0.370078 -0.62992,2.85039 0.370078 -0.625983,3.05511 0.370078 -0.625983]
}}
appearance Appearance{material Material{diffuseColor 0.16 0.16 0.16
transparency 0}}}
Shape { geometry IndexedFaceSet 
{ creaseAngle 1.00 coordIndex [0,1,2,-1,2,1,3,-1,1,4,3,-1,3,4,5,-1,5,6,7,-1,4,6,5,-1,7,8,9,-1,6,8,7,-1,9,10,11,-1,8,10,9,-1,11,12,13,-1,10,12,11,-1,13,14,15,-1,12,14,13,-1,15,16,17,-1,14,16,15,-1,17,18,19,-1,16,18,17,-1,19,20,21,-1,18,20,19,-1,21,22,23,-1,20,22,21,-1,23,24,25,-1,22,24,23,-1,25,26,27,-1,24,26,25,-1,27,28,29,-1,26,28,27,-1,29,30,31,-1,28,30,29,-1,31,32,33,-1,30,32,31,-1,33,34,35,-1,32,34,33,-1,35,36,37,-1,34,36,35,-1,37,38,39,-1,36,38,37,-1,39,40,41,-1,38,40,39,-1,41,42,43,-1,40,42,41,-1,43,44,45,-1,42,44,43,-1,45,46,47,-1,44,46,45,-1,47,48,49,-1,46,48,47,-1,48,50,49,-1,49,50,51,-1,50,52,51,-1,51,52,53,-1,52,54,53,-1,53,54,55,-1,54,56,55,-1,55,56,57,-1,56,58,57,-1,57,58,59,-1,58,60,59,-1,59,60,61,-1,60,62,61,-1,61,62,63,-1,62,64,63,-1,63,64,65,-1,65,66,67,-1,64,66,65,-1,67,68,69,-1,66,68,67,-1,69,70,71,-1,68,70,69,-1,71,72,73,-1,70,72,71,-1,73,74,75,-1,72,74,73,-1,75,76,77,-1,74,76,75,-1,77,78,79,-1,76,78,77,-1,79,80,81,-1,78,80,79,-1,81,82,83,-1,80,82,81,-1,83,84,85,-1,82,84,83,-1,85,86,87,-1,84,86,85,-1,87,88,89,-1,86,88,87,-1,89,90,91,-1,88,90,89,-1,91,92,93,-1,90,92,91,-1,93,94,95,-1,92,94,93,-1,95,96,97,-1,94,96,95,-1]
coord Coordinate { point [3.05511 0.370078 -0.62992,3.09013 0.371224 -0.62992,3.05511 0.370078 -0.625983,3.09013 0.371224 -0.625983,3.125 0.374659 -0.62992,3.125 0.374659 -0.625983,3.15957 0.380366 -0.62992,3.15957 0.380366 -0.625983,3.19369 0.388322 -0.62992,3.19369 0.388322 -0.625983,3.22722 0.398493 -0.62992,3.22722 0.398493 -0.625983,3.26001 0.410835 -0.62992,3.26001 0.410835 -0.625983,3.29193 0.425296 -0.62992,3.29193 0.425296 -0.625983,3.32283 0.441812 -0.62992,3.32283 0.441812 -0.625983,3.35258 0.460315 -0.62992,3.35258 0.460315 -0.625983,3.38106 0.480723 -0.62992,3.38106 0.480723 -0.625983,3.40815 0.502951 -0.62992,3.40815 0.502951 -0.625983,3.43372 0.526902 -0.62992,3.43372 0.526902 -0.625983,3.45767 0.552475 -0.62992,3.45767 0.552475 -0.625983,3.4799 0.57956 -0.62992,3.4799 0.57956 -0.625983,3.50031 0.60804 -0.62992,3.50031 0.60804 -0.625983,3.51881 0.637794 -0.62992,3.51881 0.637794 -0.625983,3.53533 0.668694 -0.62992,3.53533 0.668694 -0.625983,3.54979 0.700609 -0.62992,3.54979 0.700609 -0.625983,3.56213 0.733401 -0.62992,3.56213 0.733401 -0.625983,3.5723 0.76693 -0.62992,3.5723 0.76693 -0.625983,3.58026 0.801052 -0.62992,3.58026 0.801052 -0.625983,3.58596 0.835622 -0.62992,3.58596 0.835622 -0.625983,3.5894 0.870491 -0.62992,3.5894 0.870491 -0.625983,3.59054 0.90551 -0.62992,3.59054 0.90551 -0.625983,3.5894 0.940529 -0.62992,3.5894 0.940529 -0.625983,3.58596 0.975398 -0.62992,3.58596 0.975398 -0.625983,3.58026 1.00997 -0.62992,3.58026 1.00997 -0.625983,3.5723 1.04409 -0.62992,3.5723 1.04409 -0.625983,3.56213 1.07762 -0.62992,3.56213 1.07762 -0.625983,3.54979 1.11041 -0.62992,3.54979 1.11041 -0.625983,3.53533 1.14233 -0.62992,3.53533 1.14233 -0.625983,3.51881 1.17323 -0.62992,3.51881 1.17323 -0.625983,3.50031 1.20298 -0.62992,3.50031 1.20298 -0.625983,3.4799 1.23146 -0.62992,3.4799 1.23146 -0.625983,3.45767 1.25854 -0.62992,3.45767 1.25854 -0.625983,3.43372 1.28412 -0.62992,3.43372 1.28412 -0.625983,3.40815 1.30807 -0.62992,3.40815 1.30807 -0.625983,3.38106 1.3303 -0.62992,3.38106 1.3303 -0.625983,3.35258 1.35071 -0.62992,3.35258 1.35071 -0.625983,3.32283 1.36921 -0.62992,3.32283 1.36921 -0.625983,3.29193 1.38572 -0.62992,3.29193 1.38572 -0.625983,3.26001 1.40018 -0.62992,3.26001 1.40018 -0.625983,3.22722 1.41253 -0.62992,3.22722 1.41253 -0.625983,3.19369 1.4227 -0.62992,3.19369 1.4227 -0.625983,3.15957 1.43065 -0.62992,3.15957 1.43065 -0.625983,3.125 1.43636 -0.62992,3.125 1.43636 -0.625983,3.09013 1.4398 -0.62992,3.09013 1.4398 -0.625983,3.05511 1.44094 -0.62992,3.05511 1.44094 -0.625983]
}}
appearance Appearance{material Material{diffuseColor 0.16 0.16 0.16
transparency 0}}}
Shape { geometry IndexedFaceSet 
{ creaseAngle 1.00 coordIndex [0,1,2,-1,2,1,3,-1,3,4,5,-1,1,4,3,-1,5,6,7,-1,4,6,5,-1,7,8,9,-1,6,8,7,-1,9,10,11,-1,8,10,9,-1,11,12,13,-1,10,12,11,-1,13,14,15,-1,12,14,13,-1,15,16,17,-1,14,16,15,-1,17,18,19,-1,16,18,17,-1,19,20,21,-1,18,20,19,-1,21,22,23,-1,20,22,21,-1,23,24,25,-1,22,24,23,-1,25,26,27,-1,24,26,25,-1,26,28,27,-1,27,28,29,-1,28,30,29,-1,29,30,31,-1,30,32,31,-1,31,32,33,-1,32,34,33,-1,33,34,35,-1,35,36,37,-1,34,36,35,-1,36,38,37,-1,37,38,39,-1,39,40,41,-1,38,40,39,-1]
coord Coordinate { point [3.09054 1.12203 -0.62992,3.12442 1.11936 -0.62992,3.09054 1.12203 -0.625983,3.12442 1.11936 -0.625983,3.15745 1.11143 -0.62992,3.15745 1.11143 -0.625983,3.18884 1.09843 -0.62992,3.18884 1.09843 -0.625983,3.21781 1.08067 -0.62992,3.21781 1.08067 -0.625983,3.24364 1.05861 -0.62992,3.24364 1.05861 -0.625983,3.26571 1.03277 -0.62992,3.26571 1.03277 -0.625983,3.28346 1.00381 -0.62992,3.28346 1.00381 -0.625983,3.29646 0.972417 -0.62992,3.29646 0.972417 -0.625983,3.30439 0.93938 -0.62992,3.30439 0.93938 -0.625983,3.30706 0.90551 -0.62992,3.30706 0.90551 -0.625983,3.30439 0.87164 -0.62992,3.30439 0.87164 -0.625983,3.29646 0.838603 -0.62992,3.29646 0.838603 -0.625983,3.28346 0.807214 -0.62992,3.28346 0.807214 -0.625983,3.26571 0.778245 -0.62992,3.26571 0.778245 -0.625983,3.24364 0.752411 -0.62992,3.24364 0.752411 -0.625983,3.21781 0.730345 -0.62992,3.21781 0.730345 -0.625983,3.18884 0.712593 -0.62992,3.18884 0.712593 -0.625983,3.15745 0.699592 -0.62992,3.15745 0.699592 -0.625983,3.12442 0.69166 -0.62992,3.12442 0.69166 -0.625983,3.09054 0.688995 -0.62992,3.09054 0.688995 -0.625983]
}}
appearance Appearance{material Material{diffuseColor 0.16 0.16 0.16
transparency 0}}}
Shape { geometry IndexedFaceSet 
{ creaseAngle 1.00 coordIndex [0,1,2,-1,2,1,3,-1]
coord Coordinate { point [2.81496 1.12203 -0.62992,3.09054 1.12203 -0.62992,2.81496 1.12203 -0.625983,3.09054 1.12203 -0.625983]
}}
appearance Appearance{material Material{diffuseColor 0.16 0.16 0.16
transparency 0}}}
Shape { geometry IndexedFaceSet 
{ creaseAngle 1.00 coordIndex [0,1,2,-1,2,1,3,-1,3,4,5,-1,1,4,3,-1,5,6,7,-1,4,6,5,-1,7,8,9,-1,6,8,7,-1,9,10,11,-1,8,10,9,-1,11,12,13,-1,10,12,11,-1,13,14,15,-1,12,14,13,-1,15,16,17,-1,14,16,15,-1,17,18,19,-1,16,18,17,-1,19,20,21,-1,18,20,19,-1,21,22,23,-1,20,22,21,-1,23,24,25,-1,22,24,23,-1,25,26,27,-1,24,26,25,-1,26,28,27,-1,27,28,29,-1,28,30,29,-1,29,30,31,-1,30,32,31,-1,31,32,33,-1,32,34,33,-1,33,34,35,-1,35,36,37,-1,34,36,35,-1,36,38,37,-1,37,38,39,-1,39,40,41,-1,38,40,39,-1]
coord Coordinate { point [2.81496 0.688995 -0.62992,2.78108 0.69166 -0.62992,2.81496 0.688995 -0.625983,2.78108 0.69166 -0.625983,2.74805 0.699592 -0.62992,2.74805 0.699592 -0.625983,2.71666 0.712593 -0.62992,2.71666 0.712593 -0.625983,2.68769 0.730345 -0.62992,2.68769 0.730345 -0.625983,2.66186 0.752411 -0.62992,2.66186 0.752411 -0.625983,2.63979 0.778245 -0.62992,2.63979 0.778245 -0.625983,2.62204 0.807214 -0.62992,2.62204 0.807214 -0.625983,2.60904 0.838603 -0.62992,2.60904 0.838603 -0.625983,2.60111 0.87164 -0.62992,2.60111 0.87164 -0.625983,2.59844 0.90551 -0.62992,2.59844 0.90551 -0.625983,2.60111 0.93938 -0.62992,2.60111 0.93938 -0.625983,2.60904 0.972417 -0.62992,2.60904 0.972417 -0.625983,2.62204 1.00381 -0.62992,2.62204 1.00381 -0.625983,2.63979 1.03277 -0.62992,2.63979 1.03277 -0.625983,2.66186 1.05861 -0.62992,2.66186 1.05861 -0.625983,2.68769 1.08067 -0.62992,2.68769 1.08067 -0.625983,2.71666 1.09843 -0.62992,2.71666 1.09843 -0.625983,2.74805 1.11143 -0.62992,2.74805 1.11143 -0.625983,2.78108 1.11936 -0.62992,2.78108 1.11936 -0.625983,2.81496 1.12203 -0.62992,2.81496 1.12203 -0.625983]
}}
appearance Appearance{material Material{diffuseColor 0.16 0.16 0.16
transparency 0}}}
Shape { geometry IndexedFaceSet 
{ creaseAngle 1.00 coordIndex [0,1,2,-1,2,1,3,-1]
coord Coordinate { point [3.09054 0.688995 -0.62992,2.81496 0.688995 -0.62992,3.09054 0.688995 -0.625983,2.81496 0.688995 -0.625983]
}}
appearance Appearance{material Material{diffuseColor 0.16 0.16 0.16
transparency 0}}}
Shape { geometry IndexedFaceSet 
{ creaseAngle 1.00 coordIndex [0,1,2,-1,2,1,3,-1,4,5,6,-1,6,5,0,-1,0,5,1,-1,3,7,8,-1,8,7,9,-1,1,7,3,-1,10,11,12,-1,12,11,13,-1,13,11,4,-1,4,11,5,-1,9,14,15,-1,15,14,16,-1,16,14,17,-1,7,14,9,-1,18,19,20,-1,20,19,10,-1,10,19,11,-1,17,21,22,-1,22,21,23,-1,14,21,17,-1,24,25,26,-1,26,25,18,-1,18,25,19,-1,21,27,23,-1,23,27,28,-1,28,27,29,-1,30,31,32,-1,32,31,24,-1,24,31,25,-1,29,33,34,-1,34,33,35,-1,35,33,36,-1,27,33,29,-1,37,38,39,-1,39,38,30,-1,30,38,31,-1,40,41,42,-1,42,41,37,-1,37,41,38,-1,40,43,41,-1,44,43,45,-1,45,43,46,-1,46,43,40,-1,47,48,49,-1,49,48,44,-1,44,48,43,-1,50,51,47,-1,47,51,48,-1,50,52,51,-1,52,53,51,-1,33,54,36,-1,36,54,55,-1,55,54,56,-1,56,54,57,-1,57,54,58,-1,52,59,53,-1,54,60,58,-1,58,60,61,-1,61,60,62,-1,53,63,64,-1,59,63,53,-1,60,65,62,-1,62,65,66,-1,66,65,67,-1,65,68,67,-1,67,68,69,-1,69,68,70,-1,70,68,71,-1,63,72,64,-1,71,73,74,-1,68,73,71,-1,72,75,64,-1,73,76,74,-1,73,77,76,-1,64,78,79,-1,75,78,64,-1,77,80,76,-1,78,81,79,-1,77,82,80,-1,83,82,77,-1,81,84,79,-1,79,84,85,-1,83,86,82,-1,84,87,85,-1,88,89,83,-1,83,89,86,-1,87,90,85,-1,85,90,91,-1,88,92,89,-1,90,93,91,-1,88,94,92,-1,93,95,91,-1,95,96,91,-1,97,98,88,-1,88,98,94,-1,97,99,98,-1,100,101,97,-1,97,101,99,-1,100,102,101,-1,103,104,100,-1,100,104,102,-1,91,105,106,-1,96,105,91,-1,103,107,104,-1,105,108,106,-1,109,110,103,-1,103,110,107,-1,108,111,106,-1,109,112,110,-1,111,113,106,-1,106,113,114,-1,115,116,109,-1,109,116,112,-1,113,117,114,-1,115,118,116,-1,117,119,114,-1,114,119,120,-1,121,122,115,-1,115,122,118,-1,119,123,120,-1,121,124,122,-1,120,125,126,-1,123,125,120,-1,121,127,124,-1,125,128,126,-1,129,130,121,-1,121,130,127,-1,128,131,126,-1,129,132,130,-1,126,133,134,-1,131,133,126,-1,135,136,129,-1,129,136,132,-1,133,137,134,-1,135,138,136,-1,134,139,135,-1,135,139,138,-1,137,139,134,-1]
coord Coordinate { point [2.4256 0.57956 -0.62992,2.66186 0.752411 -0.62992,2.44783 0.552475 -0.62992,2.47178 0.526902 -0.62992,2.38669 0.637794 -0.62992,2.63979 0.778245 -0.62992,2.40519 0.60804 -0.62992,2.68769 0.730345 -0.62992,2.49735 0.502951 -0.62992,2.52444 0.480723 -0.62992,2.34337 0.733401 -0.62992,2.62204 0.807214 -0.62992,2.35571 0.700609 -0.62992,2.37017 0.668694 -0.62992,2.71666 0.712593 -0.62992,2.55292 0.460315 -0.62992,2.58267 0.441812 -0.62992,2.61357 0.425296 -0.62992,2.32524 0.801052 -0.62992,2.60904 0.838603 -0.62992,2.3332 0.76693 -0.62992,2.74805 0.699592 -0.62992,2.64549 0.410835 -0.62992,2.67828 0.398493 -0.62992,2.3161 0.870491 -0.62992,2.60111 0.87164 -0.62992,2.31954 0.835622 -0.62992,2.78108 0.69166 -0.62992,2.71181 0.388322 -0.62992,2.74593 0.380366 -0.62992,2.3161 0.940529 -0.62992,2.59844 0.90551 -0.62992,2.31496 0.90551 -0.62992,2.81496 0.688995 -0.62992,2.7805 0.374659 -0.62992,2.81537 0.371224 -0.62992,2.85039 0.370078 -0.62992,2.32524 1.00997 -0.62992,2.60111 0.93938 -0.62992,2.31954 0.975398 -0.62992,2.34337 1.07762 -0.62992,2.60904 0.972417 -0.62992,2.3332 1.04409 -0.62992,2.62204 1.00381 -0.62992,2.38669 1.17323 -0.62992,2.37017 1.14233 -0.62992,2.35571 1.11041 -0.62992,2.4256 1.23146 -0.62992,2.63979 1.03277 -0.62992,2.40519 1.20298 -0.62992,2.44783 1.25854 -0.62992,2.66186 1.05861 -0.62992,2.47178 1.28412 -0.62992,2.68769 1.08067 -0.62992,3.09054 0.688995 -0.62992,3.05511 0.370078 -0.62992,3.09013 0.371224 -0.62992,3.125 0.374659 -0.62992,3.15957 0.380366 -0.62992,2.49735 1.30807 -0.62992,3.12442 0.69166 -0.62992,3.19369 0.388322 -0.62992,3.22722 0.398493 -0.62992,2.52444 1.3303 -0.62992,2.71666 1.09843 -0.62992,3.15745 0.699592 -0.62992,3.26001 0.410835 -0.62992,3.29193 0.425296 -0.62992,3.18884 0.712593 -0.62992,3.32283 0.441812 -0.62992,3.35258 0.460315 -0.62992,3.38106 0.480723 -0.62992,2.55292 1.35071 -0.62992,3.21781 0.730345 -0.62992,3.40815 0.502951 -0.62992,2.58267 1.36921 -0.62992,3.43372 0.526902 -0.62992,3.24364 0.752411 -0.62992,2.61357 1.38572 -0.62992,2.74805 1.11143 -0.62992,3.45767 0.552475 -0.62992,2.64549 1.40018 -0.62992,3.4799 0.57956 -0.62992,3.26571 0.778245 -0.62992,2.67828 1.41253 -0.62992,2.78108 1.11936 -0.62992,3.50031 0.60804 -0.62992,2.71181 1.4227 -0.62992,3.28346 0.807214 -0.62992,3.51881 0.637794 -0.62992,2.74593 1.43065 -0.62992,2.81496 1.12203 -0.62992,3.53533 0.668694 -0.62992,2.7805 1.43636 -0.62992,3.54979 0.700609 -0.62992,2.81537 1.4398 -0.62992,2.85039 1.44094 -0.62992,3.29646 0.838603 -0.62992,3.56213 0.733401 -0.62992,3.5723 0.76693 -0.62992,3.30439 0.87164 -0.62992,3.58026 0.801052 -0.62992,3.58596 0.835622 -0.62992,3.30706 0.90551 -0.62992,3.5894 0.870491 -0.62992,3.05511 1.44094 -0.62992,3.09054 1.12203 -0.62992,3.59054 0.90551 -0.62992,3.09013 1.4398 -0.62992,3.30439 0.93938 -0.62992,3.5894 0.940529 -0.62992,3.125 1.43636 -0.62992,3.58596 0.975398 -0.62992,3.15957 1.43065 -0.62992,3.12442 1.11936 -0.62992,3.29646 0.972417 -0.62992,3.58026 1.00997 -0.62992,3.19369 1.4227 -0.62992,3.5723 1.04409 -0.62992,3.22722 1.41253 -0.62992,3.15745 1.11143 -0.62992,3.28346 1.00381 -0.62992,3.56213 1.07762 -0.62992,3.26001 1.40018 -0.62992,3.54979 1.11041 -0.62992,3.29193 1.38572 -0.62992,3.18884 1.09843 -0.62992,3.53533 1.14233 -0.62992,3.32283 1.36921 -0.62992,3.26571 1.03277 -0.62992,3.51881 1.17323 -0.62992,3.35258 1.35071 -0.62992,3.50031 1.20298 -0.62992,3.38106 1.3303 -0.62992,3.21781 1.08067 -0.62992,3.24364 1.05861 -0.62992,3.4799 1.23146 -0.62992,3.40815 1.30807 -0.62992,3.45767 1.25854 -0.62992,3.43372 1.28412 -0.62992]
}}
appearance Appearance{material Material{diffuseColor 0.16 0.16 0.16
transparency 0}}}
Shape { geometry IndexedFaceSet 
{ creaseAngle 1.00 coordIndex [0,1,2,-1,0,2,3,-1,4,5,6,-1,4,6,1,-1,4,1,0,-1,7,3,8,-1,7,8,9,-1,7,0,3,-1,10,11,12,-1,10,12,13,-1,10,13,5,-1,10,5,4,-1,14,9,15,-1,14,15,16,-1,14,16,17,-1,14,7,9,-1,18,19,20,-1,18,20,11,-1,18,11,10,-1,21,17,22,-1,21,22,23,-1,21,14,17,-1,24,25,26,-1,24,26,19,-1,24,19,18,-1,27,21,23,-1,27,23,28,-1,27,28,29,-1,30,31,32,-1,30,32,25,-1,30,25,24,-1,33,29,34,-1,33,34,35,-1,33,35,36,-1,33,27,29,-1,37,38,39,-1,37,39,31,-1,37,31,30,-1,40,41,42,-1,40,42,38,-1,40,38,37,-1,43,41,40,-1,43,44,45,-1,43,45,46,-1,43,46,41,-1,47,48,49,-1,47,49,44,-1,47,44,43,-1,50,51,48,-1,50,48,47,-1,52,51,50,-1,53,52,50,-1,54,33,36,-1,54,36,55,-1,54,55,56,-1,54,56,57,-1,54,57,58,-1,59,52,53,-1,60,54,58,-1,60,58,61,-1,60,61,62,-1,63,53,64,-1,63,59,53,-1,65,60,62,-1,65,62,66,-1,65,66,67,-1,68,65,67,-1,68,67,69,-1,68,69,70,-1,68,70,71,-1,72,63,64,-1,73,71,74,-1,73,68,71,-1,75,72,64,-1,76,73,74,-1,77,73,76,-1,78,64,79,-1,78,75,64,-1,80,77,76,-1,81,78,79,-1,82,77,80,-1,82,83,77,-1,84,81,79,-1,84,79,85,-1,86,83,82,-1,87,84,85,-1,88,89,83,-1,88,83,86,-1,90,87,85,-1,90,85,91,-1,92,89,88,-1,93,90,91,-1,94,89,92,-1,95,93,91,-1,96,95,91,-1,97,98,89,-1,97,89,94,-1,99,98,97,-1,100,101,98,-1,100,98,99,-1,102,101,100,-1,103,104,101,-1,103,101,102,-1,105,91,106,-1,105,96,91,-1,107,104,103,-1,108,105,106,-1,109,110,104,-1,109,104,107,-1,111,108,106,-1,112,110,109,-1,113,111,106,-1,113,106,114,-1,115,116,110,-1,115,110,112,-1,117,113,114,-1,118,116,115,-1,119,117,114,-1,119,114,120,-1,121,122,116,-1,121,116,118,-1,123,119,120,-1,124,122,121,-1,125,120,126,-1,125,123,120,-1,127,122,124,-1,128,125,126,-1,129,130,122,-1,129,122,127,-1,131,128,126,-1,132,130,129,-1,133,126,134,-1,133,131,126,-1,135,136,130,-1,135,130,132,-1,137,133,134,-1,138,136,135,-1,139,134,136,-1,139,136,138,-1,139,137,134,-1]
coord Coordinate { point [2.66186 0.752411 -0.625983,2.4256 0.57956 -0.625983,2.44783 0.552475 -0.625983,2.47178 0.526902 -0.625983,2.63979 0.778245 -0.625983,2.38669 0.637794 -0.625983,2.40519 0.60804 -0.625983,2.68769 0.730345 -0.625983,2.49735 0.502951 -0.625983,2.52444 0.480723 -0.625983,2.62204 0.807214 -0.625983,2.34337 0.733401 -0.625983,2.35571 0.700609 -0.625983,2.37017 0.668694 -0.625983,2.71666 0.712593 -0.625983,2.55292 0.460315 -0.625983,2.58267 0.441812 -0.625983,2.61357 0.425296 -0.625983,2.60904 0.838603 -0.625983,2.32524 0.801052 -0.625983,2.3332 0.76693 -0.625983,2.74805 0.699592 -0.625983,2.64549 0.410835 -0.625983,2.67828 0.398493 -0.625983,2.60111 0.87164 -0.625983,2.3161 0.870491 -0.625983,2.31954 0.835622 -0.625983,2.78108 0.69166 -0.625983,2.71181 0.388322 -0.625983,2.74593 0.380366 -0.625983,2.59844 0.90551 -0.625983,2.3161 0.940529 -0.625983,2.31496 0.90551 -0.625983,2.81496 0.688995 -0.625983,2.7805 0.374659 -0.625983,2.81537 0.371224 -0.625983,2.85039 0.370078 -0.625983,2.60111 0.93938 -0.625983,2.32524 1.00997 -0.625983,2.31954 0.975398 -0.625983,2.60904 0.972417 -0.625983,2.34337 1.07762 -0.625983,2.3332 1.04409 -0.625983,2.62204 1.00381 -0.625983,2.38669 1.17323 -0.625983,2.37017 1.14233 -0.625983,2.35571 1.11041 -0.625983,2.63979 1.03277 -0.625983,2.4256 1.23146 -0.625983,2.40519 1.20298 -0.625983,2.66186 1.05861 -0.625983,2.44783 1.25854 -0.625983,2.47178 1.28412 -0.625983,2.68769 1.08067 -0.625983,3.09054 0.688995 -0.625983,3.05511 0.370078 -0.625983,3.09013 0.371224 -0.625983,3.125 0.374659 -0.625983,3.15957 0.380366 -0.625983,2.49735 1.30807 -0.625983,3.12442 0.69166 -0.625983,3.19369 0.388322 -0.625983,3.22722 0.398493 -0.625983,2.52444 1.3303 -0.625983,2.71666 1.09843 -0.625983,3.15745 0.699592 -0.625983,3.26001 0.410835 -0.625983,3.29193 0.425296 -0.625983,3.18884 0.712593 -0.625983,3.32283 0.441812 -0.625983,3.35258 0.460315 -0.625983,3.38106 0.480723 -0.625983,2.55292 1.35071 -0.625983,3.21781 0.730345 -0.625983,3.40815 0.502951 -0.625983,2.58267 1.36921 -0.625983,3.43372 0.526902 -0.625983,3.24364 0.752411 -0.625983,2.61357 1.38572 -0.625983,2.74805 1.11143 -0.625983,3.45767 0.552475 -0.625983,2.64549 1.40018 -0.625983,3.4799 0.57956 -0.625983,3.26571 0.778245 -0.625983,2.67828 1.41253 -0.625983,2.78108 1.11936 -0.625983,3.50031 0.60804 -0.625983,2.71181 1.4227 -0.625983,3.51881 0.637794 -0.625983,3.28346 0.807214 -0.625983,2.74593 1.43065 -0.625983,2.81496 1.12203 -0.625983,3.53533 0.668694 -0.625983,2.7805 1.43636 -0.625983,3.54979 0.700609 -0.625983,2.81537 1.4398 -0.625983,2.85039 1.44094 -0.625983,3.56213 0.733401 -0.625983,3.29646 0.838603 -0.625983,3.5723 0.76693 -0.625983,3.58026 0.801052 -0.625983,3.30439 0.87164 -0.625983,3.58596 0.835622 -0.625983,3.5894 0.870491 -0.625983,3.30706 0.90551 -0.625983,3.05511 1.44094 -0.625983,3.09054 1.12203 -0.625983,3.59054 0.90551 -0.625983,3.09013 1.4398 -0.625983,3.5894 0.940529 -0.625983,3.30439 0.93938 -0.625983,3.125 1.43636 -0.625983,3.58596 0.975398 -0.625983,3.15957 1.43065 -0.625983,3.12442 1.11936 -0.625983,3.58026 1.00997 -0.625983,3.29646 0.972417 -0.625983,3.19369 1.4227 -0.625983,3.5723 1.04409 -0.625983,3.22722 1.41253 -0.625983,3.15745 1.11143 -0.625983,3.56213 1.07762 -0.625983,3.28346 1.00381 -0.625983,3.26001 1.40018 -0.625983,3.54979 1.11041 -0.625983,3.29193 1.38572 -0.625983,3.18884 1.09843 -0.625983,3.53533 1.14233 -0.625983,3.32283 1.36921 -0.625983,3.51881 1.17323 -0.625983,3.26571 1.03277 -0.625983,3.35258 1.35071 -0.625983,3.50031 1.20298 -0.625983,3.38106 1.3303 -0.625983,3.21781 1.08067 -0.625983,3.4799 1.23146 -0.625983,3.24364 1.05861 -0.625983,3.40815 1.30807 -0.625983,3.45767 1.25854 -0.625983,3.43372 1.28412 -0.625983]
}}
appearance Appearance{material Material{diffuseColor 0.16 0.16 0.16
transparency 0}}}
Shape { geometry IndexedFaceSet 
{ creaseAngle 1.00 coordIndex [0,1,2,-1,0,2,3,-1,4,3,5,-1,4,0,3,-1,6,5,7,-1,6,4,5,-1,8,7,9,-1,8,6,7,-1,10,9,11,-1,10,8,9,-1,12,11,13,-1,12,10,11,-1,14,13,15,-1,14,12,13,-1,16,15,17,-1,16,14,15,-1,18,17,19,-1,18,19,20,-1,18,16,17,-1,21,20,22,-1,21,18,20,-1,23,21,22,-1,24,22,25,-1,24,23,22,-1,26,25,27,-1,26,24,25,-1,28,26,27,-1,28,27,29,-1,30,28,29,-1,30,29,31,-1,30,31,32,-1,33,30,32,-1,34,33,32,-1,34,32,35,-1,34,35,36,-1,37,34,36,-1,38,36,39,-1,38,37,36,-1,38,39,40,-1,41,38,40,-1]
coord Coordinate { point [2.78047 1.12325 0,2.81496 1.12596 0,2.81496 1.12596 -0.62992,2.78047 1.12325 -0.62992,2.74683 1.11517 0,2.74683 1.11517 -0.62992,2.71487 1.10193 0,2.71487 1.10193 -0.62992,2.68538 1.08386 0,2.68538 1.08386 -0.62992,2.65907 1.06139 0,2.65907 1.06139 -0.62992,2.63661 1.03509 0,2.63661 1.03509 -0.62992,2.61853 1.00559 0,2.61853 1.00559 -0.62992,2.60529 0.973634 0,2.60529 0.973634 -0.62992,2.59722 0.939996 0,2.59722 0.939996 -0.62992,2.5945 0.90551 -0.62992,2.5945 0.90551 0,2.59722 0.871024 -0.62992,2.59722 0.871024 0,2.60529 0.837386 0,2.60529 0.837386 -0.62992,2.61853 0.805427 0,2.61853 0.805427 -0.62992,2.63661 0.775931 0,2.63661 0.775931 -0.62992,2.65907 0.749627 0,2.65907 0.749627 -0.62992,2.68538 0.72716 -0.62992,2.68538 0.72716 0,2.71487 0.709086 0,2.71487 0.709086 -0.62992,2.74683 0.695847 -0.62992,2.74683 0.695847 0,2.78047 0.687772 0,2.78047 0.687772 -0.62992,2.81496 0.685058 -0.62992,2.81496 0.685058 0]
}}
appearance Appearance{material Material{diffuseColor 0.16 0.16 0.16
transparency 0}}}
Shape { geometry IndexedFaceSet 
{ creaseAngle 1.00 coordIndex [0,1,2,-1,0,2,3,-1]
coord Coordinate { point [3.09054 0.685058 0,2.81496 0.685058 0,2.81496 0.685058 -0.62992,3.09054 0.685058 -0.62992]
}}
appearance Appearance{material Material{diffuseColor 0.16 0.16 0.16
transparency 0}}}
Shape { geometry IndexedFaceSet 
{ creaseAngle 1.00 coordIndex [0,1,2,-1,0,2,3,-1,4,3,5,-1,4,0,3,-1,6,5,7,-1,6,4,5,-1,8,7,9,-1,8,6,7,-1,10,9,11,-1,10,8,9,-1,12,11,13,-1,12,10,11,-1,14,13,15,-1,14,12,13,-1,16,15,17,-1,16,14,15,-1,18,17,19,-1,18,19,20,-1,18,16,17,-1,21,18,20,-1,22,20,23,-1,22,21,20,-1,24,23,25,-1,24,22,23,-1,26,25,27,-1,26,27,28,-1,26,24,25,-1,29,26,28,-1,30,29,28,-1,30,28,31,-1,30,31,32,-1,33,30,32,-1,34,33,32,-1,34,32,35,-1,36,35,37,-1,36,34,35,-1,36,37,38,-1,39,36,38,-1,40,38,41,-1,40,39,38,-1]
coord Coordinate { point [3.12503 0.687772 0,3.09054 0.685058 0,3.09054 0.685058 -0.62992,3.12503 0.687772 -0.62992,3.15867 0.695847 0,3.15867 0.695847 -0.62992,3.19063 0.709086 0,3.19063 0.709086 -0.62992,3.22012 0.72716 0,3.22012 0.72716 -0.62992,3.24643 0.749627 0,3.24643 0.749627 -0.62992,3.26889 0.775931 0,3.26889 0.775931 -0.62992,3.28697 0.805427 0,3.28697 0.805427 -0.62992,3.30021 0.837386 0,3.30021 0.837386 -0.62992,3.30828 0.871024 0,3.30828 0.871024 -0.62992,3.311 0.90551 -0.62992,3.311 0.90551 0,3.30828 0.939996 0,3.30828 0.939996 -0.62992,3.30021 0.973634 0,3.30021 0.973634 -0.62992,3.28697 1.00559 0,3.28697 1.00559 -0.62992,3.26889 1.03509 -0.62992,3.26889 1.03509 0,3.24643 1.06139 0,3.24643 1.06139 -0.62992,3.22012 1.08386 -0.62992,3.22012 1.08386 0,3.19063 1.10193 0,3.19063 1.10193 -0.62992,3.15867 1.11517 0,3.15867 1.11517 -0.62992,3.12503 1.12325 -0.62992,3.12503 1.12325 0,3.09054 1.12596 0,3.09054 1.12596 -0.62992]
}}
appearance Appearance{material Material{diffuseColor 0.16 0.16 0.16
transparency 0}}}
Shape { geometry IndexedFaceSet 
{ creaseAngle 1.00 coordIndex [0,1,2,-1,0,2,3,-1]
coord Coordinate { point [2.81496 1.12596 0,3.09054 1.12596 0,3.09054 1.12596 -0.62992,2.81496 1.12596 -0.62992]
}}
appearance Appearance{material Material{diffuseColor 0.16 0.16 0.16
transparency 0}}}
Shape { geometry IndexedFaceSet 
{ creaseAngle 1.00 coordIndex [0,1,2,-1,2,1,3,-1,3,4,5,-1,1,4,3,-1,5,6,7,-1,4,6,5,-1,7,8,9,-1,6,8,7,-1,9,10,11,-1,8,10,9,-1,11,12,13,-1,10,12,11,-1,13,14,15,-1,12,14,13,-1,15,16,17,-1,14,16,15,-1,17,18,19,-1,16,18,17,-1,19,20,21,-1,18,20,19,-1,21,22,23,-1,23,22,24,-1,20,22,21,-1,22,25,24,-1,24,26,27,-1,25,26,24,-1,26,28,27,-1,27,28,29,-1,28,30,29,-1,29,30,31,-1,31,30,32,-1,30,33,32,-1,33,34,32,-1,32,34,35,-1,35,36,37,-1,34,36,35,-1,36,38,37,-1,37,38,39,-1,39,38,40,-1,38,41,40,-1]
coord Coordinate { point [2.81496 1.12203 0,2.78108 1.11936 0,2.81496 1.12203 -0.62992,2.78108 1.11936 -0.62992,2.74805 1.11143 0,2.74805 1.11143 -0.62992,2.71666 1.09843 0,2.71666 1.09843 -0.62992,2.68769 1.08067 0,2.68769 1.08067 -0.62992,2.66186 1.05861 0,2.66186 1.05861 -0.62992,2.63979 1.03277 0,2.63979 1.03277 -0.62992,2.62204 1.00381 0,2.62204 1.00381 -0.62992,2.60904 0.972417 0,2.60904 0.972417 -0.62992,2.60111 0.93938 0,2.60111 0.93938 -0.62992,2.59844 0.90551 0,2.59844 0.90551 -0.62992,2.60111 0.87164 0,2.60111 0.87164 -0.62992,2.60904 0.838603 -0.62992,2.60904 0.838603 0,2.62204 0.807214 0,2.62204 0.807214 -0.62992,2.63979 0.778245 0,2.63979 0.778245 -0.62992,2.66186 0.752411 0,2.66186 0.752411 -0.62992,2.68769 0.730345 -0.62992,2.68769 0.730345 0,2.71666 0.712593 0,2.71666 0.712593 -0.62992,2.74805 0.699592 0,2.74805 0.699592 -0.62992,2.78108 0.69166 0,2.78108 0.69166 -0.62992,2.81496 0.688995 -0.62992,2.81496 0.688995 0]
}}
appearance Appearance{material Material{diffuseColor 0.16 0.16 0.16
transparency 0}}}
Shape { geometry IndexedFaceSet 
{ creaseAngle 1.00 coordIndex [0,1,2,-1,2,1,3,-1]
coord Coordinate { point [2.81496 0.688995 0,3.09054 0.688995 0,2.81496 0.688995 -0.62992,3.09054 0.688995 -0.62992]
}}
appearance Appearance{material Material{diffuseColor 0.16 0.16 0.16
transparency 0}}}
Shape { geometry IndexedFaceSet 
{ creaseAngle 1.00 coordIndex [0,1,2,-1,2,1,3,-1,3,4,5,-1,1,4,3,-1,5,6,7,-1,4,6,5,-1,7,8,9,-1,6,8,7,-1,9,10,11,-1,8,10,9,-1,11,12,13,-1,10,12,11,-1,13,14,15,-1,12,14,13,-1,15,16,17,-1,14,16,15,-1,17,18,19,-1,16,18,17,-1,19,20,21,-1,18,20,19,-1,21,22,23,-1,23,22,24,-1,20,22,21,-1,22,25,24,-1,24,26,27,-1,25,26,24,-1,26,28,27,-1,27,28,29,-1,28,30,29,-1,29,30,31,-1,31,30,32,-1,30,33,32,-1,33,34,32,-1,32,34,35,-1,35,36,37,-1,34,36,35,-1,36,38,37,-1,37,38,39,-1,39,38,40,-1,38,41,40,-1]
coord Coordinate { point [3.09054 0.688995 0,3.12442 0.69166 0,3.09054 0.688995 -0.62992,3.12442 0.69166 -0.62992,3.15745 0.699592 0,3.15745 0.699592 -0.62992,3.18884 0.712593 0,3.18884 0.712593 -0.62992,3.21781 0.730345 0,3.21781 0.730345 -0.62992,3.24364 0.752411 0,3.24364 0.752411 -0.62992,3.26571 0.778245 0,3.26571 0.778245 -0.62992,3.28346 0.807214 0,3.28346 0.807214 -0.62992,3.29646 0.838603 0,3.29646 0.838603 -0.62992,3.30439 0.87164 0,3.30439 0.87164 -0.62992,3.30706 0.90551 0,3.30706 0.90551 -0.62992,3.30439 0.93938 0,3.30439 0.93938 -0.62992,3.29646 0.972417 -0.62992,3.29646 0.972417 0,3.28346 1.00381 0,3.28346 1.00381 -0.62992,3.26571 1.03277 0,3.26571 1.03277 -0.62992,3.24364 1.05861 0,3.24364 1.05861 -0.62992,3.21781 1.08067 -0.62992,3.21781 1.08067 0,3.18884 1.09843 0,3.18884 1.09843 -0.62992,3.15745 1.11143 0,3.15745 1.11143 -0.62992,3.12442 1.11936 0,3.12442 1.11936 -0.62992,3.09054 1.12203 -0.62992,3.09054 1.12203 0]
}}
appearance Appearance{material Material{diffuseColor 0.16 0.16 0.16
transparency 0}}}
Shape { geometry IndexedFaceSet 
{ creaseAngle 1.00 coordIndex [0,1,2,-1,2,1,3,-1]
coord Coordinate { point [3.09054 1.12203 0,2.81496 1.12203 0,3.09054 1.12203 -0.62992,2.81496 1.12203 -0.62992]
}}
appearance Appearance{material Material{diffuseColor 0.16 0.16 0.16
transparency 0}}}
Shape { geometry IndexedFaceSet 
{ creaseAngle 1.00 coordIndex [0,1,2,-1,3,2,4,-1,3,0,2,-1,5,1,0,-1,6,1,5,-1,7,4,8,-1,7,3,4,-1,9,6,5,-1,10,8,11,-1,10,7,8,-1,12,6,9,-1,12,13,6,-1,14,10,11,-1,14,11,15,-1,16,17,13,-1,16,13,12,-1,18,14,15,-1,18,15,19,-1,20,21,17,-1,20,17,16,-1,22,23,21,-1,22,21,20,-1,24,25,23,-1,24,23,22,-1,26,27,25,-1,26,25,24,-1,28,29,27,-1,28,27,26,-1,30,29,28,-1,30,28,31,-1,32,30,31,-1,33,30,32,-1,34,18,19,-1,35,18,34,-1,36,35,34,-1,37,35,36,-1,38,33,32,-1,38,32,39,-1,40,36,41,-1,40,37,36,-1,42,38,39,-1,42,39,43,-1,44,41,45,-1,44,40,41,-1,46,42,43,-1,46,43,47,-1,48,46,47,-1,49,46,48,-1,50,45,51,-1,50,44,45,-1,52,53,50,-1,52,50,51,-1,54,55,53,-1,54,53,52,-1,56,57,55,-1,56,55,54,-1,58,57,56,-1,58,59,57,-1,60,59,58,-1,60,61,59,-1,62,61,60,-1,63,62,60,-1,64,48,65,-1,64,49,48,-1,66,62,63,-1,66,67,62,-1,68,64,65,-1,68,65,69,-1,70,71,67,-1,70,67,66,-1,72,69,73,-1,72,68,69,-1,74,71,70,-1,74,75,71,-1,76,72,73,-1,76,73,77,-1,78,75,74,-1,78,79,75,-1,80,76,77,-1,80,77,81,-1,82,79,78,-1,82,80,81,-1,82,83,79,-1,82,81,83,-1]
coord Coordinate { point [2.66186 0.752411 0,2.63661 0.775931 0,2.65907 0.749627 0,2.68769 0.730345 0,2.68538 0.72716 0,2.63979 0.778245 0,2.61853 0.805427 0,2.71666 0.712593 0,2.71487 0.709086 0,2.62204 0.807214 0,2.74805 0.699592 0,2.74683 0.695847 0,2.60904 0.838603 0,2.60529 0.837386 0,2.78108 0.69166 0,2.78047 0.687772 0,2.60111 0.87164 0,2.59722 0.871024 0,2.81496 0.688995 0,2.81496 0.685058 0,2.59844 0.90551 0,2.5945 0.90551 0,2.60111 0.93938 0,2.59722 0.939996 0,2.60904 0.972417 0,2.60529 0.973634 0,2.62204 1.00381 0,2.61853 1.00559 0,2.63979 1.03277 0,2.63661 1.03509 0,2.65907 1.06139 0,2.66186 1.05861 0,2.68769 1.08067 0,2.68538 1.08386 0,3.09054 0.685058 0,3.09054 0.688995 0,3.12503 0.687772 0,3.12442 0.69166 0,2.71487 1.10193 0,2.71666 1.09843 0,3.15745 0.699592 0,3.15867 0.695847 0,2.74683 1.11517 0,2.74805 1.11143 0,3.18884 0.712593 0,3.19063 0.709086 0,2.78047 1.12325 0,2.78108 1.11936 0,2.81496 1.12203 0,2.81496 1.12596 0,3.21781 0.730345 0,3.22012 0.72716 0,3.24643 0.749627 0,3.24364 0.752411 0,3.26889 0.775931 0,3.26571 0.778245 0,3.28697 0.805427 0,3.28346 0.807214 0,3.30021 0.837386 0,3.29646 0.838603 0,3.30828 0.871024 0,3.30439 0.87164 0,3.30706 0.90551 0,3.311 0.90551 0,3.09054 1.12596 0,3.09054 1.12203 0,3.30828 0.939996 0,3.30439 0.93938 0,3.12503 1.12325 0,3.12442 1.11936 0,3.30021 0.973634 0,3.29646 0.972417 0,3.15867 1.11517 0,3.15745 1.11143 0,3.28697 1.00559 0,3.28346 1.00381 0,3.19063 1.10193 0,3.18884 1.09843 0,3.26889 1.03509 0,3.26571 1.03277 0,3.22012 1.08386 0,3.21781 1.08067 0,3.24643 1.06139 0,3.24364 1.05861 0]
}}
appearance Appearance{material Material{diffuseColor 0.16 0.16 0.16
transparency 0}}}
Shape { geometry IndexedFaceSet 
{ creaseAngle 1.00 coordIndex [0,1,2,-1,2,3,4,-1,1,3,2,-1,0,5,1,-1,0,6,5,-1,4,7,8,-1,3,7,4,-1,6,9,5,-1,8,10,11,-1,7,10,8,-1,6,12,9,-1,13,12,6,-1,10,14,11,-1,11,14,15,-1,16,17,13,-1,13,17,12,-1,14,18,15,-1,15,18,19,-1,20,21,16,-1,16,21,17,-1,22,23,20,-1,20,23,21,-1,24,25,22,-1,22,25,23,-1,26,27,24,-1,24,27,25,-1,28,29,26,-1,26,29,27,-1,28,30,29,-1,29,30,31,-1,30,32,31,-1,30,33,32,-1,18,34,19,-1,18,35,34,-1,35,36,34,-1,35,37,36,-1,33,38,32,-1,32,38,39,-1,36,40,41,-1,37,40,36,-1,38,42,39,-1,39,42,43,-1,41,44,45,-1,40,44,41,-1,42,46,43,-1,43,46,47,-1,46,48,47,-1,46,49,48,-1,45,50,51,-1,44,50,45,-1,52,53,50,-1,50,53,51,-1,54,55,52,-1,52,55,53,-1,56,57,54,-1,54,57,55,-1,56,58,57,-1,59,58,56,-1,59,60,58,-1,61,60,59,-1,61,62,60,-1,62,63,60,-1,48,64,65,-1,49,64,48,-1,62,66,63,-1,67,66,62,-1,64,68,65,-1,65,68,69,-1,70,71,67,-1,67,71,66,-1,69,72,73,-1,68,72,69,-1,70,74,71,-1,75,74,70,-1,72,76,73,-1,73,76,77,-1,75,78,74,-1,79,78,75,-1,76,80,77,-1,77,80,81,-1,79,82,78,-1,80,82,81,-1,83,82,79,-1,81,82,83,-1]
coord Coordinate { point [2.63661 0.775931 -0.62992,2.66186 0.752411 -0.62992,2.65907 0.749627 -0.62992,2.68769 0.730345 -0.62992,2.68538 0.72716 -0.62992,2.63979 0.778245 -0.62992,2.61853 0.805427 -0.62992,2.71666 0.712593 -0.62992,2.71487 0.709086 -0.62992,2.62204 0.807214 -0.62992,2.74805 0.699592 -0.62992,2.74683 0.695847 -0.62992,2.60904 0.838603 -0.62992,2.60529 0.837386 -0.62992,2.78108 0.69166 -0.62992,2.78047 0.687772 -0.62992,2.59722 0.871024 -0.62992,2.60111 0.87164 -0.62992,2.81496 0.688995 -0.62992,2.81496 0.685058 -0.62992,2.5945 0.90551 -0.62992,2.59844 0.90551 -0.62992,2.59722 0.939996 -0.62992,2.60111 0.93938 -0.62992,2.60529 0.973634 -0.62992,2.60904 0.972417 -0.62992,2.61853 1.00559 -0.62992,2.62204 1.00381 -0.62992,2.63661 1.03509 -0.62992,2.63979 1.03277 -0.62992,2.65907 1.06139 -0.62992,2.66186 1.05861 -0.62992,2.68769 1.08067 -0.62992,2.68538 1.08386 -0.62992,3.09054 0.685058 -0.62992,3.09054 0.688995 -0.62992,3.12503 0.687772 -0.62992,3.12442 0.69166 -0.62992,2.71487 1.10193 -0.62992,2.71666 1.09843 -0.62992,3.15745 0.699592 -0.62992,3.15867 0.695847 -0.62992,2.74683 1.11517 -0.62992,2.74805 1.11143 -0.62992,3.18884 0.712593 -0.62992,3.19063 0.709086 -0.62992,2.78047 1.12325 -0.62992,2.78108 1.11936 -0.62992,2.81496 1.12203 -0.62992,2.81496 1.12596 -0.62992,3.21781 0.730345 -0.62992,3.22012 0.72716 -0.62992,3.24364 0.752411 -0.62992,3.24643 0.749627 -0.62992,3.26571 0.778245 -0.62992,3.26889 0.775931 -0.62992,3.28346 0.807214 -0.62992,3.28697 0.805427 -0.62992,3.30021 0.837386 -0.62992,3.29646 0.838603 -0.62992,3.30828 0.871024 -0.62992,3.30439 0.87164 -0.62992,3.30706 0.90551 -0.62992,3.311 0.90551 -0.62992,3.09054 1.12596 -0.62992,3.09054 1.12203 -0.62992,3.30828 0.939996 -0.62992,3.30439 0.93938 -0.62992,3.12503 1.12325 -0.62992,3.12442 1.11936 -0.62992,3.29646 0.972417 -0.62992,3.30021 0.973634 -0.62992,3.15867 1.11517 -0.62992,3.15745 1.11143 -0.62992,3.28697 1.00559 -0.62992,3.28346 1.00381 -0.62992,3.19063 1.10193 -0.62992,3.18884 1.09843 -0.62992,3.26889 1.03509 -0.62992,3.26571 1.03277 -0.62992,3.22012 1.08386 -0.62992,3.21781 1.08067 -0.62992,3.24643 1.06139 -0.62992,3.24364 1.05861 -0.62992]
}}
appearance Appearance{material Material{diffuseColor 0.16 0.16 0.16
transparency 0}}}
Shape { geometry IndexedFaceSet 
{ creaseAngle 1.00 coordIndex [0,1,2,-1,0,2,3,-1,4,3,5,-1,4,0,3,-1,6,5,7,-1,6,4,5,-1,8,7,9,-1,8,6,7,-1,10,9,11,-1,10,8,9,-1,12,11,13,-1,12,10,11,-1,14,13,15,-1,14,12,13,-1,16,15,17,-1,16,14,15,-1,18,17,19,-1,18,19,20,-1,18,16,17,-1,21,20,22,-1,21,18,20,-1,23,21,22,-1,24,22,25,-1,24,23,22,-1,26,25,27,-1,26,24,25,-1,28,26,27,-1,28,27,29,-1,30,28,29,-1,30,29,31,-1,30,31,32,-1,33,30,32,-1,34,33,32,-1,34,32,35,-1,34,35,36,-1,37,34,36,-1,38,36,39,-1,38,37,36,-1,38,39,40,-1,41,38,40,-1]
coord Coordinate { point [2.78047 -2.65627 0,2.81496 -2.65356 0,2.81496 -2.65356 -0.62992,2.78047 -2.65627 -0.62992,2.74683 -2.66435 0,2.74683 -2.66435 -0.62992,2.71487 -2.67759 0,2.71487 -2.67759 -0.62992,2.68538 -2.69566 0,2.68538 -2.69566 -0.62992,2.65907 -2.71813 0,2.65907 -2.71813 -0.62992,2.63661 -2.74443 0,2.63661 -2.74443 -0.62992,2.61853 -2.77393 0,2.61853 -2.77393 -0.62992,2.60529 -2.80589 0,2.60529 -2.80589 -0.62992,2.59722 -2.83952 0,2.59722 -2.83952 -0.62992,2.5945 -2.87401 -0.62992,2.5945 -2.87401 0,2.59722 -2.9085 -0.62992,2.59722 -2.9085 0,2.60529 -2.94213 0,2.60529 -2.94213 -0.62992,2.61853 -2.97409 0,2.61853 -2.97409 -0.62992,2.63661 -3.00359 0,2.63661 -3.00359 -0.62992,2.65907 -3.02989 0,2.65907 -3.02989 -0.62992,2.68538 -3.05236 -0.62992,2.68538 -3.05236 0,2.71487 -3.07043 0,2.71487 -3.07043 -0.62992,2.74683 -3.08367 -0.62992,2.74683 -3.08367 0,2.78047 -3.09175 0,2.78047 -3.09175 -0.62992,2.81496 -3.09446 -0.62992,2.81496 -3.09446 0]
}}
appearance Appearance{material Material{diffuseColor 0.16 0.16 0.16
transparency 0}}}
Shape { geometry IndexedFaceSet 
{ creaseAngle 1.00 coordIndex [0,1,2,-1,0,2,3,-1]
coord Coordinate { point [3.09054 -3.09446 0,2.81496 -3.09446 0,2.81496 -3.09446 -0.62992,3.09054 -3.09446 -0.62992]
}}
appearance Appearance{material Material{diffuseColor 0.16 0.16 0.16
transparency 0}}}
Shape { geometry IndexedFaceSet 
{ creaseAngle 1.00 coordIndex [0,1,2,-1,0,2,3,-1,4,3,5,-1,4,0,3,-1,6,5,7,-1,6,4,5,-1,8,7,9,-1,8,6,7,-1,10,9,11,-1,10,8,9,-1,12,11,13,-1,12,10,11,-1,14,13,15,-1,14,12,13,-1,16,15,17,-1,16,14,15,-1,18,17,19,-1,18,19,20,-1,18,16,17,-1,21,18,20,-1,22,20,23,-1,22,21,20,-1,24,23,25,-1,24,22,23,-1,26,25,27,-1,26,27,28,-1,26,24,25,-1,29,26,28,-1,30,29,28,-1,30,28,31,-1,30,31,32,-1,33,30,32,-1,34,33,32,-1,34,32,35,-1,36,35,37,-1,36,34,35,-1,36,37,38,-1,39,36,38,-1,40,38,41,-1,40,39,38,-1]
coord Coordinate { point [3.12503 -3.09175 0,3.09054 -3.09446 0,3.09054 -3.09446 -0.62992,3.12503 -3.09175 -0.62992,3.15867 -3.08367 0,3.15867 -3.08367 -0.62992,3.19063 -3.07043 0,3.19063 -3.07043 -0.62992,3.22012 -3.05236 0,3.22012 -3.05236 -0.62992,3.24643 -3.02989 0,3.24643 -3.02989 -0.62992,3.26889 -3.00359 0,3.26889 -3.00359 -0.62992,3.28697 -2.97409 0,3.28697 -2.97409 -0.62992,3.30021 -2.94213 0,3.30021 -2.94213 -0.62992,3.30828 -2.9085 0,3.30828 -2.9085 -0.62992,3.311 -2.87401 -0.62992,3.311 -2.87401 0,3.30828 -2.83952 0,3.30828 -2.83952 -0.62992,3.30021 -2.80589 0,3.30021 -2.80589 -0.62992,3.28697 -2.77393 0,3.28697 -2.77393 -0.62992,3.26889 -2.74443 -0.62992,3.26889 -2.74443 0,3.24643 -2.71813 0,3.24643 -2.71813 -0.62992,3.22012 -2.69566 -0.62992,3.22012 -2.69566 0,3.19063 -2.67759 0,3.19063 -2.67759 -0.62992,3.15867 -2.66435 0,3.15867 -2.66435 -0.62992,3.12503 -2.65627 -0.62992,3.12503 -2.65627 0,3.09054 -2.65356 0,3.09054 -2.65356 -0.62992]
}}
appearance Appearance{material Material{diffuseColor 0.16 0.16 0.16
transparency 0}}}
Shape { geometry IndexedFaceSet 
{ creaseAngle 1.00 coordIndex [0,1,2,-1,0,2,3,-1]
coord Coordinate { point [2.81496 -2.65356 0,3.09054 -2.65356 0,3.09054 -2.65356 -0.62992,2.81496 -2.65356 -0.62992]
}}
appearance Appearance{material Material{diffuseColor 0.16 0.16 0.16
transparency 0}}}
Shape { geometry IndexedFaceSet 
{ creaseAngle 1.00 coordIndex [0,1,2,-1,2,1,3,-1,3,4,5,-1,1,4,3,-1,5,6,7,-1,4,6,5,-1,7,8,9,-1,6,8,7,-1,9,10,11,-1,8,10,9,-1,11,12,13,-1,10,12,11,-1,13,14,15,-1,12,14,13,-1,15,16,17,-1,14,16,15,-1,17,18,19,-1,16,18,17,-1,19,20,21,-1,18,20,19,-1,21,22,23,-1,23,22,24,-1,20,22,21,-1,22,25,24,-1,24,26,27,-1,25,26,24,-1,26,28,27,-1,27,28,29,-1,28,30,29,-1,29,30,31,-1,31,30,32,-1,30,33,32,-1,33,34,32,-1,32,34,35,-1,35,36,37,-1,34,36,35,-1,36,38,37,-1,37,38,39,-1,39,38,40,-1,38,41,40,-1]
coord Coordinate { point [2.81496 -2.65749 0,2.78108 -2.66016 0,2.81496 -2.65749 -0.62992,2.78108 -2.66016 -0.62992,2.74805 -2.66809 0,2.74805 -2.66809 -0.62992,2.71666 -2.68109 0,2.71666 -2.68109 -0.62992,2.68769 -2.69885 0,2.68769 -2.69885 -0.62992,2.66186 -2.72091 0,2.66186 -2.72091 -0.62992,2.63979 -2.74675 0,2.63979 -2.74675 -0.62992,2.62204 -2.77571 0,2.62204 -2.77571 -0.62992,2.60904 -2.8071 0,2.60904 -2.8071 -0.62992,2.60111 -2.84014 0,2.60111 -2.84014 -0.62992,2.59844 -2.87401 0,2.59844 -2.87401 -0.62992,2.60111 -2.90788 0,2.60111 -2.90788 -0.62992,2.60904 -2.94092 -0.62992,2.60904 -2.94092 0,2.62204 -2.97231 0,2.62204 -2.97231 -0.62992,2.63979 -3.00127 0,2.63979 -3.00127 -0.62992,2.66186 -3.02711 0,2.66186 -3.02711 -0.62992,2.68769 -3.04917 -0.62992,2.68769 -3.04917 0,2.71666 -3.06693 0,2.71666 -3.06693 -0.62992,2.74805 -3.07993 0,2.74805 -3.07993 -0.62992,2.78108 -3.08786 0,2.78108 -3.08786 -0.62992,2.81496 -3.09053 -0.62992,2.81496 -3.09053 0]
}}
appearance Appearance{material Material{diffuseColor 0.16 0.16 0.16
transparency 0}}}
Shape { geometry IndexedFaceSet 
{ creaseAngle 1.00 coordIndex [0,1,2,-1,2,1,3,-1]
coord Coordinate { point [2.81496 -3.09053 0,3.09054 -3.09053 0,2.81496 -3.09053 -0.62992,3.09054 -3.09053 -0.62992]
}}
appearance Appearance{material Material{diffuseColor 0.16 0.16 0.16
transparency 0}}}
Shape { geometry IndexedFaceSet 
{ creaseAngle 1.00 coordIndex [0,1,2,-1,2,1,3,-1,3,4,5,-1,1,4,3,-1,5,6,7,-1,4,6,5,-1,7,8,9,-1,6,8,7,-1,9,10,11,-1,8,10,9,-1,11,12,13,-1,10,12,11,-1,13,14,15,-1,12,14,13,-1,15,16,17,-1,14,16,15,-1,17,18,19,-1,16,18,17,-1,19,20,21,-1,18,20,19,-1,21,22,23,-1,23,22,24,-1,20,22,21,-1,22,25,24,-1,24,26,27,-1,25,26,24,-1,26,28,27,-1,27,28,29,-1,28,30,29,-1,29,30,31,-1,31,30,32,-1,30,33,32,-1,33,34,32,-1,32,34,35,-1,35,36,37,-1,34,36,35,-1,36,38,37,-1,37,38,39,-1,39,38,40,-1,38,41,40,-1]
coord Coordinate { point [3.09054 -3.09053 0,3.12442 -3.08786 0,3.09054 -3.09053 -0.62992,3.12442 -3.08786 -0.62992,3.15745 -3.07993 0,3.15745 -3.07993 -0.62992,3.18884 -3.06693 0,3.18884 -3.06693 -0.62992,3.21781 -3.04917 0,3.21781 -3.04917 -0.62992,3.24364 -3.02711 0,3.24364 -3.02711 -0.62992,3.26571 -3.00127 0,3.26571 -3.00127 -0.62992,3.28346 -2.97231 0,3.28346 -2.97231 -0.62992,3.29646 -2.94092 0,3.29646 -2.94092 -0.62992,3.30439 -2.90788 0,3.30439 -2.90788 -0.62992,3.30706 -2.87401 0,3.30706 -2.87401 -0.62992,3.30439 -2.84014 0,3.30439 -2.84014 -0.62992,3.29646 -2.8071 -0.62992,3.29646 -2.8071 0,3.28346 -2.77571 0,3.28346 -2.77571 -0.62992,3.26571 -2.74675 0,3.26571 -2.74675 -0.62992,3.24364 -2.72091 0,3.24364 -2.72091 -0.62992,3.21781 -2.69885 -0.62992,3.21781 -2.69885 0,3.18884 -2.68109 0,3.18884 -2.68109 -0.62992,3.15745 -2.66809 0,3.15745 -2.66809 -0.62992,3.12442 -2.66016 0,3.12442 -2.66016 -0.62992,3.09054 -2.65749 -0.62992,3.09054 -2.65749 0]
}}
appearance Appearance{material Material{diffuseColor 0.16 0.16 0.16
transparency 0}}}
Shape { geometry IndexedFaceSet 
{ creaseAngle 1.00 coordIndex [0,1,2,-1,2,1,3,-1]
coord Coordinate { point [3.09054 -2.65749 0,2.81496 -2.65749 0,3.09054 -2.65749 -0.62992,2.81496 -2.65749 -0.62992]
}}
appearance Appearance{material Material{diffuseColor 0.16 0.16 0.16
transparency 0}}}
Shape { geometry IndexedFaceSet 
{ creaseAngle 1.00 coordIndex [0,1,2,-1,3,2,4,-1,3,0,2,-1,5,1,0,-1,6,1,5,-1,7,4,8,-1,7,3,4,-1,9,6,5,-1,10,8,11,-1,10,7,8,-1,12,6,9,-1,12,13,6,-1,14,10,11,-1,14,11,15,-1,16,17,13,-1,16,13,12,-1,18,14,15,-1,18,15,19,-1,20,21,17,-1,20,17,16,-1,22,23,21,-1,22,21,20,-1,24,25,23,-1,24,23,22,-1,26,25,24,-1,26,27,25,-1,28,29,27,-1,28,27,26,-1,30,29,28,-1,30,28,31,-1,32,30,31,-1,33,30,32,-1,34,18,19,-1,35,18,34,-1,36,35,34,-1,37,33,32,-1,38,35,36,-1,39,33,37,-1,40,36,41,-1,40,38,36,-1,42,39,37,-1,43,39,42,-1,44,40,41,-1,45,40,44,-1,46,43,42,-1,46,42,47,-1,48,46,47,-1,48,47,49,-1,50,44,51,-1,50,45,44,-1,52,53,50,-1,52,50,51,-1,54,53,52,-1,55,54,52,-1,56,57,54,-1,56,54,55,-1,58,57,56,-1,59,58,56,-1,60,58,59,-1,60,61,58,-1,62,61,60,-1,63,62,60,-1,64,48,49,-1,64,49,65,-1,66,64,65,-1,67,62,63,-1,67,68,62,-1,69,64,66,-1,70,68,67,-1,71,70,67,-1,72,69,66,-1,72,66,73,-1,74,72,73,-1,75,70,71,-1,75,76,70,-1,77,72,74,-1,78,76,75,-1,79,77,74,-1,80,81,78,-1,80,78,75,-1,82,77,79,-1,83,81,80,-1,83,82,79,-1,83,79,81,-1]
coord Coordinate { point [2.66186 -3.02711 0,2.63661 -3.00359 0,2.65907 -3.02989 0,2.68769 -3.04917 0,2.68538 -3.05236 0,2.63979 -3.00127 0,2.61853 -2.97409 0,2.71666 -3.06693 0,2.71487 -3.07043 0,2.62204 -2.97231 0,2.74805 -3.07993 0,2.74683 -3.08367 0,2.60904 -2.94092 0,2.60529 -2.94213 0,2.78108 -3.08786 0,2.78047 -3.09175 0,2.60111 -2.90788 0,2.59722 -2.9085 0,2.81496 -3.09053 0,2.81496 -3.09446 0,2.59844 -2.87401 0,2.5945 -2.87401 0,2.60111 -2.84014 0,2.59722 -2.83952 0,2.60904 -2.8071 0,2.60529 -2.80589 0,2.62204 -2.77571 0,2.61853 -2.77393 0,2.63979 -2.74675 0,2.63661 -2.74443 0,2.65907 -2.71813 0,2.66186 -2.72091 0,2.68769 -2.69885 0,2.68538 -2.69566 0,3.09054 -3.09446 0,3.09054 -3.09053 0,3.12503 -3.09175 0,2.71666 -2.68109 0,3.12442 -3.08786 0,2.71487 -2.67759 0,3.15745 -3.07993 0,3.15867 -3.08367 0,2.74805 -2.66809 0,2.74683 -2.66435 0,3.19063 -3.07043 0,3.18884 -3.06693 0,2.78047 -2.65627 0,2.78108 -2.66016 0,2.81496 -2.65356 0,2.81496 -2.65749 0,3.21781 -3.04917 0,3.22012 -3.05236 0,3.24643 -3.02989 0,3.24364 -3.02711 0,3.26571 -3.00127 0,3.26889 -3.00359 0,3.28697 -2.97409 0,3.28346 -2.97231 0,3.29646 -2.94092 0,3.30021 -2.94213 0,3.30828 -2.9085 0,3.30439 -2.90788 0,3.30706 -2.87401 0,3.311 -2.87401 0,3.09054 -2.65356 0,3.09054 -2.65749 0,3.12442 -2.66016 0,3.30828 -2.83952 0,3.30439 -2.84014 0,3.12503 -2.65627 0,3.29646 -2.8071 0,3.30021 -2.80589 0,3.15867 -2.66435 0,3.15745 -2.66809 0,3.18884 -2.68109 0,3.28697 -2.77393 0,3.28346 -2.77571 0,3.19063 -2.67759 0,3.26571 -2.74675 0,3.21781 -2.69885 0,3.26889 -2.74443 0,3.24364 -2.72091 0,3.22012 -2.69566 0,3.24643 -2.71813 0]
}}
appearance Appearance{material Material{diffuseColor 0.16 0.16 0.16
transparency 0}}}
Shape { geometry IndexedFaceSet 
{ creaseAngle 1.00 coordIndex [0,1,2,-1,2,3,4,-1,1,3,2,-1,0,5,1,-1,0,6,5,-1,4,7,8,-1,3,7,4,-1,6,9,5,-1,8,10,11,-1,7,10,8,-1,6,12,9,-1,13,12,6,-1,10,14,11,-1,11,14,15,-1,16,17,13,-1,13,17,12,-1,14,18,15,-1,15,18,19,-1,20,21,16,-1,16,21,17,-1,22,23,20,-1,20,23,21,-1,24,25,22,-1,22,25,23,-1,24,26,25,-1,27,26,24,-1,28,29,27,-1,27,29,26,-1,28,30,29,-1,29,30,31,-1,30,32,31,-1,30,33,32,-1,18,34,19,-1,18,35,34,-1,35,36,34,-1,33,37,32,-1,35,38,36,-1,33,39,37,-1,36,40,41,-1,38,40,36,-1,39,42,37,-1,39,43,42,-1,40,44,41,-1,40,45,44,-1,43,46,42,-1,42,46,47,-1,46,48,47,-1,47,48,49,-1,44,50,51,-1,45,50,44,-1,52,53,50,-1,50,53,51,-1,52,54,53,-1,54,55,53,-1,56,57,54,-1,54,57,55,-1,56,58,57,-1,58,59,57,-1,58,60,59,-1,61,60,58,-1,61,62,60,-1,62,63,60,-1,48,64,49,-1,49,64,65,-1,64,66,65,-1,62,67,63,-1,68,67,62,-1,64,69,66,-1,68,70,67,-1,70,71,67,-1,69,72,66,-1,66,72,73,-1,72,74,73,-1,70,75,71,-1,76,75,70,-1,72,77,74,-1,76,78,75,-1,77,79,74,-1,80,81,78,-1,78,81,75,-1,77,82,79,-1,80,83,81,-1,82,83,79,-1,79,83,80,-1]
coord Coordinate { point [2.63661 -3.00359 -0.62992,2.66186 -3.02711 -0.62992,2.65907 -3.02989 -0.62992,2.68769 -3.04917 -0.62992,2.68538 -3.05236 -0.62992,2.63979 -3.00127 -0.62992,2.61853 -2.97409 -0.62992,2.71666 -3.06693 -0.62992,2.71487 -3.07043 -0.62992,2.62204 -2.97231 -0.62992,2.74805 -3.07993 -0.62992,2.74683 -3.08367 -0.62992,2.60904 -2.94092 -0.62992,2.60529 -2.94213 -0.62992,2.78108 -3.08786 -0.62992,2.78047 -3.09175 -0.62992,2.59722 -2.9085 -0.62992,2.60111 -2.90788 -0.62992,2.81496 -3.09053 -0.62992,2.81496 -3.09446 -0.62992,2.5945 -2.87401 -0.62992,2.59844 -2.87401 -0.62992,2.59722 -2.83952 -0.62992,2.60111 -2.84014 -0.62992,2.60529 -2.80589 -0.62992,2.60904 -2.8071 -0.62992,2.62204 -2.77571 -0.62992,2.61853 -2.77393 -0.62992,2.63661 -2.74443 -0.62992,2.63979 -2.74675 -0.62992,2.65907 -2.71813 -0.62992,2.66186 -2.72091 -0.62992,2.68769 -2.69885 -0.62992,2.68538 -2.69566 -0.62992,3.09054 -3.09446 -0.62992,3.09054 -3.09053 -0.62992,3.12503 -3.09175 -0.62992,2.71666 -2.68109 -0.62992,3.12442 -3.08786 -0.62992,2.71487 -2.67759 -0.62992,3.15745 -3.07993 -0.62992,3.15867 -3.08367 -0.62992,2.74805 -2.66809 -0.62992,2.74683 -2.66435 -0.62992,3.19063 -3.07043 -0.62992,3.18884 -3.06693 -0.62992,2.78047 -2.65627 -0.62992,2.78108 -2.66016 -0.62992,2.81496 -2.65356 -0.62992,2.81496 -2.65749 -0.62992,3.21781 -3.04917 -0.62992,3.22012 -3.05236 -0.62992,3.24364 -3.02711 -0.62992,3.24643 -3.02989 -0.62992,3.26571 -3.00127 -0.62992,3.26889 -3.00359 -0.62992,3.28346 -2.97231 -0.62992,3.28697 -2.97409 -0.62992,3.29646 -2.94092 -0.62992,3.30021 -2.94213 -0.62992,3.30828 -2.9085 -0.62992,3.30439 -2.90788 -0.62992,3.30706 -2.87401 -0.62992,3.311 -2.87401 -0.62992,3.09054 -2.65356 -0.62992,3.09054 -2.65749 -0.62992,3.12442 -2.66016 -0.62992,3.30828 -2.83952 -0.62992,3.30439 -2.84014 -0.62992,3.12503 -2.65627 -0.62992,3.29646 -2.8071 -0.62992,3.30021 -2.80589 -0.62992,3.15867 -2.66435 -0.62992,3.15745 -2.66809 -0.62992,3.18884 -2.68109 -0.62992,3.28697 -2.77393 -0.62992,3.28346 -2.77571 -0.62992,3.19063 -2.67759 -0.62992,3.26571 -2.74675 -0.62992,3.21781 -2.69885 -0.62992,3.24364 -2.72091 -0.62992,3.26889 -2.74443 -0.62992,3.22012 -2.69566 -0.62992,3.24643 -2.71813 -0.62992]
}}
appearance Appearance{material Material{diffuseColor 0.16 0.16 0.16
transparency 0}}}
Shape { geometry IndexedFaceSet 
{ creaseAngle 1.00 coordIndex [0,1,2,-1,0,2,3,-1,4,3,5,-1,4,0,3,-1,6,5,7,-1,6,4,5,-1,8,7,9,-1,8,6,7,-1,10,9,11,-1,10,8,9,-1,12,10,11,-1,12,11,13,-1,14,12,13,-1,14,13,15,-1,16,15,17,-1,16,14,15,-1,18,17,19,-1,18,16,17,-1,20,19,21,-1,20,18,19,-1,22,21,23,-1,22,20,21,-1,24,23,25,-1,24,22,23,-1,26,25,27,-1,26,27,28,-1,26,24,25,-1,29,26,28,-1,30,28,31,-1,30,29,28,-1,32,31,33,-1,32,30,31,-1,34,33,35,-1,34,35,36,-1,34,32,33,-1,37,34,36,-1,38,36,39,-1,38,37,36,-1,40,39,41,-1,40,38,39,-1,42,41,43,-1,42,40,41,-1,44,43,45,-1,44,45,46,-1,44,42,43,-1,47,44,46,-1,48,46,49,-1,48,47,46,-1,50,49,51,-1,50,48,49,-1,52,51,53,-1,52,50,51,-1,54,53,55,-1,54,52,53,-1,56,55,57,-1,56,57,58,-1,56,54,55,-1,59,56,58,-1,60,58,61,-1,60,61,62,-1,60,59,58,-1,63,60,62,-1,64,63,62,-1,64,62,65,-1,64,65,66,-1,67,64,66,-1,68,67,66,-1,68,66,69,-1,70,68,69,-1,70,69,71,-1,1,70,71,-1,1,71,2,-1]
coord Coordinate { point [-0.0348629 0.197717 0,4.45793e-17 0.200767 0,4.45793e-17 0.200767 -0.62992,-0.0348629 0.197717 -0.62992,-0.0686665 0.18866 0,-0.0686665 0.18866 -0.62992,-0.100384 0.17387 0,-0.100384 0.17387 -0.62992,-0.129051 0.153797 0,-0.129051 0.153797 -0.62992,-0.153797 0.129051 0,-0.153797 0.129051 -0.62992,-0.17387 0.100384 0,-0.17387 0.100384 -0.62992,-0.18866 0.0686665 0,-0.18866 0.0686665 -0.62992,-0.197717 0.0348629 0,-0.197717 0.0348629 -0.62992,-0.200767 5.68728e-17 0,-0.200767 5.68728e-17 -0.62992,-0.197717 -0.0348629 0,-0.197717 -0.0348629 -0.62992,-0.18866 -0.0686665 0,-0.18866 -0.0686665 -0.62992,-0.17387 -0.100384 0,-0.17387 -0.100384 -0.62992,-0.153797 -0.129051 0,-0.153797 -0.129051 -0.62992,-0.129051 -0.153797 -0.62992,-0.129051 -0.153797 0,-0.100384 -0.17387 0,-0.100384 -0.17387 -0.62992,-0.0686665 -0.18866 0,-0.0686665 -0.18866 -0.62992,-0.0348629 -0.197717 0,-0.0348629 -0.197717 -0.62992,-3.36642e-16 -0.200767 -0.62992,-3.36642e-16 -0.200767 0,0.0348629 -0.197717 0,0.0348629 -0.197717 -0.62992,0.0686665 -0.18866 0,0.0686665 -0.18866 -0.62992,0.100384 -0.17387 0,0.100384 -0.17387 -0.62992,0.129051 -0.153797 0,0.129051 -0.153797 -0.62992,0.153797 -0.129051 -0.62992,0.153797 -0.129051 0,0.17387 -0.100384 0,0.17387 -0.100384 -0.62992,0.18866 -0.0686665 0,0.18866 -0.0686665 -0.62992,0.197717 -0.0348629 0,0.197717 -0.0348629 -0.62992,0.200767 -6.16411e-16 0,0.200767 -6.16411e-16 -0.62992,0.197717 0.0348629 0,0.197717 0.0348629 -0.62992,0.18866 0.0686665 -0.62992,0.18866 0.0686665 0,0.17387 0.100384 0,0.17387 0.100384 -0.62992,0.153797 0.129051 -0.62992,0.153797 0.129051 0,0.129051 0.153797 0,0.129051 0.153797 -0.62992,0.100384 0.17387 -0.62992,0.100384 0.17387 0,0.0686665 0.18866 0,0.0686665 0.18866 -0.62992,0.0348629 0.197717 0,0.0348629 0.197717 -0.62992]
}}
appearance Appearance{material Material{diffuseColor 0.16 0.16 0.16
transparency 0}}}
Shape { geometry IndexedFaceSet 
{ creaseAngle 1.00 coordIndex [0,1,2,-1,2,1,3,-1,3,4,5,-1,1,4,3,-1,5,6,7,-1,4,6,5,-1,7,8,9,-1,6,8,7,-1,9,10,11,-1,11,10,12,-1,8,10,9,-1,10,13,12,-1,12,14,15,-1,13,14,12,-1,15,16,17,-1,14,16,15,-1,17,18,19,-1,16,18,17,-1,19,20,21,-1,21,20,22,-1,18,20,19,-1,20,23,22,-1,22,24,25,-1,23,24,22,-1,25,26,27,-1,27,26,28,-1,24,26,25,-1,26,29,28,-1,28,30,31,-1,31,30,32,-1,29,30,28,-1,32,33,34,-1,30,33,32,-1,34,35,36,-1,33,35,34,-1,35,37,36,-1,36,38,39,-1,39,38,40,-1,37,38,36,-1,40,41,42,-1,38,41,40,-1,41,43,42,-1,42,44,45,-1,43,44,42,-1,45,46,47,-1,44,46,45,-1,47,48,49,-1,46,48,47,-1,49,50,51,-1,48,50,49,-1,51,52,53,-1,50,52,51,-1,53,54,55,-1,52,54,53,-1,55,56,57,-1,54,56,55,-1,57,58,59,-1,56,58,57,-1,59,60,61,-1,61,60,62,-1,58,60,59,-1,60,63,62,-1,63,64,62,-1,62,64,65,-1,64,66,65,-1,65,66,67,-1,66,68,67,-1,67,68,69,-1,68,0,69,-1,69,0,2,-1]
coord Coordinate { point [2.18526e-17 0.19683 0,-0.0351454 0.193667 0,2.18526e-17 0.19683 -0.62992,-0.0351454 0.193667 -0.62992,-0.0691612 0.184279 0,-0.0691612 0.184279 -0.62992,-0.100954 0.168969 0,-0.100954 0.168969 -0.62992,-0.129502 0.148227 0,-0.129502 0.148227 -0.62992,-0.153888 0.122722 0,-0.153888 0.122722 -0.62992,-0.173328 0.0932717 -0.62992,-0.173328 0.0932717 0,-0.187197 0.0608239 0,-0.187197 0.0608239 -0.62992,-0.195049 0.0264212 0,-0.195049 0.0264212 -0.62992,-0.196632 -0.00883076 0,-0.196632 -0.00883076 -0.62992,-0.191895 -0.0437989 0,-0.191895 -0.0437989 -0.62992,-0.180991 -0.0773592 -0.62992,-0.180991 -0.0773592 0,-0.164269 -0.108433 0,-0.164269 -0.108433 -0.62992,-0.142268 -0.136022 0,-0.142268 -0.136022 -0.62992,-0.115694 -0.159239 -0.62992,-0.115694 -0.159239 0,-0.0854015 -0.177338 0,-0.0854015 -0.177338 -0.62992,-0.0523641 -0.189737 -0.62992,-0.0523641 -0.189737 0,-0.0176437 -0.196038 -0.62992,-0.0176437 -0.196038 0,0.0176437 -0.196038 -0.62992,0.0176437 -0.196038 0,0.0523641 -0.189737 0,0.0523641 -0.189737 -0.62992,0.0854015 -0.177338 -0.62992,0.0854015 -0.177338 0,0.115694 -0.159239 -0.62992,0.115694 -0.159239 0,0.142268 -0.136022 0,0.142268 -0.136022 -0.62992,0.164269 -0.108433 0,0.164269 -0.108433 -0.62992,0.180991 -0.0773592 0,0.180991 -0.0773592 -0.62992,0.191895 -0.0437989 0,0.191895 -0.0437989 -0.62992,0.196632 -0.00883076 0,0.196632 -0.00883076 -0.62992,0.195049 0.0264212 0,0.195049 0.0264212 -0.62992,0.187197 0.0608239 0,0.187197 0.0608239 -0.62992,0.173328 0.0932717 0,0.173328 0.0932717 -0.62992,0.153888 0.122722 0,0.153888 0.122722 -0.62992,0.129502 0.148227 -0.62992,0.129502 0.148227 0,0.100954 0.168969 0,0.100954 0.168969 -0.62992,0.0691612 0.184279 0,0.0691612 0.184279 -0.62992,0.0351454 0.193667 0,0.0351454 0.193667 -0.62992]
}}
appearance Appearance{material Material{diffuseColor 0.16 0.16 0.16
transparency 0}}}
Shape { geometry IndexedFaceSet 
{ creaseAngle 1.00 coordIndex [0,1,2,-1,3,0,2,-1,4,3,2,-1,5,6,1,-1,5,1,0,-1,7,3,4,-1,8,6,5,-1,9,7,4,-1,10,6,8,-1,11,7,9,-1,12,10,8,-1,13,11,9,-1,14,10,12,-1,15,11,13,-1,16,14,12,-1,17,15,13,-1,18,14,16,-1,19,15,17,-1,20,18,16,-1,21,19,17,-1,22,18,20,-1,23,19,21,-1,24,22,20,-1,25,23,21,-1,26,22,24,-1,27,23,25,-1,28,26,24,-1,29,27,25,-1,30,26,28,-1,31,27,29,-1,32,30,28,-1,33,31,29,-1,34,30,32,-1,35,31,33,-1,36,34,32,-1,37,35,33,-1,38,34,36,-1,39,35,37,-1,40,38,36,-1,41,39,37,-1,42,38,40,-1,43,39,41,-1,44,42,40,-1,45,43,41,-1,46,42,44,-1,47,43,45,-1,48,46,44,-1,49,47,45,-1,50,46,48,-1,51,47,49,-1,52,50,48,-1,53,51,49,-1,54,50,52,-1,55,51,53,-1,56,55,53,-1,57,52,58,-1,57,54,52,-1,59,55,56,-1,60,59,56,-1,61,58,62,-1,61,57,58,-1,63,59,60,-1,64,63,60,-1,65,61,62,-1,65,62,66,-1,67,63,64,-1,68,67,64,-1,68,69,67,-1,70,69,68,-1,70,66,69,-1,70,65,66,-1]
coord Coordinate { point [-0.142268 -0.136022 0,-0.153797 -0.129051 0,-0.129051 -0.153797 0,-0.115694 -0.159239 0,-0.100384 -0.17387 0,-0.164269 -0.108433 0,-0.17387 -0.100384 0,-0.0854015 -0.177338 0,-0.180991 -0.0773592 0,-0.0686665 -0.18866 0,-0.18866 -0.0686665 0,-0.0523641 -0.189737 0,-0.191895 -0.0437989 0,-0.0348629 -0.197717 0,-0.197717 -0.0348629 0,-0.0176437 -0.196038 0,-0.196632 -0.00883076 0,-3.36642e-16 -0.200767 0,-0.200767 5.68728e-17 0,0.0176437 -0.196038 0,-0.195049 0.0264212 0,0.0348629 -0.197717 0,-0.197717 0.0348629 0,0.0523641 -0.189737 0,-0.187197 0.0608239 0,0.0686665 -0.18866 0,-0.18866 0.0686665 0,0.0854015 -0.177338 0,-0.173328 0.0932717 0,0.100384 -0.17387 0,-0.17387 0.100384 0,0.115694 -0.159239 0,-0.153888 0.122722 0,0.129051 -0.153797 0,-0.153797 0.129051 0,0.142268 -0.136022 0,-0.129502 0.148227 0,0.153797 -0.129051 0,-0.129051 0.153797 0,0.164269 -0.108433 0,-0.100954 0.168969 0,0.17387 -0.100384 0,-0.100384 0.17387 0,0.180991 -0.0773592 0,-0.0691612 0.184279 0,0.18866 -0.0686665 0,-0.0686665 0.18866 0,0.191895 -0.0437989 0,-0.0351454 0.193667 0,0.197717 -0.0348629 0,-0.0348629 0.197717 0,0.196632 -0.00883076 0,2.18526e-17 0.19683 0,0.200767 -6.16411e-16 0,4.45793e-17 0.200767 0,0.195049 0.0264212 0,0.197717 0.0348629 0,0.0348629 0.197717 0,0.0351454 0.193667 0,0.187197 0.0608239 0,0.18866 0.0686665 0,0.0686665 0.18866 0,0.0691612 0.184279 0,0.173328 0.0932717 0,0.17387 0.100384 0,0.100384 0.17387 0,0.100954 0.168969 0,0.153888 0.122722 0,0.153797 0.129051 0,0.129502 0.148227 0,0.129051 0.153797 0]
}}
appearance Appearance{material Material{diffuseColor 0.16 0.16 0.16
transparency 0}}}
Shape { geometry IndexedFaceSet 
{ creaseAngle 1.00 coordIndex [0,1,2,-1,1,3,2,-1,3,4,2,-1,5,6,0,-1,0,6,1,-1,3,7,4,-1,5,8,6,-1,7,9,4,-1,5,10,8,-1,7,11,9,-1,10,12,8,-1,11,13,9,-1,10,14,12,-1,11,15,13,-1,14,16,12,-1,15,17,13,-1,14,18,16,-1,15,19,17,-1,18,20,16,-1,19,21,17,-1,18,22,20,-1,19,23,21,-1,22,24,20,-1,23,25,21,-1,22,26,24,-1,23,27,25,-1,26,28,24,-1,27,29,25,-1,26,30,28,-1,27,31,29,-1,30,32,28,-1,31,33,29,-1,30,34,32,-1,31,35,33,-1,34,36,32,-1,35,37,33,-1,34,38,36,-1,35,39,37,-1,38,40,36,-1,39,41,37,-1,38,42,40,-1,39,43,41,-1,42,44,40,-1,43,45,41,-1,42,46,44,-1,43,47,45,-1,46,48,44,-1,47,49,45,-1,46,50,48,-1,47,51,49,-1,50,52,48,-1,51,53,49,-1,50,54,52,-1,51,55,53,-1,55,56,53,-1,52,57,58,-1,54,57,52,-1,55,59,56,-1,59,60,56,-1,58,61,62,-1,57,61,58,-1,59,63,60,-1,63,64,60,-1,61,65,62,-1,62,65,66,-1,63,67,64,-1,67,68,64,-1,69,68,67,-1,69,70,68,-1,66,70,69,-1,65,70,66,-1]
coord Coordinate { point [-0.153797 -0.129051 -0.62992,-0.142268 -0.136022 -0.62992,-0.129051 -0.153797 -0.62992,-0.115694 -0.159239 -0.62992,-0.100384 -0.17387 -0.62992,-0.17387 -0.100384 -0.62992,-0.164269 -0.108433 -0.62992,-0.0854015 -0.177338 -0.62992,-0.180991 -0.0773592 -0.62992,-0.0686665 -0.18866 -0.62992,-0.18866 -0.0686665 -0.62992,-0.0523641 -0.189737 -0.62992,-0.191895 -0.0437989 -0.62992,-0.0348629 -0.197717 -0.62992,-0.197717 -0.0348629 -0.62992,-0.0176437 -0.196038 -0.62992,-0.196632 -0.00883076 -0.62992,-3.36642e-16 -0.200767 -0.62992,-0.200767 5.68728e-17 -0.62992,0.0176437 -0.196038 -0.62992,-0.195049 0.0264212 -0.62992,0.0348629 -0.197717 -0.62992,-0.197717 0.0348629 -0.62992,0.0523641 -0.189737 -0.62992,-0.187197 0.0608239 -0.62992,0.0686665 -0.18866 -0.62992,-0.18866 0.0686665 -0.62992,0.0854015 -0.177338 -0.62992,-0.173328 0.0932717 -0.62992,0.100384 -0.17387 -0.62992,-0.17387 0.100384 -0.62992,0.115694 -0.159239 -0.62992,-0.153888 0.122722 -0.62992,0.129051 -0.153797 -0.62992,-0.153797 0.129051 -0.62992,0.142268 -0.136022 -0.62992,-0.129502 0.148227 -0.62992,0.153797 -0.129051 -0.62992,-0.129051 0.153797 -0.62992,0.164269 -0.108433 -0.62992,-0.100954 0.168969 -0.62992,0.17387 -0.100384 -0.62992,-0.100384 0.17387 -0.62992,0.180991 -0.0773592 -0.62992,-0.0691612 0.184279 -0.62992,0.18866 -0.0686665 -0.62992,-0.0686665 0.18866 -0.62992,0.191895 -0.0437989 -0.62992,-0.0351454 0.193667 -0.62992,0.197717 -0.0348629 -0.62992,-0.0348629 0.197717 -0.62992,0.196632 -0.00883076 -0.62992,2.18526e-17 0.19683 -0.62992,0.200767 -6.16411e-16 -0.62992,4.45793e-17 0.200767 -0.62992,0.195049 0.0264212 -0.62992,0.197717 0.0348629 -0.62992,0.0348629 0.197717 -0.62992,0.0351454 0.193667 -0.62992,0.187197 0.0608239 -0.62992,0.18866 0.0686665 -0.62992,0.0686665 0.18866 -0.62992,0.0691612 0.184279 -0.62992,0.173328 0.0932717 -0.62992,0.17387 0.100384 -0.62992,0.100384 0.17387 -0.62992,0.100954 0.168969 -0.62992,0.153888 0.122722 -0.62992,0.153797 0.129051 -0.62992,0.129502 0.148227 -0.62992,0.129051 0.153797 -0.62992]
}}
appearance Appearance{material Material{diffuseColor 0.16 0.16 0.16
transparency 0}}}
Shape { geometry IndexedFaceSet 
{ creaseAngle 1.00 coordIndex [0,1,2,-1,0,2,3,-1,4,3,5,-1,4,0,3,-1,6,5,7,-1,6,4,5,-1,8,7,9,-1,8,6,7,-1,10,9,11,-1,10,8,9,-1,12,10,11,-1,12,11,13,-1,14,12,13,-1,14,13,15,-1,16,15,17,-1,16,14,15,-1,18,17,19,-1,18,16,17,-1,20,19,21,-1,20,18,19,-1,22,21,23,-1,22,20,21,-1,24,23,25,-1,24,22,23,-1,26,25,27,-1,26,27,28,-1,26,24,25,-1,29,26,28,-1,30,28,31,-1,30,29,28,-1,32,31,33,-1,32,30,31,-1,34,33,35,-1,34,35,36,-1,34,32,33,-1,37,34,36,-1,38,36,39,-1,38,37,36,-1,40,39,41,-1,40,38,39,-1,42,41,43,-1,42,40,41,-1,44,43,45,-1,44,45,46,-1,44,42,43,-1,47,44,46,-1,48,46,49,-1,48,47,46,-1,50,49,51,-1,50,48,49,-1,52,51,53,-1,52,50,51,-1,54,53,55,-1,54,52,53,-1,56,55,57,-1,56,57,58,-1,56,54,55,-1,59,56,58,-1,60,58,61,-1,60,61,62,-1,60,59,58,-1,63,60,62,-1,64,63,62,-1,64,62,65,-1,64,65,66,-1,67,64,66,-1,68,67,66,-1,68,66,69,-1,70,68,69,-1,70,69,71,-1,1,70,71,-1,1,71,2,-1]
coord Coordinate { point [-0.0348629 -0.786533 0,4.45793e-17 -0.783483 0,4.45793e-17 -0.783483 -0.62992,-0.0348629 -0.786533 -0.62992,-0.0686665 -0.79559 0,-0.0686665 -0.79559 -0.62992,-0.100384 -0.81038 0,-0.100384 -0.81038 -0.62992,-0.129051 -0.830453 0,-0.129051 -0.830453 -0.62992,-0.153797 -0.855199 0,-0.153797 -0.855199 -0.62992,-0.17387 -0.883866 0,-0.17387 -0.883866 -0.62992,-0.18866 -0.915584 0,-0.18866 -0.915584 -0.62992,-0.197717 -0.949387 0,-0.197717 -0.949387 -0.62992,-0.200767 -0.98425 0,-0.200767 -0.98425 -0.62992,-0.197717 -1.01911 0,-0.197717 -1.01911 -0.62992,-0.18866 -1.05292 0,-0.18866 -1.05292 -0.62992,-0.17387 -1.08463 0,-0.17387 -1.08463 -0.62992,-0.153797 -1.1133 0,-0.153797 -1.1133 -0.62992,-0.129051 -1.13805 -0.62992,-0.129051 -1.13805 0,-0.100384 -1.15812 0,-0.100384 -1.15812 -0.62992,-0.0686665 -1.17291 0,-0.0686665 -1.17291 -0.62992,-0.0348629 -1.18197 0,-0.0348629 -1.18197 -0.62992,-3.36642e-16 -1.18502 -0.62992,-3.36642e-16 -1.18502 0,0.0348629 -1.18197 0,0.0348629 -1.18197 -0.62992,0.0686665 -1.17291 0,0.0686665 -1.17291 -0.62992,0.100384 -1.15812 0,0.100384 -1.15812 -0.62992,0.129051 -1.13805 0,0.129051 -1.13805 -0.62992,0.153797 -1.1133 -0.62992,0.153797 -1.1133 0,0.17387 -1.08463 0,0.17387 -1.08463 -0.62992,0.18866 -1.05292 0,0.18866 -1.05292 -0.62992,0.197717 -1.01911 0,0.197717 -1.01911 -0.62992,0.200767 -0.98425 0,0.200767 -0.98425 -0.62992,0.197717 -0.949387 0,0.197717 -0.949387 -0.62992,0.18866 -0.915584 -0.62992,0.18866 -0.915584 0,0.17387 -0.883866 0,0.17387 -0.883866 -0.62992,0.153797 -0.855199 -0.62992,0.153797 -0.855199 0,0.129051 -0.830453 0,0.129051 -0.830453 -0.62992,0.100384 -0.81038 -0.62992,0.100384 -0.81038 0,0.0686665 -0.79559 0,0.0686665 -0.79559 -0.62992,0.0348629 -0.786533 0,0.0348629 -0.786533 -0.62992]
}}
appearance Appearance{material Material{diffuseColor 0.16 0.16 0.16
transparency 0}}}
Shape { geometry IndexedFaceSet 
{ creaseAngle 1.00 coordIndex [0,1,2,-1,2,1,3,-1,3,4,5,-1,1,4,3,-1,5,6,7,-1,4,6,5,-1,7,8,9,-1,6,8,7,-1,9,10,11,-1,11,10,12,-1,8,10,9,-1,10,13,12,-1,12,14,15,-1,13,14,12,-1,15,16,17,-1,14,16,15,-1,17,18,19,-1,16,18,17,-1,19,20,21,-1,21,20,22,-1,18,20,19,-1,20,23,22,-1,22,24,25,-1,23,24,22,-1,25,26,27,-1,27,26,28,-1,24,26,25,-1,26,29,28,-1,28,30,31,-1,31,30,32,-1,29,30,28,-1,32,33,34,-1,30,33,32,-1,34,35,36,-1,33,35,34,-1,35,37,36,-1,36,38,39,-1,39,38,40,-1,37,38,36,-1,40,41,42,-1,38,41,40,-1,41,43,42,-1,42,44,45,-1,43,44,42,-1,45,46,47,-1,44,46,45,-1,47,48,49,-1,46,48,47,-1,49,50,51,-1,48,50,49,-1,51,52,53,-1,50,52,51,-1,53,54,55,-1,52,54,53,-1,55,56,57,-1,54,56,55,-1,57,58,59,-1,56,58,57,-1,59,60,61,-1,61,60,62,-1,58,60,59,-1,60,63,62,-1,63,64,62,-1,62,64,65,-1,64,66,65,-1,65,66,67,-1,66,68,67,-1,67,68,69,-1,68,0,69,-1,69,0,2,-1]
coord Coordinate { point [2.18526e-17 -0.78742 0,-0.0351454 -0.790583 0,2.18526e-17 -0.78742 -0.62992,-0.0351454 -0.790583 -0.62992,-0.0691612 -0.799971 0,-0.0691612 -0.799971 -0.62992,-0.100954 -0.815281 0,-0.100954 -0.815281 -0.62992,-0.129502 -0.836023 0,-0.129502 -0.836023 -0.62992,-0.153888 -0.861528 0,-0.153888 -0.861528 -0.62992,-0.173328 -0.890978 -0.62992,-0.173328 -0.890978 0,-0.187197 -0.923426 0,-0.187197 -0.923426 -0.62992,-0.195049 -0.957829 0,-0.195049 -0.957829 -0.62992,-0.196632 -0.993081 0,-0.196632 -0.993081 -0.62992,-0.191895 -1.02805 0,-0.191895 -1.02805 -0.62992,-0.180991 -1.06161 -0.62992,-0.180991 -1.06161 0,-0.164269 -1.09268 0,-0.164269 -1.09268 -0.62992,-0.142268 -1.12027 0,-0.142268 -1.12027 -0.62992,-0.115694 -1.14349 -0.62992,-0.115694 -1.14349 0,-0.0854015 -1.16159 0,-0.0854015 -1.16159 -0.62992,-0.0523641 -1.17399 -0.62992,-0.0523641 -1.17399 0,-0.0176437 -1.18029 -0.62992,-0.0176437 -1.18029 0,0.0176437 -1.18029 -0.62992,0.0176437 -1.18029 0,0.0523641 -1.17399 0,0.0523641 -1.17399 -0.62992,0.0854015 -1.16159 -0.62992,0.0854015 -1.16159 0,0.115694 -1.14349 -0.62992,0.115694 -1.14349 0,0.142268 -1.12027 0,0.142268 -1.12027 -0.62992,0.164269 -1.09268 0,0.164269 -1.09268 -0.62992,0.180991 -1.06161 0,0.180991 -1.06161 -0.62992,0.191895 -1.02805 0,0.191895 -1.02805 -0.62992,0.196632 -0.993081 0,0.196632 -0.993081 -0.62992,0.195049 -0.957829 0,0.195049 -0.957829 -0.62992,0.187197 -0.923426 0,0.187197 -0.923426 -0.62992,0.173328 -0.890978 0,0.173328 -0.890978 -0.62992,0.153888 -0.861528 0,0.153888 -0.861528 -0.62992,0.129502 -0.836023 -0.62992,0.129502 -0.836023 0,0.100954 -0.815281 0,0.100954 -0.815281 -0.62992,0.0691612 -0.799971 0,0.0691612 -0.799971 -0.62992,0.0351454 -0.790583 0,0.0351454 -0.790583 -0.62992]
}}
appearance Appearance{material Material{diffuseColor 0.16 0.16 0.16
transparency 0}}}
Shape { geometry IndexedFaceSet 
{ creaseAngle 1.00 coordIndex [0,1,2,-1,3,0,2,-1,4,3,2,-1,5,6,1,-1,5,1,0,-1,7,3,4,-1,8,6,5,-1,9,7,4,-1,10,6,8,-1,11,7,9,-1,12,10,8,-1,13,11,9,-1,14,10,12,-1,15,11,13,-1,16,14,12,-1,17,15,13,-1,18,14,16,-1,19,15,17,-1,20,18,16,-1,21,19,17,-1,22,18,20,-1,23,19,21,-1,24,22,20,-1,25,23,21,-1,26,22,24,-1,27,23,25,-1,28,26,24,-1,29,27,25,-1,30,26,28,-1,31,27,29,-1,32,30,28,-1,33,31,29,-1,34,30,32,-1,35,31,33,-1,36,34,32,-1,37,35,33,-1,38,34,36,-1,39,35,37,-1,40,38,36,-1,41,39,37,-1,42,38,40,-1,43,39,41,-1,44,42,40,-1,45,43,41,-1,46,42,44,-1,47,43,45,-1,48,46,44,-1,49,47,45,-1,50,46,48,-1,51,47,49,-1,52,50,48,-1,53,51,49,-1,54,50,52,-1,55,51,53,-1,56,55,53,-1,57,52,58,-1,57,54,52,-1,59,55,56,-1,60,59,56,-1,61,58,62,-1,61,57,58,-1,63,59,60,-1,64,63,60,-1,65,62,66,-1,65,61,62,-1,67,63,64,-1,68,67,64,-1,68,69,67,-1,70,69,68,-1,70,65,66,-1,70,66,69,-1]
coord Coordinate { point [-0.142268 -1.12027 0,-0.153797 -1.1133 0,-0.129051 -1.13805 0,-0.115694 -1.14349 0,-0.100384 -1.15812 0,-0.164269 -1.09268 0,-0.17387 -1.08463 0,-0.0854015 -1.16159 0,-0.180991 -1.06161 0,-0.0686665 -1.17291 0,-0.18866 -1.05292 0,-0.0523641 -1.17399 0,-0.191895 -1.02805 0,-0.0348629 -1.18197 0,-0.197717 -1.01911 0,-0.0176437 -1.18029 0,-0.196632 -0.993081 0,-3.36642e-16 -1.18502 0,-0.200767 -0.98425 0,0.0176437 -1.18029 0,-0.195049 -0.957829 0,0.0348629 -1.18197 0,-0.197717 -0.949387 0,0.0523641 -1.17399 0,-0.187197 -0.923426 0,0.0686665 -1.17291 0,-0.18866 -0.915584 0,0.0854015 -1.16159 0,-0.173328 -0.890978 0,0.100384 -1.15812 0,-0.17387 -0.883866 0,0.115694 -1.14349 0,-0.153888 -0.861528 0,0.129051 -1.13805 0,-0.153797 -0.855199 0,0.142268 -1.12027 0,-0.129502 -0.836023 0,0.153797 -1.1133 0,-0.129051 -0.830453 0,0.164269 -1.09268 0,-0.100954 -0.815281 0,0.17387 -1.08463 0,-0.100384 -0.81038 0,0.180991 -1.06161 0,-0.0691612 -0.799971 0,0.18866 -1.05292 0,-0.0686665 -0.79559 0,0.191895 -1.02805 0,-0.0351454 -0.790583 0,0.197717 -1.01911 0,-0.0348629 -0.786533 0,0.196632 -0.993081 0,2.18526e-17 -0.78742 0,0.200767 -0.98425 0,4.45793e-17 -0.783483 0,0.195049 -0.957829 0,0.197717 -0.949387 0,0.0348629 -0.786533 0,0.0351454 -0.790583 0,0.187197 -0.923426 0,0.18866 -0.915584 0,0.0686665 -0.79559 0,0.0691612 -0.799971 0,0.173328 -0.890978 0,0.17387 -0.883866 0,0.100384 -0.81038 0,0.100954 -0.815281 0,0.153888 -0.861528 0,0.153797 -0.855199 0,0.129502 -0.836023 0,0.129051 -0.830453 0]
}}
appearance Appearance{material Material{diffuseColor 0.16 0.16 0.16
transparency 0}}}
Shape { geometry IndexedFaceSet 
{ creaseAngle 1.00 coordIndex [0,1,2,-1,1,3,2,-1,3,4,2,-1,5,6,0,-1,0,6,1,-1,3,7,4,-1,5,8,6,-1,7,9,4,-1,5,10,8,-1,7,11,9,-1,10,12,8,-1,11,13,9,-1,10,14,12,-1,11,15,13,-1,14,16,12,-1,15,17,13,-1,14,18,16,-1,15,19,17,-1,18,20,16,-1,19,21,17,-1,18,22,20,-1,19,23,21,-1,22,24,20,-1,23,25,21,-1,22,26,24,-1,23,27,25,-1,26,28,24,-1,27,29,25,-1,26,30,28,-1,27,31,29,-1,30,32,28,-1,31,33,29,-1,30,34,32,-1,31,35,33,-1,34,36,32,-1,35,37,33,-1,34,38,36,-1,35,39,37,-1,38,40,36,-1,39,41,37,-1,38,42,40,-1,39,43,41,-1,42,44,40,-1,43,45,41,-1,42,46,44,-1,43,47,45,-1,46,48,44,-1,47,49,45,-1,46,50,48,-1,47,51,49,-1,50,52,48,-1,51,53,49,-1,50,54,52,-1,51,55,53,-1,55,56,53,-1,52,57,58,-1,54,57,52,-1,55,59,56,-1,59,60,56,-1,58,61,62,-1,57,61,58,-1,59,63,60,-1,63,64,60,-1,62,65,66,-1,61,65,62,-1,63,67,64,-1,67,68,64,-1,69,68,67,-1,69,70,68,-1,65,70,66,-1,66,70,69,-1]
coord Coordinate { point [-0.153797 -1.1133 -0.62992,-0.142268 -1.12027 -0.62992,-0.129051 -1.13805 -0.62992,-0.115694 -1.14349 -0.62992,-0.100384 -1.15812 -0.62992,-0.17387 -1.08463 -0.62992,-0.164269 -1.09268 -0.62992,-0.0854015 -1.16159 -0.62992,-0.180991 -1.06161 -0.62992,-0.0686665 -1.17291 -0.62992,-0.18866 -1.05292 -0.62992,-0.0523641 -1.17399 -0.62992,-0.191895 -1.02805 -0.62992,-0.0348629 -1.18197 -0.62992,-0.197717 -1.01911 -0.62992,-0.0176437 -1.18029 -0.62992,-0.196632 -0.993081 -0.62992,-3.36642e-16 -1.18502 -0.62992,-0.200767 -0.98425 -0.62992,0.0176437 -1.18029 -0.62992,-0.195049 -0.957829 -0.62992,0.0348629 -1.18197 -0.62992,-0.197717 -0.949387 -0.62992,0.0523641 -1.17399 -0.62992,-0.187197 -0.923426 -0.62992,0.0686665 -1.17291 -0.62992,-0.18866 -0.915584 -0.62992,0.0854015 -1.16159 -0.62992,-0.173328 -0.890978 -0.62992,0.100384 -1.15812 -0.62992,-0.17387 -0.883866 -0.62992,0.115694 -1.14349 -0.62992,-0.153888 -0.861528 -0.62992,0.129051 -1.13805 -0.62992,-0.153797 -0.855199 -0.62992,0.142268 -1.12027 -0.62992,-0.129502 -0.836023 -0.62992,0.153797 -1.1133 -0.62992,-0.129051 -0.830453 -0.62992,0.164269 -1.09268 -0.62992,-0.100954 -0.815281 -0.62992,0.17387 -1.08463 -0.62992,-0.100384 -0.81038 -0.62992,0.180991 -1.06161 -0.62992,-0.0691612 -0.799971 -0.62992,0.18866 -1.05292 -0.62992,-0.0686665 -0.79559 -0.62992,0.191895 -1.02805 -0.62992,-0.0351454 -0.790583 -0.62992,0.197717 -1.01911 -0.62992,-0.0348629 -0.786533 -0.62992,0.196632 -0.993081 -0.62992,2.18526e-17 -0.78742 -0.62992,0.200767 -0.98425 -0.62992,4.45793e-17 -0.783483 -0.62992,0.195049 -0.957829 -0.62992,0.197717 -0.949387 -0.62992,0.0348629 -0.786533 -0.62992,0.0351454 -0.790583 -0.62992,0.187197 -0.923426 -0.62992,0.18866 -0.915584 -0.62992,0.0686665 -0.79559 -0.62992,0.0691612 -0.799971 -0.62992,0.173328 -0.890978 -0.62992,0.17387 -0.883866 -0.62992,0.100384 -0.81038 -0.62992,0.100954 -0.815281 -0.62992,0.153888 -0.861528 -0.62992,0.153797 -0.855199 -0.62992,0.129502 -0.836023 -0.62992,0.129051 -0.830453 -0.62992]
}}
appearance Appearance{material Material{diffuseColor 0.16 0.16 0.16
transparency 0}}}
Shape { geometry IndexedFaceSet 
{ creaseAngle 1.00 coordIndex [0,1,2,-1,0,2,3,-1,4,3,5,-1,4,0,3,-1,6,5,7,-1,6,4,5,-1,8,7,9,-1,8,6,7,-1,10,9,11,-1,10,8,9,-1,12,10,11,-1,12,11,13,-1,14,12,13,-1,14,13,15,-1,16,15,17,-1,16,14,15,-1,18,17,19,-1,18,16,17,-1,20,19,21,-1,20,18,19,-1,22,21,23,-1,22,20,21,-1,24,23,25,-1,24,22,23,-1,26,25,27,-1,26,27,28,-1,26,24,25,-1,29,26,28,-1,30,28,31,-1,30,29,28,-1,32,31,33,-1,32,30,31,-1,34,33,35,-1,34,35,36,-1,34,32,33,-1,37,34,36,-1,38,36,39,-1,38,37,36,-1,40,39,41,-1,40,38,39,-1,42,41,43,-1,42,40,41,-1,44,43,45,-1,44,45,46,-1,44,42,43,-1,47,44,46,-1,48,46,49,-1,48,47,46,-1,50,49,51,-1,50,48,49,-1,52,51,53,-1,52,50,51,-1,54,53,55,-1,54,52,53,-1,56,55,57,-1,56,57,58,-1,56,54,55,-1,59,56,58,-1,60,58,61,-1,60,61,62,-1,60,59,58,-1,63,60,62,-1,64,63,62,-1,64,62,65,-1,64,65,66,-1,67,64,66,-1,68,67,66,-1,68,66,69,-1,70,68,69,-1,70,69,71,-1,1,70,71,-1,1,71,2,-1]
coord Coordinate { point [-0.0348629 -1.77078 0,4.45793e-17 -1.76773 0,4.45793e-17 -1.76773 -0.62992,-0.0348629 -1.77078 -0.62992,-0.0686665 -1.77984 0,-0.0686665 -1.77984 -0.62992,-0.100384 -1.79463 0,-0.100384 -1.79463 -0.62992,-0.129051 -1.8147 0,-0.129051 -1.8147 -0.62992,-0.153797 -1.83945 0,-0.153797 -1.83945 -0.62992,-0.17387 -1.86812 0,-0.17387 -1.86812 -0.62992,-0.18866 -1.89983 0,-0.18866 -1.89983 -0.62992,-0.197717 -1.93364 0,-0.197717 -1.93364 -0.62992,-0.200767 -1.9685 0,-0.200767 -1.9685 -0.62992,-0.197717 -2.00336 0,-0.197717 -2.00336 -0.62992,-0.18866 -2.03717 0,-0.18866 -2.03717 -0.62992,-0.17387 -2.06888 0,-0.17387 -2.06888 -0.62992,-0.153797 -2.09755 0,-0.153797 -2.09755 -0.62992,-0.129051 -2.1223 -0.62992,-0.129051 -2.1223 0,-0.100384 -2.14237 0,-0.100384 -2.14237 -0.62992,-0.0686665 -2.15716 0,-0.0686665 -2.15716 -0.62992,-0.0348629 -2.16622 0,-0.0348629 -2.16622 -0.62992,-3.36642e-16 -2.16927 -0.62992,-3.36642e-16 -2.16927 0,0.0348629 -2.16622 0,0.0348629 -2.16622 -0.62992,0.0686665 -2.15716 0,0.0686665 -2.15716 -0.62992,0.100384 -2.14237 0,0.100384 -2.14237 -0.62992,0.129051 -2.1223 0,0.129051 -2.1223 -0.62992,0.153797 -2.09755 -0.62992,0.153797 -2.09755 0,0.17387 -2.06888 0,0.17387 -2.06888 -0.62992,0.18866 -2.03717 0,0.18866 -2.03717 -0.62992,0.197717 -2.00336 0,0.197717 -2.00336 -0.62992,0.200767 -1.9685 0,0.200767 -1.9685 -0.62992,0.197717 -1.93364 0,0.197717 -1.93364 -0.62992,0.18866 -1.89983 -0.62992,0.18866 -1.89983 0,0.17387 -1.86812 0,0.17387 -1.86812 -0.62992,0.153797 -1.83945 -0.62992,0.153797 -1.83945 0,0.129051 -1.8147 0,0.129051 -1.8147 -0.62992,0.100384 -1.79463 -0.62992,0.100384 -1.79463 0,0.0686665 -1.77984 0,0.0686665 -1.77984 -0.62992,0.0348629 -1.77078 0,0.0348629 -1.77078 -0.62992]
}}
appearance Appearance{material Material{diffuseColor 0.16 0.16 0.16
transparency 0}}}
Shape { geometry IndexedFaceSet 
{ creaseAngle 1.00 coordIndex [0,1,2,-1,2,1,3,-1,3,4,5,-1,1,4,3,-1,5,6,7,-1,4,6,5,-1,7,8,9,-1,6,8,7,-1,9,10,11,-1,11,10,12,-1,8,10,9,-1,10,13,12,-1,12,14,15,-1,13,14,12,-1,15,16,17,-1,14,16,15,-1,17,18,19,-1,16,18,17,-1,19,20,21,-1,21,20,22,-1,18,20,19,-1,20,23,22,-1,22,24,25,-1,23,24,22,-1,25,26,27,-1,27,26,28,-1,24,26,25,-1,26,29,28,-1,28,30,31,-1,31,30,32,-1,29,30,28,-1,32,33,34,-1,30,33,32,-1,34,35,36,-1,33,35,34,-1,35,37,36,-1,36,38,39,-1,39,38,40,-1,37,38,36,-1,40,41,42,-1,38,41,40,-1,41,43,42,-1,42,44,45,-1,43,44,42,-1,45,46,47,-1,44,46,45,-1,47,48,49,-1,46,48,47,-1,49,50,51,-1,48,50,49,-1,51,52,53,-1,50,52,51,-1,53,54,55,-1,52,54,53,-1,55,56,57,-1,54,56,55,-1,57,58,59,-1,56,58,57,-1,59,60,61,-1,61,60,62,-1,58,60,59,-1,60,63,62,-1,63,64,62,-1,62,64,65,-1,64,66,65,-1,65,66,67,-1,66,68,67,-1,67,68,69,-1,68,0,69,-1,69,0,2,-1]
coord Coordinate { point [2.18526e-17 -1.77167 0,-0.0351454 -1.77483 0,2.18526e-17 -1.77167 -0.62992,-0.0351454 -1.77483 -0.62992,-0.0691612 -1.78422 0,-0.0691612 -1.78422 -0.62992,-0.100954 -1.79953 0,-0.100954 -1.79953 -0.62992,-0.129502 -1.82027 0,-0.129502 -1.82027 -0.62992,-0.153888 -1.84578 0,-0.153888 -1.84578 -0.62992,-0.173328 -1.87523 -0.62992,-0.173328 -1.87523 0,-0.187197 -1.90768 0,-0.187197 -1.90768 -0.62992,-0.195049 -1.94208 0,-0.195049 -1.94208 -0.62992,-0.196632 -1.97733 0,-0.196632 -1.97733 -0.62992,-0.191895 -2.0123 0,-0.191895 -2.0123 -0.62992,-0.180991 -2.04586 -0.62992,-0.180991 -2.04586 0,-0.164269 -2.07693 0,-0.164269 -2.07693 -0.62992,-0.142268 -2.10452 0,-0.142268 -2.10452 -0.62992,-0.115694 -2.12774 -0.62992,-0.115694 -2.12774 0,-0.0854015 -2.14584 0,-0.0854015 -2.14584 -0.62992,-0.0523641 -2.15824 -0.62992,-0.0523641 -2.15824 0,-0.0176437 -2.16454 -0.62992,-0.0176437 -2.16454 0,0.0176437 -2.16454 -0.62992,0.0176437 -2.16454 0,0.0523641 -2.15824 0,0.0523641 -2.15824 -0.62992,0.0854015 -2.14584 -0.62992,0.0854015 -2.14584 0,0.115694 -2.12774 -0.62992,0.115694 -2.12774 0,0.142268 -2.10452 0,0.142268 -2.10452 -0.62992,0.164269 -2.07693 0,0.164269 -2.07693 -0.62992,0.180991 -2.04586 0,0.180991 -2.04586 -0.62992,0.191895 -2.0123 0,0.191895 -2.0123 -0.62992,0.196632 -1.97733 0,0.196632 -1.97733 -0.62992,0.195049 -1.94208 0,0.195049 -1.94208 -0.62992,0.187197 -1.90768 0,0.187197 -1.90768 -0.62992,0.173328 -1.87523 0,0.173328 -1.87523 -0.62992,0.153888 -1.84578 0,0.153888 -1.84578 -0.62992,0.129502 -1.82027 -0.62992,0.129502 -1.82027 0,0.100954 -1.79953 0,0.100954 -1.79953 -0.62992,0.0691612 -1.78422 0,0.0691612 -1.78422 -0.62992,0.0351454 -1.77483 0,0.0351454 -1.77483 -0.62992]
}}
appearance Appearance{material Material{diffuseColor 0.16 0.16 0.16
transparency 0}}}
Shape { geometry IndexedFaceSet 
{ creaseAngle 1.00 coordIndex [0,1,2,-1,3,0,2,-1,4,3,2,-1,5,6,1,-1,5,1,0,-1,7,3,4,-1,8,6,5,-1,9,7,4,-1,10,6,8,-1,11,7,9,-1,12,10,8,-1,13,11,9,-1,14,10,12,-1,15,11,13,-1,16,14,12,-1,17,15,13,-1,18,14,16,-1,19,15,17,-1,20,18,16,-1,21,19,17,-1,22,18,20,-1,23,19,21,-1,24,22,20,-1,25,23,21,-1,26,22,24,-1,27,23,25,-1,28,26,24,-1,29,27,25,-1,30,26,28,-1,31,27,29,-1,32,30,28,-1,33,31,29,-1,34,30,32,-1,35,31,33,-1,36,34,32,-1,37,35,33,-1,38,34,36,-1,39,35,37,-1,40,38,36,-1,41,39,37,-1,42,38,40,-1,43,39,41,-1,44,42,40,-1,45,43,41,-1,46,42,44,-1,47,43,45,-1,48,46,44,-1,49,47,45,-1,50,46,48,-1,51,47,49,-1,52,50,48,-1,53,51,49,-1,54,50,52,-1,55,51,53,-1,56,55,53,-1,57,52,58,-1,57,54,52,-1,59,55,56,-1,60,59,56,-1,61,58,62,-1,61,57,58,-1,63,59,60,-1,64,63,60,-1,65,61,62,-1,65,62,66,-1,67,63,64,-1,68,67,64,-1,68,69,67,-1,70,69,68,-1,70,66,69,-1,70,65,66,-1]
coord Coordinate { point [-0.142268 -2.10452 0,-0.153797 -2.09755 0,-0.129051 -2.1223 0,-0.115694 -2.12774 0,-0.100384 -2.14237 0,-0.164269 -2.07693 0,-0.17387 -2.06888 0,-0.0854015 -2.14584 0,-0.180991 -2.04586 0,-0.0686665 -2.15716 0,-0.18866 -2.03717 0,-0.0523641 -2.15824 0,-0.191895 -2.0123 0,-0.0348629 -2.16622 0,-0.197717 -2.00336 0,-0.0176437 -2.16454 0,-0.196632 -1.97733 0,-3.36642e-16 -2.16927 0,-0.200767 -1.9685 0,0.0176437 -2.16454 0,-0.195049 -1.94208 0,0.0348629 -2.16622 0,-0.197717 -1.93364 0,0.0523641 -2.15824 0,-0.187197 -1.90768 0,0.0686665 -2.15716 0,-0.18866 -1.89983 0,0.0854015 -2.14584 0,-0.173328 -1.87523 0,0.100384 -2.14237 0,-0.17387 -1.86812 0,0.115694 -2.12774 0,-0.153888 -1.84578 0,0.129051 -2.1223 0,-0.153797 -1.83945 0,0.142268 -2.10452 0,-0.129502 -1.82027 0,0.153797 -2.09755 0,-0.129051 -1.8147 0,0.164269 -2.07693 0,-0.100954 -1.79953 0,0.17387 -2.06888 0,-0.100384 -1.79463 0,0.180991 -2.04586 0,-0.0691612 -1.78422 0,0.18866 -2.03717 0,-0.0686665 -1.77984 0,0.191895 -2.0123 0,-0.0351454 -1.77483 0,0.197717 -2.00336 0,-0.0348629 -1.77078 0,0.196632 -1.97733 0,2.18526e-17 -1.77167 0,0.200767 -1.9685 0,4.45793e-17 -1.76773 0,0.195049 -1.94208 0,0.197717 -1.93364 0,0.0348629 -1.77078 0,0.0351454 -1.77483 0,0.187197 -1.90768 0,0.18866 -1.89983 0,0.0686665 -1.77984 0,0.0691612 -1.78422 0,0.173328 -1.87523 0,0.17387 -1.86812 0,0.100384 -1.79463 0,0.100954 -1.79953 0,0.153888 -1.84578 0,0.153797 -1.83945 0,0.129502 -1.82027 0,0.129051 -1.8147 0]
}}
appearance Appearance{material Material{diffuseColor 0.16 0.16 0.16
transparency 0}}}
Shape { geometry IndexedFaceSet 
{ creaseAngle 1.00 coordIndex [0,1,2,-1,1,3,2,-1,3,4,2,-1,5,6,0,-1,0,6,1,-1,3,7,4,-1,5,8,6,-1,7,9,4,-1,5,10,8,-1,7,11,9,-1,10,12,8,-1,11,13,9,-1,10,14,12,-1,11,15,13,-1,14,16,12,-1,15,17,13,-1,14,18,16,-1,15,19,17,-1,18,20,16,-1,19,21,17,-1,18,22,20,-1,19,23,21,-1,22,24,20,-1,23,25,21,-1,22,26,24,-1,23,27,25,-1,26,28,24,-1,27,29,25,-1,26,30,28,-1,27,31,29,-1,30,32,28,-1,31,33,29,-1,30,34,32,-1,31,35,33,-1,34,36,32,-1,35,37,33,-1,34,38,36,-1,35,39,37,-1,38,40,36,-1,39,41,37,-1,38,42,40,-1,39,43,41,-1,42,44,40,-1,43,45,41,-1,42,46,44,-1,43,47,45,-1,46,48,44,-1,47,49,45,-1,46,50,48,-1,47,51,49,-1,50,52,48,-1,51,53,49,-1,50,54,52,-1,51,55,53,-1,55,56,53,-1,52,57,58,-1,54,57,52,-1,55,59,56,-1,59,60,56,-1,58,61,62,-1,57,61,58,-1,59,63,60,-1,63,64,60,-1,61,65,62,-1,62,65,66,-1,63,67,64,-1,67,68,64,-1,69,68,67,-1,69,70,68,-1,66,70,69,-1,65,70,66,-1]
coord Coordinate { point [-0.153797 -2.09755 -0.62992,-0.142268 -2.10452 -0.62992,-0.129051 -2.1223 -0.62992,-0.115694 -2.12774 -0.62992,-0.100384 -2.14237 -0.62992,-0.17387 -2.06888 -0.62992,-0.164269 -2.07693 -0.62992,-0.0854015 -2.14584 -0.62992,-0.180991 -2.04586 -0.62992,-0.0686665 -2.15716 -0.62992,-0.18866 -2.03717 -0.62992,-0.0523641 -2.15824 -0.62992,-0.191895 -2.0123 -0.62992,-0.0348629 -2.16622 -0.62992,-0.197717 -2.00336 -0.62992,-0.0176437 -2.16454 -0.62992,-0.196632 -1.97733 -0.62992,-3.36642e-16 -2.16927 -0.62992,-0.200767 -1.9685 -0.62992,0.0176437 -2.16454 -0.62992,-0.195049 -1.94208 -0.62992,0.0348629 -2.16622 -0.62992,-0.197717 -1.93364 -0.62992,0.0523641 -2.15824 -0.62992,-0.187197 -1.90768 -0.62992,0.0686665 -2.15716 -0.62992,-0.18866 -1.89983 -0.62992,0.0854015 -2.14584 -0.62992,-0.173328 -1.87523 -0.62992,0.100384 -2.14237 -0.62992,-0.17387 -1.86812 -0.62992,0.115694 -2.12774 -0.62992,-0.153888 -1.84578 -0.62992,0.129051 -2.1223 -0.62992,-0.153797 -1.83945 -0.62992,0.142268 -2.10452 -0.62992,-0.129502 -1.82027 -0.62992,0.153797 -2.09755 -0.62992,-0.129051 -1.8147 -0.62992,0.164269 -2.07693 -0.62992,-0.100954 -1.79953 -0.62992,0.17387 -2.06888 -0.62992,-0.100384 -1.79463 -0.62992,0.180991 -2.04586 -0.62992,-0.0691612 -1.78422 -0.62992,0.18866 -2.03717 -0.62992,-0.0686665 -1.77984 -0.62992,0.191895 -2.0123 -0.62992,-0.0351454 -1.77483 -0.62992,0.197717 -2.00336 -0.62992,-0.0348629 -1.77078 -0.62992,0.196632 -1.97733 -0.62992,2.18526e-17 -1.77167 -0.62992,0.200767 -1.9685 -0.62992,4.45793e-17 -1.76773 -0.62992,0.195049 -1.94208 -0.62992,0.197717 -1.93364 -0.62992,0.0348629 -1.77078 -0.62992,0.0351454 -1.77483 -0.62992,0.187197 -1.90768 -0.62992,0.18866 -1.89983 -0.62992,0.0686665 -1.77984 -0.62992,0.0691612 -1.78422 -0.62992,0.173328 -1.87523 -0.62992,0.17387 -1.86812 -0.62992,0.100384 -1.79463 -0.62992,0.100954 -1.79953 -0.62992,0.153888 -1.84578 -0.62992,0.153797 -1.83945 -0.62992,0.129502 -1.82027 -0.62992,0.129051 -1.8147 -0.62992]
}}
appearance Appearance{material Material{diffuseColor 0.16 0.16 0.16
transparency 0}}}
Shape { geometry IndexedFaceSet 
{ creaseAngle 1.00 coordIndex [0,1,2,-1,2,1,3,-1]
coord Coordinate { point [3.49676e-16 -2.99999 0.624999,3.49676e-16 -2.99999 3.72499,3.49676e-16 1.1 0.624999,3.49676e-16 1.1 3.72499]
}}
appearance Appearance{material Material{diffuseColor 0.16 0.16 0.16
transparency 0}}}
Shape { geometry IndexedFaceSet 
{ creaseAngle 1.00 coordIndex [0,1,2,-1,2,1,3,-1]
coord Coordinate { point [4.39999 -2.99999 0.624999,4.39999 -2.99999 3.72499,3.49676e-16 -2.99999 0.624999,3.49676e-16 -2.99999 3.72499]
}}
appearance Appearance{material Material{diffuseColor 0.16 0.16 0.16
transparency 0}}}
Shape { geometry IndexedFaceSet 
{ creaseAngle 1.00 coordIndex [0,1,2,-1,3,2,1,-1,4,0,2,-1,5,2,3,-1,6,4,2,-1,7,2,5,-1,8,6,2,-1,9,2,7,-1,10,8,2,-1,11,2,9,-1,12,10,2,-1,13,2,11,-1,14,12,2,-1,15,2,13,-1,16,14,2,-1,17,2,15,-1,18,16,2,-1,19,2,17,-1,20,18,2,-1,21,2,19,-1,22,20,2,-1,23,2,21,-1,24,22,2,-1,25,2,23,-1,26,24,2,-1,27,2,25,-1,28,26,2,-1,29,2,27,-1,30,28,2,-1,31,2,29,-1,32,30,2,-1,33,34,35,-1,33,36,34,-1,33,37,36,-1,33,38,37,-1,33,39,38,-1,33,40,39,-1,33,41,40,-1,33,42,41,-1,33,43,42,-1,33,44,43,-1,33,45,44,-1,33,46,45,-1,33,47,46,-1,33,31,47,-1,33,2,31,-1,48,33,35,-1,49,33,48,-1,50,33,49,-1,51,52,32,-1,51,53,52,-1,51,54,53,-1,51,55,54,-1,51,56,55,-1,51,57,56,-1,51,58,57,-1,51,59,58,-1,51,60,59,-1,51,61,60,-1,51,62,61,-1,51,63,62,-1,51,64,63,-1,51,65,64,-1,51,66,65,-1,51,67,66,-1,51,68,67,-1,51,32,2,-1,69,33,50,-1,70,68,51,-1,71,33,69,-1,72,70,51,-1,73,33,71,-1,74,72,51,-1,75,33,73,-1,76,74,51,-1,77,33,75,-1,78,76,51,-1,79,33,77,-1,80,78,51,-1,81,33,79,-1,82,80,51,-1,83,33,81,-1,84,82,51,-1,85,33,83,-1,86,84,51,-1,87,33,85,-1,88,86,51,-1,89,33,87,-1,90,88,51,-1,91,33,89,-1,92,90,51,-1,93,33,91,-1,94,92,51,-1,95,94,51,-1,96,97,98,-1,96,99,97,-1,96,100,99,-1,96,101,100,-1,96,102,101,-1,96,103,102,-1,96,104,103,-1,96,105,104,-1,96,106,105,-1,96,107,106,-1,96,108,107,-1,96,109,108,-1,96,110,109,-1,96,111,110,-1,96,112,111,-1,96,113,112,-1,96,114,113,-1,96,115,114,-1,96,116,115,-1,96,117,116,-1,96,118,117,-1,96,119,118,-1,96,95,51,-1,96,120,119,-1,96,121,120,-1,96,122,121,-1,96,123,122,-1,96,124,123,-1,96,125,124,-1,96,126,95,-1,96,98,126,-1,96,33,127,-1,127,33,128,-1,128,33,93,-1,96,127,129,-1,96,129,125,-1]
coord Coordinate { point [1.31577 -1.90296 3.72499,1.26937 -1.8577 3.72499,0 -2.99999 3.72499,1.22528 -1.81019 3.72499,1.36437 -1.94585 3.72499,1.18362 -1.76053 3.72499,1.41505 -1.98627 3.72499,1.14448 -1.70886 3.72499,1.46768 -2.02411 3.72499,1.10796 -1.65531 3.72499,1.52213 -2.05927 3.72499,1.07416 -1.6 3.72499,1.57827 -2.09168 3.72499,1.04316 -1.54307 3.72499,1.63595 -2.12126 3.72499,1.01504 -1.48467 3.72499,1.69503 -2.14791 3.72499,0.989862 -1.42494 3.72499,1.75537 -2.1716 3.72499,0.967693 -1.36403 3.72499,1.81681 -2.19224 3.72499,0.948587 -1.30209 3.72499,1.87921 -2.2098 3.72499,0.932592 -1.23927 3.72499,1.94241 -2.22422 3.72499,0.919748 -1.17574 3.72499,2.00624 -2.23548 3.72499,0.910087 -1.11164 3.72499,2.07056 -2.24354 3.72499,0.903633 -1.04715 3.72499,2.1352 -2.24838 3.72499,0.900402 -0.982408 3.72499,2.2 -2.25 3.72499,0 1.1 3.72499,1.14448 -0.191133 3.72499,1.18362 -0.139463 3.72499,1.10796 -0.244689 3.72499,1.07416 -0.299999 3.72499,1.04316 -0.356925 3.72499,1.01504 -0.415326 3.72499,0.989862 -0.475056 3.72499,0.967693 -0.535966 3.72499,0.948587 -0.597906 3.72499,0.932592 -0.660721 3.72499,0.919748 -0.724256 3.72499,0.910087 -0.788352 3.72499,0.903633 -0.852849 3.72499,0.900402 -0.917588 3.72499,1.22528 -0.0898082 3.72499,1.26937 -0.0422921 3.72499,1.31577 0.00296743 3.72499,4.39999 -2.99999 3.72499,2.2648 -2.24838 3.72499,2.32943 -2.24354 3.72499,2.39375 -2.23548 3.72499,2.45759 -2.22422 3.72499,2.52078 -2.2098 3.72499,2.58318 -2.19224 3.72499,2.64462 -2.1716 3.72499,2.70496 -2.14791 3.72499,2.76404 -2.12126 3.72499,2.82172 -2.09168 3.72499,2.87786 -2.05927 3.72499,2.93231 -2.02411 3.72499,2.98494 -1.98627 3.72499,3.03562 -1.94585 3.72499,3.08422 -1.90296 3.72499,3.13062 -1.8577 3.72499,3.17471 -1.81019 3.72499,1.36437 0.0458577 3.72499,3.21637 -1.76053 3.72499,1.41505 0.0862721 3.72499,3.25551 -1.70886 3.72499,1.46768 0.12411 3.72499,3.29203 -1.65531 3.72499,1.52213 0.159278 3.72499,3.32583 -1.6 3.72499,1.57827 0.191688 3.72499,3.35683 -1.54307 3.72499,1.63595 0.221259 3.72499,3.38495 -1.48467 3.72499,1.69503 0.247919 3.72499,3.41013 -1.42494 3.72499,1.75537 0.2716 3.72499,3.4323 -1.36403 3.72499,1.81681 0.292244 3.72499,3.4514 -1.30209 3.72499,1.87921 0.3098 3.72499,3.4674 -1.23927 3.72499,1.94241 0.324224 3.72499,3.48024 -1.17574 3.72499,2.00624 0.335479 3.72499,3.4899 -1.11164 3.72499,2.07056 0.343539 3.72499,3.49636 -1.04715 3.72499,3.49959 -0.982408 3.72499,4.39999 1.1 3.72499,3.4899 -0.788352 3.72499,3.49636 -0.852849 3.72499,3.48024 -0.724256 3.72499,3.4674 -0.660721 3.72499,3.4514 -0.597906 3.72499,3.4323 -0.535966 3.72499,3.41013 -0.475056 3.72499,3.38495 -0.415326 3.72499,3.35683 -0.356925 3.72499,3.32583 -0.299999 3.72499,3.29203 -0.244689 3.72499,3.25551 -0.191133 3.72499,3.21637 -0.139463 3.72499,3.17471 -0.0898082 3.72499,3.13062 -0.0422921 3.72499,3.08422 0.00296743 3.72499,3.03562 0.0458577 3.72499,2.98494 0.0862721 3.72499,2.93231 0.12411 3.72499,2.87786 0.159278 3.72499,2.82172 0.191688 3.72499,2.76404 0.221259 3.72499,2.70496 0.247919 3.72499,2.64462 0.2716 3.72499,2.58318 0.292244 3.72499,2.52078 0.3098 3.72499,2.45759 0.324224 3.72499,2.39375 0.335479 3.72499,2.32943 0.343539 3.72499,3.49959 -0.917588 3.72499,2.2 0.349999 3.72499,2.1352 0.348383 3.72499,2.2648 0.348383 3.72499]
}}
appearance Appearance{material Material{diffuseColor 0.16 0.16 0.16
transparency 0}}}
Shape { geometry IndexedFaceSet 
{ creaseAngle 1.00 coordIndex [0,1,2,-1,0,2,3,-1]
coord Coordinate { point [4.39999 1.1 3.72499,4.39999 1.1 0.624999,3.49676e-16 1.1 0.624999,3.49676e-16 1.1 3.72499]
}}
appearance Appearance{material Material{diffuseColor 0.16 0.16 0.16
transparency 0}}}
Shape { geometry IndexedFaceSet 
{ creaseAngle 1.00 coordIndex [0,1,2,-1,2,1,3,-1]
coord Coordinate { point [3.49676e-16 1.1 0.624999,4.39999 1.1 0.624999,3.49676e-16 -2.99999 0.624999,4.39999 -2.99999 0.624999]
}}
appearance Appearance{material Material{diffuseColor 0.16 0.16 0.16
transparency 0}}}
Shape { geometry IndexedFaceSet 
{ creaseAngle 1.00 coordIndex [0,1,2,-1,0,2,3,-1]
coord Coordinate { point [4.39999 -2.99999 3.72499,4.39999 -2.99999 0.624999,4.39999 1.1 0.624999,4.39999 1.1 3.72499]
}}
appearance Appearance{material Material{diffuseColor 0.16 0.16 0.16
transparency 0}}}
Shape { geometry IndexedFaceSet 
{ creaseAngle 1.00 coordIndex [0,1,2,-1,2,1,3,-1,3,4,5,-1,1,4,3,-1,5,6,7,-1,4,6,5,-1,7,8,9,-1,6,8,7,-1,9,10,11,-1,11,10,12,-1,8,10,9,-1,12,13,14,-1,10,13,12,-1,14,15,16,-1,13,15,14,-1,15,17,16,-1,16,18,19,-1,17,18,16,-1,19,20,21,-1,18,20,19,-1,20,22,21,-1,21,22,23,-1,22,24,23,-1,23,24,25,-1,24,26,25,-1,25,26,27,-1,26,28,27,-1,27,28,29,-1,29,28,30,-1,28,31,30,-1,31,32,30,-1,30,32,33,-1,33,34,35,-1,32,34,33,-1,35,36,37,-1,34,36,35,-1,37,38,39,-1,36,38,37,-1,39,40,41,-1,38,40,39,-1,41,42,43,-1,40,42,41,-1,43,44,45,-1,42,44,43,-1,45,46,47,-1,47,46,48,-1,44,46,45,-1,46,49,48,-1,48,50,51,-1,49,50,48,-1,51,52,53,-1,50,52,51,-1,53,54,55,-1,52,54,53,-1,55,56,57,-1,54,56,55,-1,57,58,59,-1,56,58,57,-1,59,60,61,-1,58,60,59,-1,61,62,63,-1,60,62,61,-1,63,64,65,-1,62,64,63,-1,65,66,67,-1,64,66,65,-1,67,68,69,-1,66,68,67,-1,69,70,71,-1,68,70,69,-1,71,72,73,-1,73,72,74,-1,70,72,71,-1,72,75,74,-1,75,76,74,-1,74,76,77,-1,77,76,78,-1,76,79,78,-1,79,80,78,-1,78,80,81,-1,80,82,81,-1,81,82,83,-1,83,82,84,-1,82,85,84,-1,84,85,86,-1,85,87,86,-1,87,88,86,-1,86,88,89,-1,89,88,90,-1,88,91,90,-1,90,91,92,-1,91,93,92,-1,92,93,94,-1,93,95,94,-1,94,96,97,-1,95,96,94,-1,97,96,98,-1,96,99,98,-1,99,100,98,-1,98,100,101,-1,101,102,103,-1,100,102,101,-1,103,104,105,-1,105,104,106,-1,102,104,103,-1,104,107,106,-1,106,108,109,-1,107,108,106,-1,109,110,111,-1,111,110,112,-1,108,110,109,-1,112,113,114,-1,110,113,112,-1,113,115,114,-1,114,116,117,-1,115,116,114,-1,117,118,119,-1,116,118,117,-1,119,120,121,-1,118,120,119,-1,121,122,123,-1,120,122,121,-1,122,124,123,-1,123,124,125,-1,124,126,125,-1,125,126,127,-1,126,128,127,-1,127,128,129,-1,128,130,129,-1,129,130,131,-1,130,132,131,-1,131,132,133,-1,132,134,133,-1,133,134,135,-1,134,136,135,-1,135,136,137,-1,137,136,138,-1,136,139,138,-1,139,140,138,-1,138,140,141,-1,140,142,141,-1,141,142,143,-1,142,144,143,-1,143,144,145,-1,144,146,145,-1,145,146,147,-1,146,148,147,-1,147,148,149,-1,149,148,150,-1,148,151,150,-1,151,152,150,-1,150,152,153,-1,152,154,153,-1,153,154,155,-1,155,154,156,-1,154,157,156,-1,157,158,156,-1,156,158,159,-1,159,158,160,-1,158,161,160,-1,161,162,160,-1,160,162,163,-1,162,164,163,-1,163,164,165,-1,165,164,166,-1,164,167,166,-1,166,168,169,-1,169,168,170,-1,167,168,166,-1,168,171,170,-1,170,172,173,-1,173,172,174,-1,171,172,170,-1,172,175,174,-1,175,176,174,-1,174,176,177,-1,176,178,177,-1,177,178,179,-1,179,178,180,-1,178,181,180,-1,181,182,180,-1,180,182,183,-1,182,184,183,-1,183,184,185,-1,185,184,186,-1,184,187,186,-1,187,188,186,-1,186,188,189,-1,189,188,190,-1,188,191,190,-1,191,192,190,-1,190,192,193,-1,193,192,194,-1,192,195,194,-1,194,195,196,-1,195,197,196,-1,196,197,198,-1,197,199,198,-1,198,200,201,-1,201,200,202,-1,199,200,198,-1,200,203,202,-1,202,204,205,-1,203,204,202,-1,205,206,207,-1,207,206,208,-1,204,206,205,-1,206,209,208,-1,208,210,211,-1,209,210,208,-1,211,212,213,-1,213,212,214,-1,210,212,211,-1,212,215,214,-1,214,216,217,-1,215,216,214,-1,217,218,219,-1,219,218,220,-1,216,218,217,-1,220,221,222,-1,218,221,220,-1,222,223,224,-1,221,223,222,-1,223,225,224,-1,224,225,226,-1,225,227,226,-1,226,227,228,-1,227,229,228,-1,229,230,228,-1,228,230,231,-1,230,232,231,-1,231,232,233,-1,233,234,235,-1,232,234,233,-1,235,236,237,-1,234,236,235,-1,237,238,239,-1,236,238,237,-1,239,240,241,-1,241,240,242,-1,238,240,239,-1,240,243,242,-1,242,244,245,-1,245,244,246,-1,243,244,242,-1,244,247,246,-1,246,248,249,-1,247,248,246,-1,249,250,251,-1,248,250,249,-1,251,0,2,-1,250,0,251,-1]
coord Coordinate { point [2.2 0.349999 3.72499,2.1352 0.348383 3.72499,2.2 0.349999 8.72498,2.1352 0.348383 8.72498,2.07056 0.343539 3.72499,2.07056 0.343539 8.72498,2.00624 0.335479 3.72499,2.00624 0.335479 8.72498,1.94241 0.324224 3.72499,1.94241 0.324224 8.72498,1.87921 0.3098 3.72499,1.87921 0.3098 8.72498,1.81681 0.292244 8.72498,1.81681 0.292244 3.72499,1.75537 0.2716 8.72498,1.75537 0.2716 3.72499,1.69503 0.247919 8.72498,1.69503 0.247919 3.72499,1.63595 0.221259 3.72499,1.63595 0.221259 8.72498,1.57827 0.191688 3.72499,1.57827 0.191688 8.72498,1.52213 0.159278 3.72499,1.52213 0.159278 8.72498,1.46768 0.12411 3.72499,1.46768 0.12411 8.72498,1.41505 0.0862721 3.72499,1.41505 0.0862721 8.72498,1.36437 0.0458577 3.72499,1.36437 0.0458577 8.72498,1.31577 0.00296743 8.72498,1.31577 0.00296743 3.72499,1.26937 -0.0422921 3.72499,1.26937 -0.0422921 8.72498,1.22528 -0.0898082 3.72499,1.22528 -0.0898082 8.72498,1.18362 -0.139463 3.72499,1.18362 -0.139463 8.72498,1.14448 -0.191133 3.72499,1.14448 -0.191133 8.72498,1.10796 -0.244689 3.72499,1.10796 -0.244689 8.72498,1.07416 -0.299999 3.72499,1.07416 -0.299999 8.72498,1.04316 -0.356925 3.72499,1.04316 -0.356925 8.72498,1.01504 -0.415326 3.72499,1.01504 -0.415326 8.72498,0.989862 -0.475056 8.72498,0.989862 -0.475056 3.72499,0.967693 -0.535966 3.72499,0.967693 -0.535966 8.72498,0.948587 -0.597906 3.72499,0.948587 -0.597906 8.72498,0.932592 -0.660721 3.72499,0.932592 -0.660721 8.72498,0.919748 -0.724256 3.72499,0.919748 -0.724256 8.72498,0.910087 -0.788352 3.72499,0.910087 -0.788352 8.72498,0.903633 -0.852849 3.72499,0.903633 -0.852849 8.72498,0.900402 -0.917588 3.72499,0.900402 -0.917588 8.72498,0.900402 -0.982408 3.72499,0.900402 -0.982408 8.72498,0.903633 -1.04715 3.72499,0.903633 -1.04715 8.72498,0.910087 -1.11164 3.72499,0.910087 -1.11164 8.72498,0.919748 -1.17574 3.72499,0.919748 -1.17574 8.72498,0.932592 -1.23927 3.72499,0.932592 -1.23927 8.72498,0.948587 -1.30209 8.72498,0.948587 -1.30209 3.72499,0.967693 -1.36403 3.72499,0.967693 -1.36403 8.72498,0.989862 -1.42494 8.72498,0.989862 -1.42494 3.72499,1.01504 -1.48467 3.72499,1.01504 -1.48467 8.72498,1.04316 -1.54307 3.72499,1.04316 -1.54307 8.72498,1.07416 -1.6 8.72498,1.07416 -1.6 3.72499,1.10796 -1.65531 8.72498,1.10796 -1.65531 3.72499,1.14448 -1.70886 3.72499,1.14448 -1.70886 8.72498,1.18362 -1.76053 8.72498,1.18362 -1.76053 3.72499,1.22528 -1.81019 8.72498,1.22528 -1.81019 3.72499,1.26937 -1.8577 8.72498,1.26937 -1.8577 3.72499,1.31577 -1.90296 3.72499,1.31577 -1.90296 8.72498,1.36437 -1.94585 8.72498,1.36437 -1.94585 3.72499,1.41505 -1.98627 3.72499,1.41505 -1.98627 8.72498,1.46768 -2.02411 3.72499,1.46768 -2.02411 8.72498,1.52213 -2.05927 3.72499,1.52213 -2.05927 8.72498,1.57827 -2.09168 8.72498,1.57827 -2.09168 3.72499,1.63595 -2.12126 3.72499,1.63595 -2.12126 8.72498,1.69503 -2.14791 3.72499,1.69503 -2.14791 8.72498,1.75537 -2.1716 8.72498,1.75537 -2.1716 3.72499,1.81681 -2.19224 8.72498,1.81681 -2.19224 3.72499,1.87921 -2.2098 3.72499,1.87921 -2.2098 8.72498,1.94241 -2.22422 3.72499,1.94241 -2.22422 8.72498,2.00624 -2.23548 3.72499,2.00624 -2.23548 8.72498,2.07056 -2.24354 3.72499,2.07056 -2.24354 8.72498,2.1352 -2.24838 3.72499,2.1352 -2.24838 8.72498,2.2 -2.25 3.72499,2.2 -2.25 8.72498,2.2648 -2.24838 3.72499,2.2648 -2.24838 8.72498,2.32943 -2.24354 3.72499,2.32943 -2.24354 8.72498,2.39375 -2.23548 3.72499,2.39375 -2.23548 8.72498,2.45759 -2.22422 3.72499,2.45759 -2.22422 8.72498,2.52078 -2.2098 3.72499,2.52078 -2.2098 8.72498,2.58318 -2.19224 8.72498,2.58318 -2.19224 3.72499,2.64462 -2.1716 3.72499,2.64462 -2.1716 8.72498,2.70496 -2.14791 3.72499,2.70496 -2.14791 8.72498,2.76404 -2.12126 3.72499,2.76404 -2.12126 8.72498,2.82172 -2.09168 3.72499,2.82172 -2.09168 8.72498,2.87786 -2.05927 3.72499,2.87786 -2.05927 8.72498,2.93231 -2.02411 8.72498,2.93231 -2.02411 3.72499,2.98494 -1.98627 3.72499,2.98494 -1.98627 8.72498,3.03562 -1.94585 3.72499,3.03562 -1.94585 8.72498,3.08422 -1.90296 8.72498,3.08422 -1.90296 3.72499,3.13062 -1.8577 3.72499,3.13062 -1.8577 8.72498,3.17471 -1.81019 8.72498,3.17471 -1.81019 3.72499,3.21637 -1.76053 3.72499,3.21637 -1.76053 8.72498,3.25551 -1.70886 3.72499,3.25551 -1.70886 8.72498,3.29203 -1.65531 8.72498,3.29203 -1.65531 3.72499,3.32583 -1.6 3.72499,3.32583 -1.6 8.72498,3.35683 -1.54307 8.72498,3.35683 -1.54307 3.72499,3.38495 -1.48467 3.72499,3.38495 -1.48467 8.72498,3.41013 -1.42494 8.72498,3.41013 -1.42494 3.72499,3.4323 -1.36403 3.72499,3.4323 -1.36403 8.72498,3.4514 -1.30209 3.72499,3.4514 -1.30209 8.72498,3.4674 -1.23927 8.72498,3.4674 -1.23927 3.72499,3.48024 -1.17574 3.72499,3.48024 -1.17574 8.72498,3.4899 -1.11164 3.72499,3.4899 -1.11164 8.72498,3.49636 -1.04715 8.72498,3.49636 -1.04715 3.72499,3.49959 -0.982408 3.72499,3.49959 -0.982408 8.72498,3.49959 -0.917588 8.72498,3.49959 -0.917588 3.72499,3.49636 -0.852849 3.72499,3.49636 -0.852849 8.72498,3.4899 -0.788352 8.72498,3.4899 -0.788352 3.72499,3.48024 -0.724256 8.72498,3.48024 -0.724256 3.72499,3.4674 -0.660721 8.72498,3.4674 -0.660721 3.72499,3.4514 -0.597906 3.72499,3.4514 -0.597906 8.72498,3.4323 -0.535966 8.72498,3.4323 -0.535966 3.72499,3.41013 -0.475056 3.72499,3.41013 -0.475056 8.72498,3.38495 -0.415326 3.72499,3.38495 -0.415326 8.72498,3.35683 -0.356925 8.72498,3.35683 -0.356925 3.72499,3.32583 -0.299999 3.72499,3.32583 -0.299999 8.72498,3.29203 -0.244689 3.72499,3.29203 -0.244689 8.72498,3.25551 -0.191133 8.72498,3.25551 -0.191133 3.72499,3.21637 -0.139463 3.72499,3.21637 -0.139463 8.72498,3.17471 -0.0898082 3.72499,3.17471 -0.0898082 8.72498,3.13062 -0.0422921 8.72498,3.13062 -0.0422921 3.72499,3.08422 0.00296743 8.72498,3.08422 0.00296743 3.72499,3.03562 0.0458577 8.72498,3.03562 0.0458577 3.72499,2.98494 0.0862721 8.72498,2.98494 0.0862721 3.72499,2.93231 0.12411 8.72498,2.93231 0.12411 3.72499,2.87786 0.159278 3.72499,2.87786 0.159278 8.72498,2.82172 0.191688 3.72499,2.82172 0.191688 8.72498,2.76404 0.221259 3.72499,2.76404 0.221259 8.72498,2.70496 0.247919 3.72499,2.70496 0.247919 8.72498,2.64462 0.2716 3.72499,2.64462 0.2716 8.72498,2.58318 0.292244 3.72499,2.58318 0.292244 8.72498,2.52078 0.3098 8.72498,2.52078 0.3098 3.72499,2.45759 0.324224 3.72499,2.45759 0.324224 8.72498,2.39375 0.335479 8.72498,2.39375 0.335479 3.72499,2.32943 0.343539 3.72499,2.32943 0.343539 8.72498,2.2648 0.348383 3.72499,2.2648 0.348383 8.72498]
}}
appearance Appearance{material Material{diffuseColor 0.16 0.16 0.16
transparency 0}}}
Shape { geometry IndexedFaceSet 
{ creaseAngle 1.00 coordIndex [0,1,2,-1,0,2,3,-1,0,3,4,-1,0,4,5,-1,6,7,8,-1,9,7,6,-1,10,7,9,-1,11,12,13,-1,11,13,14,-1,11,14,15,-1,11,15,16,-1,11,16,0,-1,17,10,18,-1,19,20,11,-1,21,19,11,-1,21,22,19,-1,23,7,10,-1,23,10,17,-1,23,17,24,-1,23,24,25,-1,23,25,26,-1,27,28,21,-1,29,7,23,-1,29,30,7,-1,29,23,31,-1,32,0,5,-1,32,11,0,-1,32,33,34,-1,32,34,27,-1,32,21,11,-1,32,5,35,-1,32,27,21,-1,36,37,38,-1,39,37,36,-1,40,41,32,-1,40,35,30,-1,40,32,35,-1,42,40,30,-1,43,37,39,-1,43,39,44,-1,45,43,46,-1,45,37,43,-1,47,37,45,-1,47,29,37,-1,48,49,50,-1,48,50,51,-1,52,48,51,-1,53,47,54,-1,55,47,53,-1,56,52,51,-1,56,57,52,-1,56,51,42,-1,58,47,55,-1,59,56,42,-1,60,59,42,-1,61,58,62,-1,61,62,63,-1,61,47,58,-1,64,65,60,-1,66,47,61,-1,67,68,69,-1,70,66,71,-1,70,71,72,-1,70,72,73,-1,70,47,66,-1,74,67,69,-1,74,75,67,-1,76,70,77,-1,76,77,78,-1,79,70,76,-1,80,81,82,-1,80,82,74,-1,80,69,83,-1,80,74,69,-1,84,47,70,-1,84,70,79,-1,85,86,80,-1,85,83,64,-1,85,80,83,-1,87,84,88,-1,89,84,87,-1,90,91,85,-1,92,90,85,-1,93,84,89,-1,93,89,94,-1,95,84,93,-1,96,84,95,-1,97,98,99,-1,100,92,85,-1,100,97,99,-1,100,101,97,-1,100,99,92,-1,102,96,103,-1,102,103,104,-1,102,104,105,-1,106,42,30,-1,106,29,47,-1,106,96,102,-1,106,60,42,-1,106,64,60,-1,106,84,96,-1,106,47,84,-1,106,30,29,-1,107,108,109,-1,107,109,110,-1,107,110,100,-1,111,106,112,-1,111,112,113,-1,114,115,107,-1,116,111,117,-1,116,106,111,-1,118,119,114,-1,118,107,100,-1,118,114,107,-1,120,106,116,-1,121,106,120,-1,122,85,64,-1,122,121,123,-1,122,124,125,-1,122,125,118,-1,122,64,106,-1,122,100,85,-1,122,118,100,-1,122,106,121,-1]
coord Coordinate { point [2.93231 -2.02411 8.72498,2.98494 -1.98627 8.72498,3.03562 -1.94585 8.72498,3.08422 -1.90296 8.72498,3.13062 -1.8577 8.72498,3.17471 -1.81019 8.72498,3.35683 -1.54307 8.72498,3.29203 -1.65531 8.72498,3.32583 -1.6 8.72498,3.38495 -1.48467 8.72498,3.41013 -1.42494 8.72498,2.58318 -2.19224 8.72498,2.64462 -2.1716 8.72498,2.70496 -2.14791 8.72498,2.76404 -2.12126 8.72498,2.82172 -2.09168 8.72498,2.87786 -2.05927 8.72498,3.4514 -1.30209 8.72498,3.4323 -1.36403 8.72498,2.45759 -2.22422 8.72498,2.52078 -2.2098 8.72498,2.32943 -2.24354 8.72498,2.39375 -2.23548 8.72498,3.49636 -1.04715 8.72498,3.4674 -1.23927 8.72498,3.48024 -1.17574 8.72498,3.4899 -1.11164 8.72498,2.2 -2.25 8.72498,2.2648 -2.24838 8.72498,3.49959 -0.917588 8.72498,3.25551 -1.70886 8.72498,3.49959 -0.982408 8.72498,2.00624 -2.23548 8.72498,2.07056 -2.24354 8.72498,2.1352 -2.24838 8.72498,3.21637 -1.76053 8.72498,3.48024 -0.724256 8.72498,3.49636 -0.852849 8.72498,3.4899 -0.788352 8.72498,3.4674 -0.660721 8.72498,1.87921 -2.2098 8.72498,1.94241 -2.22422 8.72498,1.81681 -2.19224 8.72498,3.4323 -0.535966 8.72498,3.4514 -0.597906 8.72498,3.38495 -0.415326 8.72498,3.41013 -0.475056 8.72498,3.35683 -0.356925 8.72498,1.57827 -2.09168 8.72498,1.63595 -2.12126 8.72498,1.69503 -2.14791 8.72498,1.75537 -2.1716 8.72498,1.52213 -2.05927 8.72498,3.29203 -0.244689 8.72498,3.32583 -0.299999 8.72498,3.25551 -0.191133 8.72498,1.41505 -1.98627 8.72498,1.46768 -2.02411 8.72498,3.21637 -0.139463 8.72498,1.36437 -1.94585 8.72498,1.31577 -1.90296 8.72498,3.08422 0.00296743 8.72498,3.17471 -0.0898082 8.72498,3.13062 -0.0422921 8.72498,1.22528 -1.81019 8.72498,1.26937 -1.8577 8.72498,3.03562 0.0458577 8.72498,1.07416 -1.6 8.72498,1.10796 -1.65531 8.72498,1.14448 -1.70886 8.72498,2.82172 0.191688 8.72498,2.98494 0.0862721 8.72498,2.93231 0.12411 8.72498,2.87786 0.159278 8.72498,1.01504 -1.48467 8.72498,1.04316 -1.54307 8.72498,2.64462 0.2716 8.72498,2.76404 0.221259 8.72498,2.70496 0.247919 8.72498,2.58318 0.292244 8.72498,0.948587 -1.30209 8.72498,0.967693 -1.36403 8.72498,0.989862 -1.42494 8.72498,1.18362 -1.76053 8.72498,2.52078 0.3098 8.72498,0.919748 -1.17574 8.72498,0.932592 -1.23927 8.72498,2.39375 0.335479 8.72498,2.45759 0.324224 8.72498,2.32943 0.343539 8.72498,0.903633 -1.04715 8.72498,0.910087 -1.11164 8.72498,0.900402 -0.982408 8.72498,2.2 0.349999 8.72498,2.2648 0.348383 8.72498,2.1352 0.348383 8.72498,2.07056 0.343539 8.72498,0.910087 -0.788352 8.72498,0.903633 -0.852849 8.72498,0.900402 -0.917588 8.72498,0.932592 -0.660721 8.72498,0.919748 -0.724256 8.72498,1.81681 0.292244 8.72498,2.00624 0.335479 8.72498,1.94241 0.324224 8.72498,1.87921 0.3098 8.72498,1.75537 0.2716 8.72498,1.01504 -0.415326 8.72498,0.989862 -0.475056 8.72498,0.967693 -0.535966 8.72498,0.948587 -0.597906 8.72498,1.57827 0.191688 8.72498,1.69503 0.247919 8.72498,1.63595 0.221259 8.72498,1.07416 -0.299999 8.72498,1.04316 -0.356925 8.72498,1.46768 0.12411 8.72498,1.52213 0.159278 8.72498,1.14448 -0.191133 8.72498,1.10796 -0.244689 8.72498,1.41505 0.0862721 8.72498,1.36437 0.0458577 8.72498,1.26937 -0.0422921 8.72498,1.31577 0.00296743 8.72498,1.22528 -0.0898082 8.72498,1.18362 -0.139463 8.72498]
}}
appearance Appearance{material Material{diffuseColor 0.16 0.16 0.16
transparency 0}}}
